person_income,loan_amnt,loan_int_rate,loan_percent_income,cb_person_cred_hist_length,loan_status
9600,1000,11.14,0.1,2,0
9900,2500,7.14,0.25,2,1
10000,1600,14.74,0.16,3,1
10800,1750,10.99,0.16,2,1
10980,1500,7.29,0.14,3,0
11000,1400,9.32,0.13,3,0
11389,4000,12.84,0.35,2,1
11520,2000,11.12,0.17,3,1
12000,2500,7.51,0.21,4,1
12000,2500,12.69,0.21,3,1
12000,1500,14.84,0.13,3,0
12000,3000,13.61,0.25,3,1
88000,28000,9.91,0.32,3,1
12000,4200,13.48,0.35,4,1
83004,28000,15.99,0.34,4,1
100000,28000,12.69,0.28,3,0
12000,3250,15.68,0.27,3,1
70000,27500,13.06,0.39,3,1
73200,27050,15.62,0.37,2,1
83000,27000,13.49,0.33,2,1
62500,26000,11.71,0.42,2,1
120000,25600,12.69,0.21,3,0
12360,1600,13.57,0.13,3,0
60000,25475,10.99,0.42,3,1
234000,20000,14.27,0.09,4,0
234000,20000,8.88,0.09,4,0
221004,11900,14.42,0.05,3,1
83000,25300,10.99,0.3,3,1
12600,2000,5.42,0.16,4,1
12600,1750,13.61,0.14,3,0
12816,3000,12.87,0.23,4,1
12960,3650,9.91,0.28,3,1
226000,20000,11.49,0.09,4,0
12960,4500,11.83,0.35,4,1
12996,2400,13.49,0.18,2,1
12996,3600,14.59,0.28,3,1
225000,3000,9.32,0.01,4,0
225000,7500,8.63,0.03,2,0
50000,25000,11.83,0.5,4,1
50004,25000,12.23,0.5,3,1
52000,25000,11.11,0.48,4,1
13200,4950,7.9,0.38,4,1
216000,21000,8.9,0.1,3,0
216000,20000,14.22,0.09,2,0
215000,12000,7.88,0.06,2,0
52000,25000,13.22,0.48,2,1
53000,25000,13.43,0.47,4,1
13200,1400,9.25,0.11,4,0
13200,4500,12.98,0.34,4,1
210000,16000,10.62,0.08,4,0
210000,22000,11.83,0.1,4,0
55000,25000,11.36,0.45,3,1
55000,25000,15.65,0.45,3,1
55164,25000,13.22,0.45,4,1
56000,25000,12.87,0.45,2,1
203500,20000,13.04,0.1,3,0
60000,25000,10.99,0.42,3,1
60000,25000,11.11,0.42,3,1
54000,25000,14.83,0.46,2,1
200000,12000,12.69,0.06,2,0
200000,12000,13.49,0.06,2,0
200000,16000,14.65,0.08,4,0
54000,25000,16.82,0.46,4,1
60000,25000,12.73,0.42,3,1
60000,25000,10.25,0.42,4,1
60000,25000,10.99,0.42,4,1
61959,25000,12.73,0.4,2,1
56400,25000,14.96,0.44,3,1
200000,15000,14.79,0.07,3,0
200000,15500,11.99,0.08,2,0
200000,10000,8.49,0.05,4,0
66000,25000,9.91,0.38,2,1
66000,25000,13.06,0.38,3,1
200000,9000,6.17,0.04,4,0
200000,6000,11.86,0.03,2,0
200000,18000,16.32,0.09,3,0
200000,12000,10.38,0.06,2,0
200000,23050,14.35,0.12,3,0
66996,25000,15.21,0.37,2,1
67000,25000,7.9,0.37,4,1
67000,25000,10.99,0.37,3,1
68000,25000,14.09,0.37,3,1
69000,25000,17.49,0.36,2,1
200000,12000,11.48,0.06,3,0
200000,3000,13.92,0.01,3,0
69996,25000,15.21,0.36,3,1
14400,4000,10.99,0.28,3,1
70000,25000,11.86,0.36,4,1
56100,25000,16.49,0.38,4,1
66000,25000,15.33,0.38,2,1
66000,25000,11.58,0.38,4,1
72612,25000,13.11,0.34,2,1
74000,25000,10.36,0.34,3,1
75000,25000,10.36,0.33,2,1
192000,20000,6.54,0.1,4,0
191000,10000,12.53,0.05,4,0
75000,25000,10.25,0.33,4,1
71000,25000,15.95,0.35,4,1
190000,20000,12.18,0.11,4,0
189996,24000,11.83,0.13,3,0
78000,25000,10.62,0.32,3,1
78504,25000,10.74,0.32,3,1
186000,10000,10.25,0.05,4,0
185000,15000,15.27,0.08,2,0
62050,25000,15.33,0.34,2,1
79416,25000,15.21,0.31,2,1
79631,25000,15.7,0.31,2,1
79632,25000,13.35,0.31,4,1
80000,25000,6.62,0.31,2,1
80000,25000,13.61,0.31,4,1
185000,5000,7.68,0.03,2,0
184992,22000,14.46,0.12,4,0
184000,2500,11.83,0.01,2,0
172000,20000,13.47,0.12,4,1
183000,20000,11.49,0.11,3,0
182952,15000,6.03,0.08,3,0
74004,25000,16.35,0.34,4,1
81000,25000,7.29,0.31,3,1
81600,25000,11.36,0.31,3,1
82000,25000,10.25,0.3,2,0
83000,25000,11.12,0.3,3,0
83000,25000,12.92,0.3,3,0
180000,18000,18.64,0.1,4,0
14400,4000,16.7,0.28,2,1
14400,2100,11.14,0.15,4,0
84500,25000,18.3,0.3,4,0
85000,25000,10.62,0.29,4,0
180000,14000,11.99,0.08,2,0
180000,12000,9.63,0.07,4,0
142800,10000,18.25,0.06,4,1
87000,25000,14.84,0.29,3,0
75000,25000,14.7,0.33,3,1
76000,25000,16.02,0.33,4,1
66215,25000,15.37,0.32,2,1
90000,25000,10.99,0.28,4,0
180000,25000,10.99,0.14,4,0
180000,21000,11.48,0.12,3,0
180000,20000,14.26,0.11,4,0
180000,10000,8.0,0.06,4,0
180000,9950,11.26,0.06,2,0
78000,25000,16.32,0.32,3,1
66300,25000,17.93,0.32,4,1
90000,25000,11.36,0.28,3,0
79000,25000,14.96,0.32,4,1
91800,25000,13.43,0.27,3,0
92000,25000,12.69,0.27,3,0
92000,25000,12.73,0.27,4,0
93600,25000,15.21,0.27,4,0
15000,1750,12.68,0.12,3,0
83800,25000,15.95,0.3,3,1
175000,2600,8.9,0.01,4,0
175000,8000,7.9,0.05,2,0
175000,21000,11.99,0.12,3,0
15000,4000,13.98,0.27,4,1
15000,4600,10.99,0.31,2,1
88000,25000,15.58,0.28,2,1
74800,25000,10.99,0.28,2,1
88000,25000,14.96,0.28,4,1
15000,1750,15.31,0.12,4,0
88000,25000,15.65,0.28,3,1
100000,25000,9.33,0.25,4,0
15000,3600,13.47,0.24,4,1
102400,25000,10.36,0.24,3,0
92000,25000,16.77,0.27,4,1
93000,25000,14.59,0.27,2,1
175000,3500,11.91,0.02,2,0
175000,7200,8.38,0.04,3,0
174708,9000,10.59,0.05,3,0
174000,8800,14.27,0.05,3,0
174000,12000,12.53,0.07,4,0
173467,10000,11.71,0.06,4,0
15000,3175,11.54,0.21,3,1
96000,25000,15.68,0.26,4,1
15120,1500,10.59,0.1,2,0
97908,25000,12.61,0.26,2,1
15204,2800,8.49,0.18,3,1
171500,18000,8.9,0.1,4,0
170004,10000,11.11,0.06,4,0
170000,13000,12.42,0.08,3,0
110000,25000,15.7,0.23,2,0
15360,2500,12.53,0.16,3,1
134300,5000,16.49,0.03,2,1
170000,20000,7.49,0.12,2,0
100580,25000,14.96,0.25,2,1
113000,25000,12.73,0.22,4,0
120000,25000,10.65,0.21,4,0
120000,25000,10.74,0.21,2,0
120000,25000,9.99,0.21,2,0
91800,25000,15.33,0.23,2,1
15600,1000,7.29,0.06,4,0
108000,25000,15.05,0.23,3,1
129996,25000,10.75,0.19,3,0
130000,25000,11.49,0.19,4,0
170000,20000,12.53,0.12,4,0
170000,12000,13.57,0.07,2,0
169000,14000,11.14,0.08,3,0
168750,24250,12.87,0.14,3,0
168600,20000,11.58,0.12,3,0
168288,1800,11.12,0.01,3,0
133300,25000,10.37,0.19,2,0
15600,3300,6.39,0.21,4,1
134000,25000,16.07,0.19,3,0
134000,25000,10.62,0.19,2,0
15600,3200,18.09,0.21,2,1
135000,25000,11.36,0.19,4,0
135660,25000,12.53,0.18,4,0
145000,25000,9.99,0.17,4,0
150000,25000,10.36,0.17,3,0
165000,9600,5.99,0.06,3,0
153000,24000,15.62,0.16,2,1
165000,20000,10.37,0.12,4,0
165000,20000,6.91,0.12,4,0
16000,6000,7.9,0.38,2,1
16000,2275,13.06,0.14,4,0
16000,2000,6.39,0.13,3,0
148000,25000,14.93,0.17,3,1
16000,5600,12.84,0.35,4,1
16020,3625,17.14,0.23,2,1
16094,5500,7.14,0.34,3,1
16200,2000,12.42,0.12,3,0
16400,5000,8.94,0.3,4,1
16500,4375,9.63,0.27,4,1
49500,24750,14.22,0.5,3,1
60000,24750,9.33,0.41,3,1
84200,24500,13.85,0.29,4,0
16800,2000,10.65,0.12,2,0
92000,24500,11.46,0.27,4,0
160000,12000,16.77,0.07,4,0
160000,12000,9.63,0.07,4,0
160000,25000,12.23,0.16,4,0
125800,10000,14.09,0.07,4,1
54000,24250,13.98,0.45,4,1
62500,24250,10.62,0.39,4,1
68400,24250,17.56,0.35,4,1
56045,24250,14.96,0.37,2,1
74000,24250,15.65,0.33,2,1
65453,24250,15.7,0.31,2,1
89908,24250,12.53,0.27,3,0
78000,24250,17.56,0.31,3,1
100000,24250,12.87,0.24,2,0
103000,24250,15.7,0.24,2,0
160000,15000,11.14,0.09,4,0
160000,20000,16.0,0.13,3,0
160000,15250,15.31,0.1,4,0
160000,20000,13.47,0.13,2,0
16800,4750,13.85,0.28,2,1
16800,6000,10.39,0.36,4,1
115200,24250,11.36,0.21,2,0
144000,24250,11.83,0.17,3,0
108000,24150,14.96,0.22,3,1
47004,24000,11.58,0.51,4,1
52000,24000,10.74,0.46,2,1
17352,2250,15.27,0.13,3,0
17400,1000,11.36,0.06,2,0
60000,24000,7.9,0.4,4,1
60000,24000,10.99,0.4,4,1
60000,24000,7.29,0.4,3,1
60000,24000,10.75,0.4,2,1
62004,24000,7.9,0.39,3,1
62400,24000,14.84,0.38,2,1
60000,24000,14.96,0.4,4,1
66143,24000,6.99,0.36,3,1
62250,24000,16.45,0.39,4,1
70000,24000,10.99,0.34,4,1
74000,24000,10.99,0.32,2,1
18000,3000,7.9,0.17,4,1
75000,24000,12.69,0.32,4,1
75000,24000,10.37,0.32,3,1
69000,24000,15.83,0.35,3,1
78000,24000,13.92,0.31,3,1
18000,2000,11.49,0.11,3,0
80000,24000,10.25,0.3,2,0
18000,3500,7.49,0.19,4,1
18000,4000,5.99,0.22,2,1
74700,24000,12.92,0.32,2,1
88596,24000,11.58,0.27,3,0
95000,24000,8.9,0.25,2,0
95000,24000,6.54,0.25,4,0
18000,4900,14.54,0.27,4,1
18000,5000,11.11,0.28,2,1
100000,24000,12.73,0.24,4,0
110000,24000,15.62,0.22,4,0
18000,6250,6.54,0.35,4,1
120000,24000,9.91,0.2,4,0
120000,24000,12.69,0.2,4,0
124080,24000,16.49,0.19,4,0
18000,2500,15.95,0.14,2,1
130000,24000,11.49,0.18,3,0
135000,24000,10.99,0.18,2,0
135000,24000,13.79,0.18,2,0
150000,24000,7.49,0.16,4,0
138000,24000,16.0,0.17,2,1
18000,6250,10.62,0.35,4,1
155000,24000,10.99,0.15,4,0
18000,2500,11.36,0.14,3,0
120000,23750,13.47,0.2,2,0
54996,23600,11.89,0.43,3,1
102000,23600,13.49,0.23,4,0
75000,23575,14.5,0.31,4,1
18000,5400,15.31,0.3,2,1
66960,23400,7.49,0.35,2,1
60000,23000,12.18,0.38,4,1
18000,1200,11.34,0.07,4,0
63208,23000,9.91,0.36,3,1
65000,23000,11.99,0.35,4,1
68000,23000,9.62,0.34,2,1
18000,3000,9.96,0.17,3,1
88000,23000,14.54,0.26,2,1
58600,22750,11.36,0.39,4,1
70000,22500,14.27,0.32,2,1
18287,3000,11.99,0.16,3,1
69846,22500,18.99,0.32,2,1
73000,22400,16.7,0.31,4,1
18500,5000,9.32,0.27,3,1
52000,22000,10.74,0.42,2,1
18701,4200,14.11,0.22,4,1
57000,22000,9.63,0.39,3,1
58000,22000,14.65,0.38,2,1
60000,22000,10.25,0.37,4,1
60000,22000,14.26,0.37,2,1
18840,3000,9.91,0.16,2,1
56000,22000,17.19,0.39,3,1
70000,22000,11.36,0.31,4,1
74064,22000,10.59,0.3,3,0
76597,22000,9.25,0.29,2,0
19000,3625,8.49,0.19,3,1
77000,22000,6.54,0.29,3,0
19000,6000,8.49,0.32,3,1
82600,22000,12.69,0.27,2,0
19000,7400,13.85,0.39,2,1
19000,4000,7.4,0.21,3,1
84000,22000,11.71,0.26,4,0
77650,22000,11.48,0.28,3,1
82000,22000,17.51,0.27,2,1
19012,3500,14.61,0.18,3,1
99996,22000,7.88,0.22,4,0
19200,4950,11.71,0.26,2,1
57000,21700,11.99,0.38,2,1
54000,21600,13.49,0.4,2,1
63000,21600,14.35,0.34,3,1
82000,21600,13.61,0.26,3,0
78000,21600,11.26,0.28,3,1
19200,2400,10.59,0.13,3,0
112140,21600,7.9,0.19,2,0
19200,7000,5.99,0.36,4,1
19200,3000,11.99,0.16,4,1
59000,21500,16.89,0.36,3,1
70000,21500,9.99,0.31,3,1
116000,21500,15.33,0.19,3,0
60000,21450,7.29,0.36,4,1
47052,21250,10.99,0.45,2,1
51060,21250,6.91,0.42,2,1
19200,5000,14.17,0.26,2,1
53000,21250,10.25,0.4,3,1
56000,21250,15.95,0.38,3,1
65000,21250,15.95,0.33,4,1
19200,1400,14.91,0.07,4,1
63000,21000,11.36,0.33,2,1
19200,4000,7.51,0.21,4,1
59000,21000,10.71,0.36,3,1
70500,21000,13.98,0.3,4,0
65219,21000,14.09,0.32,3,1
75000,21000,10.0,0.28,3,0
19200,5000,15.33,0.26,3,1
62047,21000,16.32,0.29,4,1
79000,21000,7.9,0.27,2,0
80000,21000,11.99,0.26,3,0
84000,21000,10.75,0.25,4,0
85000,21000,13.92,0.25,3,0
93000,21000,9.91,0.23,3,0
81000,21000,16.95,0.26,3,1
97000,21000,7.9,0.22,3,0
100000,21000,16.49,0.21,3,1
19200,7500,11.97,0.39,2,1
19253,6250,6.17,0.32,3,1
125000,21000,8.9,0.17,2,0
125000,21000,12.99,0.17,3,0
82000,20900,12.69,0.25,2,0
50000,20500,7.49,0.41,3,1
70000,20500,13.16,0.29,3,0
19800,2100,8.38,0.11,4,0
80004,20400,10.25,0.25,3,0
54000,20375,7.49,0.38,2,1
20000,5000,11.71,0.25,4,0
20000,6400,10.65,0.32,4,0
40000,20000,12.53,0.5,3,1
20000,4800,5.99,0.24,3,0
42000,20000,13.47,0.48,4,1
42224,20000,6.99,0.47,4,1
20000,5650,15.99,0.28,2,0
45000,20000,7.9,0.44,4,1
45000,20000,10.25,0.44,2,1
20000,1200,7.49,0.06,3,0
45000,20000,13.92,0.44,3,1
46500,20000,10.62,0.43,2,1
48000,20000,10.65,0.42,3,1
42000,20000,12.99,0.48,3,1
48500,20000,11.36,0.41,4,1
20000,7500,5.79,0.38,4,0
49400,20000,6.54,0.4,4,1
20000,4000,5.79,0.2,2,0
50000,20000,7.49,0.4,3,1
50000,20000,13.43,0.4,2,1
50000,20000,13.22,0.4,2,1
20000,5000,14.72,0.25,3,0
44000,20000,15.68,0.45,4,1
50950,20000,11.48,0.39,3,1
51000,20000,10.38,0.39,3,1
51000,20000,12.53,0.39,3,1
51000,20000,13.47,0.39,2,1
51500,20000,12.21,0.39,4,1
51996,20000,10.99,0.38,3,1
52000,20000,11.36,0.38,4,1
46000,20000,16.0,0.43,4,1
20000,1500,7.74,0.07,3,0
52000,20000,15.65,0.38,2,1
46000,20000,11.78,0.43,2,1
47000,20000,16.77,0.43,3,1
54000,20000,9.91,0.37,4,1
48000,20000,15.65,0.42,4,1
48000,20000,14.96,0.42,3,1
54000,20000,11.83,0.37,4,1
48912,20000,11.66,0.41,4,1
54996,20000,12.18,0.36,4,1
55000,20000,6.91,0.36,2,1
55000,20000,6.91,0.36,3,1
55000,20000,9.88,0.36,4,1
55000,20000,12.53,0.36,2,1
20004,7125,6.99,0.36,2,0
57000,20000,16.89,0.35,2,1
51012,20000,17.49,0.39,4,1
20004,2500,16.82,0.12,2,0
58000,20000,13.11,0.34,2,1
58800,20000,7.66,0.34,3,1
59000,20000,6.17,0.34,3,1
53000,20000,16.35,0.38,4,1
60000,20000,7.9,0.33,2,1
54000,20000,16.49,0.37,2,1
20280,7000,8.0,0.35,2,0
60000,20000,10.99,0.33,2,1
20352,7750,6.91,0.38,3,0
54000,20000,8.88,0.37,3,1
54000,20000,14.84,0.37,3,1
54000,20000,11.12,0.37,2,1
60000,20000,7.88,0.33,3,1
20400,6000,15.99,0.29,4,0
20400,5500,10.99,0.27,4,0
54000,20000,15.65,0.37,3,1
54000,20000,17.04,0.37,3,1
60000,20000,12.21,0.33,2,1
20400,1275,15.23,0.06,3,0
54000,20000,14.11,0.37,4,1
60000,20000,11.14,0.33,2,1
20400,2400,11.49,0.12,4,0
60000,20000,13.87,0.33,4,1
60000,20000,10.08,0.33,4,1
54504,20000,16.7,0.37,4,1
55000,20000,18.64,0.36,2,1
61000,20000,12.18,0.33,4,1
62000,20000,6.54,0.32,3,1
56000,20000,14.61,0.36,4,1
56000,20000,17.39,0.36,3,1
62400,20000,11.12,0.32,2,1
62400,20000,11.48,0.32,2,1
63000,20000,12.42,0.32,3,1
58000,20000,10.25,0.34,2,1
65000,20000,10.65,0.31,3,1
20800,5000,16.29,0.24,3,0
65000,20000,10.37,0.31,2,1
65000,20000,11.49,0.31,3,1
20868,5375,13.49,0.26,2,0
59000,20000,12.29,0.34,4,1
21000,3500,17.27,0.17,2,1
65004,20000,11.99,0.31,2,1
59004,20000,14.84,0.34,2,1
59004,20000,10.83,0.34,2,1
65500,20000,13.22,0.31,2,1
66996,20000,12.18,0.3,2,0
67000,20000,11.11,0.3,2,0
67000,20000,13.48,0.3,2,0
68000,20000,10.75,0.29,4,0
68000,20000,12.53,0.29,4,0
62400,20000,14.84,0.32,4,1
69500,20000,17.74,0.29,2,0
70000,20000,9.99,0.29,2,0
70000,20000,6.91,0.29,4,0
71004,20000,14.09,0.28,2,0
21000,3000,11.49,0.14,3,0
71004,20000,14.09,0.28,3,0
55392,20000,15.2,0.31,4,1
72000,20000,11.83,0.28,2,0
21000,6000,12.21,0.29,2,0
66000,20000,14.11,0.3,3,1
66000,20000,14.42,0.3,2,1
72000,20000,14.74,0.28,3,0
74000,20000,12.69,0.27,3,0
21120,1625,16.89,0.08,3,1
21221,8500,9.63,0.4,4,0
75000,20000,8.88,0.27,3,0
75000,20000,6.91,0.27,4,0
75000,20000,10.38,0.27,3,0
69000,20000,10.99,0.29,4,1
21600,5200,12.42,0.24,3,0
69000,20000,14.82,0.29,4,1
75600,20000,16.32,0.26,3,0
59497,20000,16.0,0.29,3,1
76000,20000,10.37,0.26,3,0
70000,20000,13.16,0.29,3,1
70000,20000,14.88,0.29,4,1
77004,20000,13.98,0.26,4,0
71004,20000,13.36,0.28,2,1
21600,7125,6.99,0.33,3,0
21600,4025,5.42,0.19,4,0
21600,8000,5.42,0.37,2,0
78000,20000,13.85,0.26,4,0
21600,4000,12.99,0.19,2,0
21600,4200,9.99,0.19,3,0
61200,20000,11.14,0.28,2,1
21600,3800,5.99,0.18,2,0
78000,20000,11.58,0.26,3,0
78500,20000,13.85,0.25,4,0
79000,20000,16.89,0.25,4,0
80000,20000,7.9,0.25,4,0
21600,6000,12.68,0.28,4,0
62900,20000,14.91,0.27,4,1
80000,20000,13.06,0.25,4,0
80000,20000,8.88,0.25,4,0
21600,2000,6.17,0.09,4,0
80000,20000,13.98,0.25,4,0
21600,8500,6.54,0.39,4,0
62900,20000,13.85,0.27,3,1
21600,1000,10.36,0.05,3,0
74004,20000,15.95,0.27,4,1
80004,20000,14.26,0.25,4,0
80700,20000,11.71,0.25,2,0
81000,20000,13.49,0.25,4,0
21600,2000,14.84,0.09,2,1
76042,20000,15.05,0.26,4,1
76654,20000,13.79,0.26,4,1
83500,20000,13.48,0.24,3,0
21600,3000,6.76,0.14,2,0
84000,20000,11.11,0.24,4,0
84000,20000,13.92,0.24,2,0
21600,4400,12.53,0.2,2,0
78996,20000,14.11,0.25,2,1
85000,20000,7.49,0.24,2,0
85000,20000,10.25,0.24,3,0
73000,20000,12.53,0.27,2,1
21816,1500,11.86,0.07,3,0
21840,9000,7.88,0.41,3,0
87000,20000,13.85,0.23,4,0
21996,6000,13.23,0.27,4,0
78000,20000,18.25,0.26,2,1
90000,20000,6.54,0.22,3,0
90000,20000,11.49,0.22,4,0
90000,20000,11.49,0.22,3,0
22000,7000,11.71,0.32,2,0
90000,20000,13.57,0.22,4,0
91229,20000,14.35,0.22,3,0
22000,3825,10.65,0.17,4,0
92000,20000,15.65,0.22,2,0
22000,5875,6.62,0.27,2,1
92407,20000,9.25,0.22,2,0
22000,2400,11.71,0.11,3,0
22000,8000,5.42,0.36,4,0
93492,20000,9.45,0.21,4,0
22000,1550,7.49,0.07,2,1
95000,20000,10.99,0.21,2,0
22000,7350,7.66,0.33,2,0
96000,20000,13.04,0.21,3,0
22000,7200,7.14,0.33,2,0
85200,20000,15.65,0.23,4,1
98000,20000,11.83,0.2,4,0
22000,3000,16.0,0.14,2,0
99000,20000,15.28,0.2,4,0
22000,4000,15.05,0.18,4,0
22000,8500,15.05,0.39,4,0
99996,20000,14.22,0.2,3,0
87996,20000,16.35,0.23,3,1
22000,7500,10.96,0.34,2,0
100000,20000,13.06,0.2,2,0
100000,20000,13.06,0.2,2,0
74800,20000,14.96,0.23,4,1
74800,20000,17.04,0.23,2,1
100000,20000,12.21,0.2,3,0
22260,6400,7.88,0.29,4,0
22296,5400,5.42,0.24,3,0
104000,20000,10.74,0.19,2,0
93000,20000,13.22,0.22,3,1
95000,20000,14.59,0.21,2,1
110000,20000,12.42,0.18,3,0
110000,20000,14.17,0.18,3,0
110000,20000,13.72,0.18,3,0
110000,20000,10.38,0.18,4,0
22800,2000,7.51,0.09,3,0
22800,7125,11.71,0.31,3,1
22800,3000,8.9,0.13,2,1
85000,20000,17.39,0.2,2,1
22800,4800,5.79,0.21,2,0
22800,8300,12.61,0.36,2,1
120000,20000,10.37,0.17,4,0
22800,4750,11.36,0.21,3,0
121000,20000,8.9,0.17,3,0
125000,20000,11.11,0.16,4,0
22800,3000,8.94,0.13,2,0
130000,20000,15.27,0.15,2,0
130000,20000,13.11,0.15,4,0
22884,6000,16.0,0.26,2,0
133000,20000,12.36,0.15,2,0
23000,7000,8.9,0.3,3,0
140000,20000,6.54,0.14,4,0
138000,20000,15.99,0.14,3,1
23000,3600,17.27,0.16,3,1
148000,20000,17.99,0.14,3,1
160000,20000,7.49,0.13,4,0
23000,4800,10.0,0.21,4,0
160000,20000,9.99,0.13,3,0
168000,20000,11.36,0.12,4,0
172500,20000,11.83,0.12,2,0
23000,3000,13.35,0.13,3,0
175000,20000,14.72,0.11,2,0
23000,4400,6.76,0.19,2,0
58000,19900,11.83,0.34,4,1
116000,19800,11.48,0.17,4,0
19500,500,11.41,0.03,2,0
19000,700,12.29,0.04,2,0
23000,7000,14.96,0.3,3,0
19000,750,12.29,0.04,4,0
10000,1000,10.37,0.1,2,1
10000,1000,14.74,0.1,4,1
10140,1000,13.43,0.1,4,1
23000,2400,9.63,0.1,4,0
23000,2400,12.21,0.1,4,0
10500,1000,10.25,0.1,2,1
11220,1000,12.99,0.09,4,0
11760,1000,13.98,0.09,4,0
11820,1000,14.65,0.08,3,0
12000,1000,10.65,0.08,2,0
12000,1000,13.98,0.08,2,0
12000,1000,13.57,0.08,3,1
12240,1000,14.96,0.08,3,1
13728,1000,10.0,0.07,4,1
14400,1000,16.29,0.07,4,1
23040,2000,11.11,0.09,3,0
14400,1000,16.69,0.07,3,1
15000,1000,14.3,0.07,3,1
16000,1000,15.65,0.06,3,1
16800,1000,11.49,0.06,3,0
16800,1000,13.48,0.06,4,0
19200,1000,12.53,0.05,4,0
39600,19000,10.62,0.48,2,1
39900,19000,12.18,0.48,3,1
47000,19000,11.99,0.4,2,1
50000,19000,10.99,0.38,4,1
23500,7000,10.38,0.3,3,0
47500,19000,16.7,0.4,4,1
54586,19000,11.14,0.35,2,1
62004,19000,7.49,0.31,2,1
70000,19000,8.88,0.27,4,0
72000,19000,10.99,0.26,4,0
73000,19000,10.62,0.26,3,0
78000,19000,8.9,0.24,2,0
23920,6000,14.59,0.25,2,1
23964,2500,9.91,0.1,2,0
96000,19000,13.22,0.2,2,0
105000,19000,12.29,0.18,2,0
175000,19000,11.48,0.11,3,0
55000,18800,6.99,0.34,2,1
70000,18750,10.38,0.27,2,0
43000,18550,11.83,0.43,4,1
24000,7100,12.42,0.3,3,0
55784,18500,13.61,0.33,3,1
74196,18500,11.26,0.25,3,0
75000,18500,7.49,0.25,3,0
73000,18500,7.9,0.25,2,1
24000,8000,9.91,0.33,2,0
24000,3000,7.9,0.13,4,0
78000,18500,15.33,0.24,2,1
145000,18500,12.87,0.13,3,0
24000,5000,7.9,0.21,2,0
48888,18400,13.16,0.38,2,1
50000,18400,9.99,0.37,2,1
120000,18400,8.9,0.15,2,0
24000,5000,14.65,0.21,4,1
24000,6000,13.49,0.25,3,0
42504,18250,10.25,0.43,3,1
24000,1300,5.42,0.05,3,0
36996,18250,14.61,0.49,2,1
45600,18250,13.35,0.4,4,1
24000,5800,5.99,0.24,3,0
46000,18250,10.75,0.4,2,1
46000,18250,14.26,0.4,3,1
55044,18250,17.56,0.33,2,1
49200,18250,14.83,0.37,3,1
50000,18250,16.7,0.36,3,1
50000,18225,10.74,0.36,2,1
44000,18225,14.91,0.41,4,1
36400,18200,9.91,0.5,4,1
55000,18200,10.99,0.33,2,1
24000,8000,15.62,0.33,2,0
39996,18000,9.25,0.45,4,1
40000,18000,13.11,0.45,3,1
24000,5000,10.99,0.21,4,0
42000,18000,6.17,0.43,2,1
24000,8000,5.99,0.33,4,0
24000,2400,7.49,0.1,2,0
42765,18000,11.03,0.42,2,1
43000,18000,7.9,0.42,2,1
44000,18000,13.57,0.41,4,1
44000,18000,12.18,0.41,2,1
39000,18000,17.19,0.46,3,1
46800,18000,15.23,0.38,2,1
42000,18000,14.46,0.43,3,1
24000,4200,6.99,0.17,3,0
43400,18000,16.63,0.41,2,1
50000,18000,12.42,0.36,4,1
50000,18000,7.9,0.36,4,1
24000,5000,15.99,0.21,2,1
24000,4200,10.99,0.17,4,0
50000,18000,13.11,0.36,3,1
50000,18000,13.79,0.36,2,1
24000,2500,10.59,0.1,2,0
24000,6000,12.68,0.25,4,0
52000,18000,12.98,0.35,4,1
52000,18000,13.85,0.35,4,1
52526,18000,12.21,0.34,2,1
46610,18000,10.71,0.39,3,1
48000,18000,6.54,0.38,2,1
24000,8000,5.79,0.33,3,0
55000,18000,12.84,0.33,2,1
55344,18000,10.99,0.33,4,1
24000,1375,11.11,0.06,4,1
56000,18000,13.48,0.32,3,1
50000,18000,14.74,0.36,2,1
52240,18000,19.69,0.34,2,1
53000,18000,17.19,0.34,3,1
60000,18000,16.32,0.3,4,0
60000,18000,9.33,0.3,3,0
61500,18000,13.23,0.29,2,0
24000,5000,7.66,0.21,3,1
62000,18000,13.85,0.29,4,0
24000,5600,9.63,0.23,3,0
24000,10000,6.92,0.42,4,0
63000,18000,9.63,0.29,4,0
63000,18000,10.99,0.29,3,0
63000,18000,13.57,0.29,3,0
65000,18000,13.99,0.28,3,0
59000,18000,14.96,0.31,4,1
59000,18000,16.0,0.31,4,1
60000,18000,16.29,0.3,2,1
66000,18000,10.25,0.27,3,0
68000,18000,10.65,0.26,2,0
70000,18000,9.88,0.26,2,0
54400,18000,16.0,0.28,2,1
70200,18000,16.45,0.26,2,0
65000,18000,15.33,0.28,4,1
71820,18000,11.83,0.25,2,0
66000,18000,14.54,0.27,4,1
72000,18000,7.88,0.25,2,0
24000,3000,13.98,0.13,2,0
24000,1200,15.21,0.05,4,0
75000,18000,12.73,0.24,4,0
24000,3500,15.58,0.15,2,1
75576,18000,9.88,0.24,3,0
24000,7000,11.86,0.29,2,0
78000,18000,13.49,0.23,2,0
80000,18000,7.9,0.23,2,0
80000,18000,8.49,0.23,3,0
80000,18000,10.99,0.23,4,0
80171,18000,13.85,0.22,3,0
81000,18000,13.98,0.22,2,0
24000,2800,16.07,0.12,3,1
76500,18000,10.65,0.24,4,1
24000,8500,15.7,0.35,2,0
24000,2100,13.11,0.09,3,0
82570,18000,15.27,0.22,2,0
24000,6000,10.99,0.25,4,0
84000,18000,9.88,0.21,3,0
24000,2500,7.14,0.1,2,0
85000,18000,11.71,0.21,4,0
86000,18000,8.49,0.21,2,0
87000,18000,11.89,0.21,2,0
88000,18000,13.16,0.2,4,0
90000,18000,8.88,0.2,4,0
95000,18000,8.49,0.19,4,0
95000,18000,15.31,0.19,3,0
102000,18000,12.53,0.18,3,0
110000,18000,12.18,0.16,4,0
87550,18000,7.51,0.17,3,1
116004,18000,11.83,0.16,4,0
121000,18000,18.3,0.15,3,0
125000,18000,14.79,0.14,3,0
24000,5000,10.95,0.21,3,0
144500,18000,13.72,0.12,3,0
155000,18000,10.62,0.12,4,0
24000,5000,12.21,0.21,3,0
75000,17950,10.91,0.24,3,0
24000,7000,9.63,0.29,3,0
62050,17800,16.35,0.24,3,1
24000,1500,12.21,0.06,2,0
48000,17750,13.49,0.37,4,1
65000,17700,11.49,0.27,2,0
24000,8000,9.76,0.33,3,0
24000,8000,11.34,0.33,4,0
24000,3975,13.87,0.17,3,0
45000,17625,8.9,0.39,4,1
59256,17600,12.99,0.3,2,0
65500,17600,10.74,0.27,2,0
70000,17600,10.62,0.25,2,0
24000,5000,8.7,0.21,2,0
24091,3500,12.99,0.15,2,0
72250,17600,17.19,0.21,4,1
36000,17500,14.22,0.49,4,1
37232,17500,12.53,0.47,2,1
24300,4500,11.83,0.19,4,0
24396,4000,15.05,0.16,4,0
40800,17500,10.62,0.43,4,1
24449,1800,11.89,0.07,4,0
24468,5000,10.75,0.2,3,0
44000,17500,12.53,0.4,4,1
47500,17500,13.61,0.37,4,1
49176,17500,13.85,0.36,2,1
49270,17500,13.85,0.36,4,1
53352,17500,6.54,0.33,2,1
54996,17500,17.19,0.32,3,1
58000,17500,13.49,0.3,4,0
59000,17500,9.25,0.3,4,0
60000,17500,6.54,0.29,4,0
75000,17500,7.9,0.23,2,0
24900,5500,13.16,0.22,2,1
95950,17500,11.71,0.18,2,0
24960,2000,13.99,0.08,3,0
40000,17475,9.91,0.44,2,1
45408,17475,9.91,0.38,2,1
24996,5000,12.69,0.2,2,0
58000,17475,7.51,0.3,3,0
82000,17400,11.99,0.21,4,0
96000,17400,10.37,0.18,2,0
133000,17400,11.71,0.13,4,0
95000,17200,17.58,0.18,3,0
35000,17000,10.37,0.49,2,1
24996,7000,15.58,0.28,2,0
40000,17000,10.65,0.42,4,1
41400,17000,12.87,0.41,3,1
42000,17000,7.66,0.4,4,1
43275,17000,13.47,0.39,3,1
45792,17000,10.38,0.37,2,1
47000,17000,9.99,0.36,4,1
49896,17000,16.82,0.34,3,1
50000,17000,13.79,0.34,3,1
24996,8000,11.26,0.32,2,0
51000,17000,8.49,0.33,4,1
45000,17000,14.96,0.38,2,1
52000,17000,12.98,0.33,2,1
24996,6500,11.34,0.26,4,0
52000,17000,11.58,0.33,4,1
54660,17000,9.88,0.31,4,1
55782,17000,7.51,0.3,3,0
53000,17000,10.25,0.32,4,1
25000,2400,14.27,0.1,2,0
60000,17000,11.11,0.28,2,0
60000,17000,6.91,0.28,2,0
25000,4000,15.27,0.16,4,0
62000,17000,5.99,0.27,3,0
65000,17000,13.47,0.26,2,0
70000,17000,8.88,0.24,3,0
72000,17000,7.88,0.24,3,0
75000,17000,12.53,0.23,2,0
75000,17000,9.33,0.23,3,0
78000,17000,10.99,0.22,3,0
25000,3600,9.91,0.14,4,0
85500,17000,13.11,0.2,2,0
89004,17000,9.63,0.19,4,0
66300,17000,16.77,0.22,3,1
90000,17000,10.59,0.19,3,0
95000,17000,11.49,0.18,3,0
96000,17000,11.48,0.18,2,0
114000,17000,10.37,0.15,3,0
175000,17000,9.88,0.1,3,0
49000,16950,18.25,0.35,4,1
72000,16875,6.54,0.23,4,0
25000,7000,6.99,0.28,2,0
25000,7200,8.49,0.29,2,0
34819,16800,10.99,0.48,4,1
50000,16800,12.53,0.34,3,1
25000,1800,8.49,0.07,2,0
60000,16800,14.65,0.28,4,0
60000,16800,6.54,0.28,2,0
60000,16800,13.85,0.28,2,0
54000,16800,12.67,0.31,3,1
25000,3000,9.99,0.12,3,1
66000,16800,13.49,0.25,3,0
58650,16800,16.77,0.24,2,1
74000,16800,15.65,0.23,3,1
97000,16800,12.42,0.17,3,0
97000,16800,6.17,0.17,4,0
103000,16800,13.11,0.16,4,0
125000,16800,12.42,0.13,4,0
25000,2000,14.17,0.08,3,0
36000,16750,15.28,0.47,4,1
44500,16750,10.75,0.38,4,1
45000,16750,12.41,0.37,3,1
46272,16750,11.99,0.36,3,1
25000,4000,11.11,0.16,2,0
42000,16750,17.58,0.4,3,1
50496,16750,13.11,0.33,4,1
54000,16750,20.11,0.31,2,1
54996,16700,10.37,0.3,3,0
59160,16600,14.18,0.28,4,1
70000,16525,13.92,0.24,2,0
98400,16525,15.28,0.17,3,0
40428,16500,10.75,0.41,2,1
47000,16500,10.62,0.35,3,1
48000,16500,8.9,0.34,4,1
25000,1500,6.76,0.06,4,0
56000,16500,12.8,0.29,3,1
57504,16500,9.32,0.29,3,1
25000,9000,7.14,0.36,4,0
25000,3000,6.76,0.12,2,0
83300,16500,16.77,0.17,4,1
45000,16425,13.49,0.36,2,1
61000,16400,10.99,0.27,4,0
47000,16250,12.42,0.35,4,1
25000,1000,7.51,0.04,3,0
54000,16075,10.37,0.3,3,0
39000,16050,17.14,0.41,3,1
33000,16000,10.99,0.48,2,1
25000,6250,15.31,0.25,4,1
35000,16000,11.71,0.46,3,1
25000,4750,13.57,0.19,2,0
36900,16000,7.9,0.43,2,1
38000,16000,12.87,0.42,3,1
39000,16000,15.65,0.41,3,1
39996,16000,10.71,0.4,2,1
25000,6000,11.89,0.24,2,0
25000,4800,12.53,0.19,3,0
40000,16000,11.71,0.4,4,1
40000,16000,12.99,0.4,2,1
40000,16000,8.88,0.4,3,1
40000,16000,11.83,0.4,4,1
34000,16000,13.24,0.47,3,1
41900,16000,12.84,0.38,2,1
42494,16000,11.71,0.38,3,1
25000,5000,9.32,0.2,2,0
25000,11100,9.63,0.44,3,0
42856,16000,8.9,0.37,3,1
43000,16000,11.49,0.37,2,1
25000,1525,10.95,0.06,2,0
25000,7000,9.32,0.28,2,0
44000,16000,8.49,0.36,4,1
44000,16000,7.49,0.36,2,1
38400,16000,11.54,0.42,3,1
25000,10000,8.0,0.4,2,0
45000,16000,10.59,0.36,4,1
25000,8800,9.33,0.35,3,0
39000,16000,13.06,0.41,2,1
25040,5000,5.79,0.2,4,0
25062,4000,16.49,0.16,2,0
25100,10800,14.59,0.43,3,0
25104,5400,16.49,0.22,2,0
39000,16000,11.36,0.41,3,1
39000,16000,14.11,0.41,2,1
25200,7000,6.03,0.28,4,0
48000,16000,10.0,0.33,4,1
42000,16000,16.0,0.38,3,1
50000,16000,17.58,0.32,4,1
25200,3200,15.23,0.13,2,0
25200,1200,7.49,0.05,3,0
50000,16000,13.99,0.32,2,1
25200,1200,15.99,0.05,3,0
50000,16000,10.62,0.32,2,1
44000,16000,16.35,0.36,3,1
51000,16000,13.85,0.31,3,1
45000,16000,16.45,0.36,4,1
52000,16000,15.7,0.31,4,1
53000,16000,7.9,0.3,4,0
25200,4000,12.73,0.16,2,1
55000,16000,8.94,0.29,2,0
25200,6500,14.26,0.26,2,1
25200,7000,13.92,0.28,3,0
52000,16000,13.98,0.31,3,1
25200,1000,11.48,0.04,4,0
25200,1000,11.48,0.04,3,1
52500,16000,12.69,0.3,3,1
60000,16000,7.49,0.27,2,0
54000,16000,15.65,0.3,4,1
54000,16000,14.83,0.3,2,1
25344,4000,16.49,0.16,3,1
62000,16000,7.49,0.26,2,0
25480,5000,9.99,0.2,3,0
25500,7850,13.49,0.31,4,0
25500,7000,6.99,0.27,2,0
57175,16000,17.15,0.28,4,1
25500,5600,11.91,0.22,4,0
57336,16000,17.27,0.28,3,1
64000,16000,10.74,0.25,3,0
58575,16000,19.47,0.27,2,1
64800,16000,10.37,0.25,4,0
65000,16000,9.91,0.25,3,0
25632,1500,9.91,0.06,3,0
65000,16000,8.49,0.25,4,0
25788,3500,12.18,0.14,2,0
65000,16000,7.88,0.25,3,0
59000,16000,16.45,0.27,2,1
65000,16000,14.59,0.25,4,0
25920,11325,10.65,0.44,3,0
65000,16000,13.47,0.25,3,0
59000,16000,16.32,0.27,3,1
66000,16000,10.0,0.24,4,0
25992,3000,9.45,0.12,3,0
60996,16000,16.0,0.26,3,1
62500,16000,14.54,0.26,2,1
63000,16000,14.42,0.25,3,1
26000,3825,11.71,0.15,2,0
64000,16000,15.31,0.25,4,1
72000,16000,13.06,0.22,2,0
74000,16000,14.84,0.22,3,0
74337,16000,11.86,0.22,3,0
74999,16000,17.27,0.21,4,0
26000,7000,10.99,0.27,4,0
26000,7800,10.59,0.3,4,0
75000,16000,13.35,0.21,2,0
26000,5000,7.91,0.19,2,0
69000,16000,11.89,0.23,4,1
20000,1000,14.26,0.05,2,0
26000,10000,5.79,0.38,3,0
26000,2000,10.36,0.08,2,0
26000,4000,9.25,0.15,2,0
26000,6000,5.79,0.23,2,0
23712,1000,11.49,0.04,2,0
24000,1000,17.99,0.04,3,1
24000,1000,10.99,0.04,2,1
24000,1000,12.84,0.04,4,0
24960,1000,13.98,0.04,4,0
25000,1000,14.65,0.04,3,0
25000,1000,15.95,0.04,2,1
26000,8500,16.45,0.33,3,1
26000,7000,7.74,0.27,2,0
28000,1000,16.29,0.04,3,1
28000,1000,7.51,0.04,3,0
26000,2000,7.4,0.08,2,0
28000,1000,10.25,0.04,4,1
28000,1000,12.53,0.04,4,0
28600,1000,7.9,0.03,3,0
29000,1000,7.29,0.03,4,0
29000,1000,7.74,0.03,4,0
30000,1000,7.51,0.03,2,0
30000,1000,10.99,0.03,4,0
30000,1000,7.49,0.03,3,0
26000,7000,14.93,0.27,4,0
26000,500,10.46,0.02,4,0
30000,1000,9.63,0.03,3,0
26004,10000,9.91,0.38,2,0
26004,5000,5.42,0.19,4,0
30035,1000,12.87,0.03,2,0
26004,6000,11.99,0.23,2,0
26004,5000,7.49,0.19,2,0
33000,1000,7.29,0.03,4,0
33388,1000,10.99,0.03,2,0
26004,10000,11.14,0.38,3,0
33600,1000,10.36,0.03,2,0
33600,1000,11.86,0.03,2,0
34000,1000,7.37,0.03,4,0
34800,1000,11.99,0.03,4,0
34800,1000,13.98,0.03,3,0
35000,1000,11.99,0.03,3,0
29000,1000,11.28,0.03,3,1
35100,1000,13.49,0.03,4,0
35100,1000,13.98,0.03,2,0
26400,6000,8.9,0.23,4,0
36000,1000,10.99,0.03,2,0
36000,1000,9.88,0.03,3,0
36000,1000,8.59,0.03,4,0
26400,7500,8.9,0.28,3,0
36000,1000,7.68,0.03,4,0
31000,1000,14.96,0.03,3,1
32000,1000,19.03,0.03,4,1
38000,1000,15.27,0.03,3,0
32000,1000,13.06,0.03,3,1
38400,1000,14.22,0.03,3,0
33600,1000,15.57,0.03,2,1
39996,1000,7.49,0.03,3,0
40000,1000,7.9,0.03,4,0
40000,1000,6.03,0.03,2,0
40000,1000,10.99,0.03,3,0
26400,5975,12.99,0.23,4,0
40000,1000,10.62,0.03,4,0
40000,1000,6.76,0.03,4,0
34500,1000,16.45,0.03,2,1
40800,1000,6.91,0.02,2,0
42000,1000,9.62,0.02,3,0
42000,1000,13.16,0.02,2,0
43000,1000,7.51,0.02,3,0
26400,4000,10.74,0.15,3,0
45000,1000,7.49,0.02,3,0
45000,1000,7.4,0.02,3,0
45000,1000,14.26,0.02,2,0
40800,1000,15.57,0.02,2,1
48000,1000,7.29,0.02,2,0
42000,1000,15.58,0.02,4,1
49000,1000,7.66,0.02,3,0
50000,1000,13.49,0.02,3,0
26400,8500,13.23,0.32,3,0
26400,4400,11.49,0.17,4,0
50400,1000,5.42,0.02,3,0
51000,1000,7.14,0.02,2,0
54000,1000,11.71,0.02,3,0
56000,1000,11.49,0.02,2,0
58000,1000,11.26,0.02,3,0
64000,1000,10.75,0.02,3,0
26400,4000,7.51,0.15,4,0
69000,1000,7.29,0.01,3,0
70399,1000,8.59,0.01,2,0
72000,1000,7.88,0.01,3,0
26453,7200,11.71,0.27,4,1
75000,1000,13.23,0.01,3,0
87000,1000,13.99,0.01,4,0
26500,6000,14.46,0.23,4,1
96000,1000,10.36,0.01,3,0
26500,6000,8.0,0.23,3,0
14400,1100,11.99,0.08,4,0
35000,1100,6.76,0.03,2,0
77000,1150,10.95,0.01,2,0
9960,1200,7.29,0.12,4,0
26650,1000,12.53,0.04,2,0
11000,1200,6.91,0.11,3,0
26784,2000,6.99,0.07,3,1
13000,1200,11.89,0.09,2,0
14400,1200,10.37,0.08,2,0
26796,3000,8.32,0.11,3,0
14400,1200,7.29,0.08,4,0
14400,1200,7.14,0.08,3,0
15600,1200,14.91,0.08,4,1
16200,1200,7.49,0.07,3,0
16800,1200,10.38,0.07,2,0
18000,1200,11.89,0.07,4,0
27000,9600,13.49,0.36,2,0
20400,1200,18.25,0.06,4,1
27000,5000,10.65,0.19,4,0
27000,6400,7.9,0.24,2,0
20400,1200,7.9,0.06,2,0
21600,1200,5.99,0.06,2,0
27000,4800,11.99,0.18,2,0
27000,1000,15.99,0.04,3,1
26400,1200,14.35,0.05,4,1
27600,1200,13.06,0.04,2,0
28000,1200,12.69,0.04,3,0
27000,10800,10.74,0.4,3,0
30000,1200,9.62,0.04,3,0
27000,3000,5.79,0.11,3,0
27000,7750,10.37,0.29,3,0
30000,1200,10.14,0.04,4,0
31200,1200,12.21,0.04,4,0
31500,1200,8.88,0.04,2,0
32400,1200,13.11,0.04,2,0
27000,4000,9.62,0.15,2,0
27000,6000,6.54,0.22,4,0
33000,1200,8.32,0.04,2,0
34000,1200,12.69,0.04,4,1
34000,1200,9.91,0.04,3,0
34560,1200,19.29,0.03,4,1
29004,1200,15.7,0.04,4,1
27000,3025,15.95,0.11,2,0
36000,1200,13.99,0.03,4,0
36000,1200,11.49,0.03,2,0
36000,1200,10.37,0.03,3,0
40000,1200,15.58,0.03,4,0
34000,1200,14.61,0.04,4,1
40000,1200,8.0,0.03,4,0
43000,1200,8.49,0.03,2,0
43200,1200,9.91,0.03,4,0
27000,9475,8.94,0.35,3,0
44664,1200,12.68,0.03,3,0
39000,1200,15.95,0.03,2,1
48000,1200,12.68,0.03,4,0
27000,5000,12.18,0.19,4,0
55000,1200,11.58,0.02,4,0
58000,1200,15.23,0.02,4,0
58700,1200,11.71,0.02,4,0
27000,7500,10.39,0.28,2,0
60000,1200,7.66,0.02,3,0
100000,1200,8.59,0.01,2,0
9600,1300,12.73,0.14,2,1
41000,1300,7.9,0.03,4,0
45000,1300,13.61,0.03,4,0
50000,1300,6.99,0.03,3,0
54000,1300,14.27,0.02,2,1
27048,8000,15.05,0.3,2,1
64000,1300,13.49,0.02,3,1
89000,1300,10.59,0.01,4,0
24000,1325,13.49,0.06,2,1
26000,1325,12.87,0.05,4,1
44400,1325,10.0,0.03,4,1
27138,2750,9.63,0.1,2,0
51500,1325,14.79,0.03,3,0
23004,1350,9.99,0.06,2,0
42000,1350,5.42,0.03,2,0
69600,1350,12.68,0.02,3,0
10000,1400,10.83,0.14,4,0
27302,3725,12.69,0.14,2,0
14650,1400,15.62,0.1,3,1
27360,8000,7.29,0.29,3,0
27442,5175,10.99,0.19,4,0
27500,9000,7.49,0.33,4,0
30000,1400,15.62,0.05,4,1
30000,1400,13.11,0.05,2,0
33000,1400,14.27,0.04,4,0
40000,1400,7.74,0.04,3,0
40044,1400,11.86,0.03,4,0
27568,3500,14.42,0.13,4,1
35652,1400,11.49,0.04,4,1
45000,1400,10.59,0.03,4,0
27600,2000,14.27,0.07,2,0
27600,2500,11.71,0.09,3,0
27600,7000,7.9,0.25,4,0
42000,1400,10.0,0.03,4,1
27600,11500,6.03,0.42,4,1
27600,8400,7.51,0.3,3,0
27600,6000,15.62,0.22,2,1
10000,1450,7.51,0.14,4,0
30000,1450,15.58,0.05,4,1
47000,1450,10.74,0.03,4,0
27600,9800,7.29,0.36,4,0
55560,1450,14.27,0.03,3,0
101000,1475,5.79,0.01,3,0
27000,1500,16.29,0.06,4,1
27040,1500,12.73,0.06,2,0
27996,1500,11.89,0.05,3,0
28000,1500,14.17,0.05,4,0
27600,9600,8.59,0.35,3,0
27600,1200,13.92,0.04,3,0
28596,1500,11.46,0.05,4,0
28800,1500,7.74,0.05,3,0
30000,1500,7.51,0.05,3,0
30000,1500,7.29,0.05,3,0
30000,1500,14.22,0.05,4,0
30000,1500,16.82,0.05,3,1
30000,1500,14.61,0.05,3,1
30000,1500,13.92,0.05,2,0
31000,1500,8.94,0.05,3,0
27983,6000,7.88,0.21,3,0
31200,1500,11.12,0.05,2,0
31500,1500,10.99,0.05,4,0
32000,1500,7.49,0.05,4,0
27996,4800,15.99,0.17,2,0
32000,1500,7.29,0.05,3,0
32000,1500,13.92,0.05,4,0
32304,1500,9.91,0.05,3,1
33000,1500,11.48,0.05,4,0
27996,5000,5.79,0.18,2,0
27996,4200,14.72,0.15,4,0
27996,9250,10.75,0.33,2,0
27996,3250,15.21,0.12,2,1
27996,5500,10.38,0.2,2,0
33600,1500,19.41,0.04,4,0
33996,1500,6.99,0.04,4,0
34942,1500,10.99,0.04,4,0
35000,1500,5.79,0.04,2,0
35000,1500,10.0,0.04,4,0
35000,1500,8.88,0.04,3,0
27996,10000,9.63,0.36,4,0
29004,1500,14.59,0.05,2,1
36000,1500,15.23,0.04,2,0
36000,1500,10.0,0.04,3,0
36000,1500,10.37,0.04,4,0
30996,1500,15.99,0.05,2,1
38000,1500,13.22,0.04,2,0
28000,9600,6.03,0.34,3,0
28000,9500,15.62,0.34,2,1
28000,2500,5.99,0.09,2,0
38000,1500,8.32,0.04,3,0
28000,7000,9.99,0.25,4,0
39000,1500,15.62,0.04,3,0
33996,1500,16.82,0.04,4,1
40000,1500,13.99,0.04,2,0
28000,1000,12.99,0.04,4,0
28000,10000,10.99,0.36,3,0
34000,1500,8.94,0.04,2,1
40000,1500,12.18,0.04,4,0
40000,1500,11.78,0.04,2,0
34980,1500,12.23,0.04,4,1
28000,8400,10.99,0.3,2,0
42000,1500,5.79,0.04,3,0
36000,1500,13.16,0.04,4,1
42000,1500,10.71,0.04,2,0
42769,1500,7.49,0.04,3,0
28000,4000,6.92,0.14,4,0
44400,1500,11.63,0.03,2,0
28000,8500,6.17,0.3,2,0
39000,1500,8.49,0.04,3,1
28000,5225,14.84,0.19,2,1
45000,1500,7.51,0.03,4,0
45000,1500,10.25,0.03,3,0
48000,1500,10.36,0.03,3,0
42000,1500,14.61,0.04,3,1
42500,1500,17.19,0.04,4,1
48720,1500,14.35,0.03,2,0
50000,1500,14.26,0.03,2,0
50500,1500,11.89,0.03,3,0
51600,1500,12.61,0.03,2,0
51996,1500,13.85,0.03,4,0
28000,12200,12.53,0.44,4,0
28000,10750,11.14,0.38,2,0
52000,1500,11.99,0.03,3,0
54000,1500,14.17,0.03,2,0
28000,5000,8.0,0.18,2,0
28000,4000,15.37,0.14,3,0
54000,1500,9.62,0.03,3,0
28000,4000,7.68,0.14,2,0
54000,1500,13.98,0.03,4,0
28000,9000,10.83,0.32,3,1
55400,1500,12.84,0.03,4,0
51000,1500,15.58,0.03,4,1
57160,1500,11.36,0.03,3,0
57996,1500,10.75,0.03,4,0
58000,1500,5.42,0.03,2,0
60000,1500,13.57,0.03,2,0
63000,1500,12.42,0.02,4,0
63128,1500,7.49,0.02,4,0
71000,1500,6.99,0.02,3,0
69764,1500,14.42,0.02,4,1
28176,1000,9.63,0.04,4,0
10008,1600,10.36,0.16,2,1
28440,6000,9.99,0.21,3,0
12000,1600,10.59,0.13,2,1
14400,1600,18.25,0.11,3,1
15120,1600,7.51,0.11,3,0
15360,1600,12.69,0.1,2,0
28500,3500,14.59,0.12,3,0
22800,1600,13.06,0.07,2,0
20000,1675,7.74,0.08,3,0
28500,4800,12.87,0.17,3,0
28500,8500,7.68,0.3,4,0
24960,1675,11.11,0.07,3,0
28800,1675,15.21,0.06,2,1
46300,1675,6.54,0.04,3,0
60000,1675,6.54,0.03,4,0
28596,2000,7.29,0.07,4,0
17688,1700,11.11,0.1,3,0
18600,1700,9.99,0.09,3,0
28644,10000,10.75,0.35,2,0
45000,1700,14.72,0.04,2,0
28692,3000,10.75,0.1,2,0
9600,1750,8.94,0.18,2,1
28776,8000,8.9,0.28,4,0
28800,6000,8.9,0.21,3,0
9840,1750,9.99,0.18,4,1
28800,8875,8.9,0.31,3,0
10000,1750,14.72,0.17,3,1
10000,1750,15.05,0.17,3,1
28800,5150,6.62,0.18,2,0
10008,1750,7.49,0.17,3,1
17000,1750,10.95,0.1,3,0
22800,1750,15.7,0.08,2,1
96000,1750,6.54,0.02,2,0
22800,1775,6.99,0.08,4,0
40000,1775,6.54,0.04,3,0
45000,1775,12.72,0.04,2,0
28800,1400,8.9,0.05,3,1
14400,1800,6.92,0.13,3,0
28800,5000,11.99,0.17,3,0
28800,6075,8.49,0.21,2,0
28800,3500,9.99,0.12,4,0
18000,1800,6.62,0.1,3,0
18000,1800,13.8,0.1,3,0
18000,1800,12.18,0.1,3,1
28800,7500,8.49,0.26,2,0
28800,10000,7.49,0.35,2,0
21000,1800,10.65,0.09,2,0
28800,5000,7.49,0.17,3,0
28800,10000,16.49,0.35,4,0
22584,1800,8.49,0.08,2,0
28800,6000,7.49,0.21,2,0
24000,1800,11.26,0.07,2,0
25000,1800,12.69,0.07,3,1
28800,1000,5.42,0.03,3,0
28000,1800,12.53,0.06,3,0
45000,1800,16.49,0.04,4,0
45000,1800,12.61,0.04,4,0
28800,3000,11.11,0.1,4,0
28800,8400,9.63,0.29,3,0
45000,1800,14.11,0.04,2,0
28800,6000,10.74,0.21,2,0
45336,1800,15.21,0.04,3,0
48000,1800,11.49,0.04,4,0
48000,1800,13.35,0.04,2,0
50960,1800,16.02,0.04,2,0
28800,5500,13.23,0.19,2,0
57000,1800,14.27,0.03,3,0
58000,1800,12.18,0.03,2,0
71004,1800,11.12,0.03,4,0
73000,1800,11.41,0.02,3,0
75000,1800,9.25,0.02,2,0
75000,1800,8.94,0.02,4,0
14400,1825,15.62,0.13,2,1
19200,1825,12.68,0.1,2,0
28800,6250,10.25,0.22,2,0
35000,1850,7.12,0.05,2,0
13200,1875,6.99,0.14,3,0
14400,1875,13.49,0.13,2,0
26500,1900,7.29,0.07,3,1
32000,1900,13.49,0.06,2,0
30000,1925,12.18,0.06,2,0
42000,1925,6.17,0.05,4,0
16800,1950,10.37,0.12,2,0
28880,2000,8.59,0.07,3,0
31200,1950,13.11,0.06,4,0
28900,5500,12.98,0.19,2,0
10000,2000,10.25,0.2,2,1
28989,10000,8.0,0.34,2,0
12000,2000,7.74,0.17,4,1
12000,2000,11.89,0.17,4,1
29000,11500,7.9,0.4,4,0
14400,2000,10.65,0.14,4,0
14400,2000,17.49,0.14,4,1
29000,4200,11.99,0.14,3,0
14400,2000,10.37,0.14,2,0
14400,2000,5.79,0.14,2,0
14400,2000,6.92,0.14,4,0
29000,7200,8.49,0.25,4,0
14400,2000,15.58,0.14,4,1
15000,2000,7.88,0.13,4,0
15600,2000,7.9,0.13,2,0
15915,2000,15.05,0.13,4,1
15996,2000,13.48,0.13,4,0
17616,2000,10.37,0.11,2,0
18000,2000,7.51,0.11,4,1
18000,2000,14.79,0.11,3,0
18000,2000,5.42,0.11,3,0
18000,2000,13.3,0.11,2,1
19176,2000,14.22,0.1,2,0
19200,2000,13.49,0.1,4,0
19200,2000,10.59,0.1,4,0
19200,2000,6.17,0.1,4,0
19728,2000,7.49,0.1,2,0
20004,2000,8.59,0.1,3,1
29004,6000,11.99,0.21,2,0
29004,5000,9.25,0.17,4,0
29004,2500,6.91,0.09,3,0
21000,2000,14.22,0.1,3,0
29004,2000,13.16,0.07,3,0
21600,2000,11.71,0.09,2,1
21600,2000,16.89,0.09,2,1
22000,2000,13.99,0.09,2,0
22000,2000,7.29,0.09,3,0
22004,2000,10.39,0.09,3,0
23040,2000,13.11,0.09,2,0
23587,2000,11.89,0.08,4,1
24000,2000,12.69,0.08,2,1
24000,2000,16.59,0.08,2,0
24000,2000,18.39,0.08,3,1
29120,6400,8.94,0.22,4,0
24000,2000,12.61,0.08,3,0
29124,8875,15.68,0.3,3,1
24000,2000,10.38,0.08,4,0
24000,2000,14.35,0.08,2,0
24000,2000,13.11,0.08,4,0
29184,1800,5.42,0.06,4,0
29200,2500,6.76,0.09,2,0
29232,11000,11.71,0.38,4,1
24000,2000,11.14,0.08,4,0
29328,10000,7.74,0.34,3,0
24000,2000,14.61,0.08,2,1
24000,2000,16.0,0.08,2,1
24432,2000,11.36,0.08,4,0
24702,2000,13.23,0.08,4,0
25000,2000,6.62,0.08,4,0
25000,2000,9.91,0.08,4,0
25200,2000,14.96,0.08,4,1
25500,2000,13.47,0.08,2,0
29553,6000,7.49,0.2,4,0
26000,2000,12.99,0.08,4,0
29664,5000,13.57,0.17,4,1
29666,3000,9.32,0.1,3,0
26496,2000,13.61,0.08,4,0
27600,2000,13.99,0.07,3,1
28800,2000,8.49,0.07,2,0
30000,2000,11.71,0.07,2,1
30000,2000,12.42,0.07,2,0
30000,2000,13.43,0.07,4,0
29952,4750,14.46,0.16,4,1
30000,2000,7.66,0.07,3,0
29996,5400,12.84,0.18,4,0
82000,15000,18.25,0.18,2,1
70550,15000,16.77,0.18,2,1
95000,15000,12.42,0.16,2,0
95000,15000,9.88,0.16,4,0
95000,15000,15.05,0.16,2,0
30000,5000,6.03,0.17,3,0
30000,6500,14.27,0.22,3,0
30000,8000,13.49,0.27,2,0
83600,15000,8.49,0.18,2,1
96000,15000,8.88,0.16,2,0
84000,15000,16.0,0.18,3,1
96000,15000,11.58,0.16,4,0
97440,15000,7.49,0.15,4,0
99000,15000,6.99,0.15,4,0
100000,15000,13.49,0.15,4,0
30000,7125,7.51,0.24,4,1
100000,15000,7.49,0.15,2,0
100000,15000,6.99,0.15,2,0
88000,15000,9.99,0.17,4,1
30000,3600,12.42,0.12,4,0
100000,15000,14.26,0.15,2,0
100000,15000,11.89,0.15,2,0
100896,15000,14.42,0.15,2,0
102000,15000,14.22,0.15,4,0
30000,5000,6.62,0.17,2,0
105000,15000,10.95,0.14,3,0
105504,15000,15.95,0.14,3,0
30000,2400,11.71,0.08,3,0
108820,15000,9.63,0.14,3,0
109000,15000,10.65,0.14,3,0
110000,15000,12.18,0.14,2,0
98000,15000,14.93,0.15,2,1
111000,15000,10.62,0.14,3,0
118300,15000,12.68,0.13,4,0
120000,15000,7.51,0.13,2,0
122000,15000,11.58,0.12,3,0
30000,4600,7.9,0.15,3,0
30000,8000,10.65,0.27,4,0
125000,15000,12.99,0.12,4,0
118000,15000,17.58,0.13,4,1
123000,15000,15.37,0.12,4,1
140000,15000,14.17,0.11,3,0
30000,10000,13.49,0.33,2,1
30000,3800,18.64,0.13,2,1
156000,15000,12.42,0.1,4,0
148000,15000,16.82,0.1,3,1
200004,15000,10.59,0.07,4,0
210000,15000,12.99,0.07,4,0
30000,6500,6.62,0.22,3,0
165000,14950,6.62,0.09,3,0
33996,14900,15.37,0.44,2,1
55000,14900,11.83,0.27,3,0
58900,14900,13.57,0.25,3,0
30000,7600,6.03,0.25,4,0
31500,14850,8.9,0.47,4,1
30000,1000,6.62,0.03,3,1
30000,4375,6.62,0.15,2,0
30000,1400,6.03,0.05,4,0
30000,2000,10.38,0.07,2,0
30000,2000,11.49,0.07,3,0
30000,2000,14.22,0.07,4,0
30000,2000,8.07,0.07,4,0
30972,2000,16.29,0.06,2,1
31200,2000,14.65,0.06,2,0
32000,2000,10.59,0.06,3,1
32000,2000,16.49,0.06,3,0
32000,2000,11.49,0.06,3,0
32000,2000,12.53,0.06,2,1
32640,2000,10.0,0.06,2,1
33000,2000,6.03,0.06,4,0
33000,2000,12.61,0.06,3,1
40000,2000,11.99,0.05,4,0
40000,2000,14.72,0.05,3,0
50450,2000,9.88,0.04,3,0
53000,2000,10.36,0.04,2,0
53117,2000,13.79,0.04,2,0
55000,2000,7.49,0.04,3,0
56496,2000,9.32,0.04,3,0
57000,2000,11.36,0.04,2,0
57450,2000,13.35,0.03,2,0
58020,2000,6.91,0.03,4,0
60000,2000,13.06,0.03,3,0
60000,2000,9.63,0.03,2,0
54000,2000,18.3,0.04,4,1
30000,9000,5.99,0.3,4,0
61000,2000,7.9,0.03,3,0
62000,2000,13.49,0.03,3,0
62000,2000,15.27,0.03,2,0
62400,2000,12.53,0.03,2,0
30000,10625,16.49,0.35,4,0
57996,2000,15.37,0.03,4,1
65000,2000,14.27,0.03,4,0
65000,2000,7.51,0.03,2,0
70000,2000,7.66,0.03,2,0
30000,1200,9.67,0.04,2,0
30000,6000,11.99,0.2,3,0
70000,2000,12.84,0.03,2,0
30000,3000,11.49,0.1,2,0
70000,2000,8.7,0.03,3,0
75000,2000,9.99,0.03,2,0
75000,2000,13.43,0.03,3,0
30000,7000,7.49,0.23,3,0
75000,2000,5.79,0.03,3,0
30000,3000,5.99,0.1,4,0
30000,2000,11.99,0.07,2,1
30000,3000,14.79,0.1,3,0
30000,13250,10.99,0.44,3,0
80000,2000,9.99,0.03,4,0
80000,2000,11.49,0.03,3,0
89100,2000,13.49,0.02,3,0
90000,2000,7.88,0.02,3,0
99996,2000,13.57,0.02,3,0
100000,2000,10.62,0.02,2,0
101424,2000,7.29,0.02,4,0
108000,2000,16.29,0.02,4,0
30000,3800,5.79,0.13,3,0
30000,5125,10.0,0.17,3,0
130000,2000,6.99,0.02,4,0
25000,2050,10.59,0.08,2,0
10000,2100,12.21,0.21,3,1
12000,2100,8.94,0.17,2,1
14400,2100,14.83,0.15,3,1
15000,2100,13.11,0.14,4,0
21600,2100,9.99,0.1,4,0
30000,12000,7.66,0.4,2,0
23000,2100,13.48,0.09,4,0
24000,2100,12.21,0.09,2,0
30000,2000,5.42,0.07,2,0
34560,2100,17.04,0.06,3,1
30000,8000,6.92,0.27,3,0
40000,2100,6.39,0.05,2,0
44400,2100,17.27,0.05,4,0
30000,2500,7.29,0.08,3,0
45000,2100,11.48,0.05,4,0
52800,2100,6.76,0.04,2,0
60000,2100,14.65,0.04,2,0
60000,2100,13.43,0.04,2,0
54000,2100,17.14,0.04,4,1
30000,7000,7.29,0.23,3,0
79050,2100,9.91,0.02,4,1
110000,2100,7.12,0.02,2,0
30000,10000,7.66,0.33,3,0
43000,2125,8.9,0.05,3,0
57600,2150,15.62,0.04,3,1
30000,14000,10.65,0.47,2,1
30000,14000,11.26,0.47,3,1
32000,14000,13.49,0.44,2,1
30000,2000,12.61,0.07,4,0
32000,14000,12.23,0.44,3,1
32400,14000,7.51,0.43,4,1
32500,14000,14.17,0.43,2,1
34000,14000,10.62,0.41,4,1
30000,8000,6.17,0.27,2,0
37000,14000,6.92,0.38,2,1
37000,14000,9.88,0.38,4,1
37148,14000,14.42,0.38,3,1
37947,14000,7.9,0.37,2,1
39000,14000,10.37,0.36,3,1
39900,14000,10.37,0.35,3,1
40000,14000,6.03,0.35,2,1
40000,14000,13.11,0.35,3,1
34000,14000,14.61,0.41,2,1
30000,10000,12.61,0.33,3,0
30000,2000,14.46,0.07,4,0
30000,1000,13.72,0.03,4,0
30000,5000,6.91,0.17,3,0
34400,14000,16.0,0.41,3,1
41340,14000,17.49,0.34,3,1
15000,2200,7.88,0.15,2,0
16200,2200,16.49,0.14,2,1
24000,2200,15.23,0.09,4,0
26004,2200,9.91,0.08,2,1
27500,2200,12.53,0.08,4,0
27996,2200,15.95,0.08,2,1
35360,2200,7.49,0.06,2,0
38400,2200,12.69,0.06,3,0
30000,12000,16.45,0.4,3,0
39000,2200,10.99,0.06,4,0
39270,2200,11.72,0.06,2,0
30000,4500,14.72,0.15,4,0
30000,5000,10.38,0.17,4,0
46080,2200,11.99,0.05,2,0
55000,2200,5.79,0.04,4,0
30000,8000,7.88,0.27,2,0
30000,9000,7.51,0.3,4,0
75000,2200,7.9,0.03,4,0
52500,2225,7.66,0.04,3,0
30000,6000,14.35,0.2,2,0
16000,2250,13.49,0.14,4,0
29140,2250,12.73,0.08,4,0
42000,2250,10.38,0.05,4,0
14000,2300,15.33,0.16,2,1
25920,2300,11.11,0.09,4,0
30000,7000,13.98,0.23,2,0
30000,2300,10.99,0.08,2,0
34416,2300,6.76,0.07,2,0
36400,2300,7.4,0.06,2,0
62400,2300,11.71,0.04,3,0
30000,5000,11.12,0.17,2,0
78000,2300,17.58,0.03,2,0
30000,5000,10.38,0.17,4,0
30000,5000,13.23,0.17,4,0
14400,2350,9.91,0.16,4,1
44400,2350,13.98,0.05,3,0
12000,2400,6.92,0.2,2,1
30000,4000,7.14,0.13,3,0
13000,2400,16.82,0.18,3,1
13288,2400,17.27,0.18,2,1
30000,5000,13.48,0.17,2,1
30000,4000,7.14,0.13,2,0
15648,2400,11.71,0.15,4,0
16428,2400,12.23,0.15,4,0
16800,2400,13.98,0.14,4,1
30000,4500,10.62,0.15,3,0
18000,2400,13.06,0.13,2,1
30000,2400,13.11,0.08,2,0
30000,3200,13.48,0.11,4,0
18000,2400,14.72,0.13,2,0
18000,2400,13.61,0.13,3,0
30000,13750,14.22,0.46,4,0
20000,2400,15.62,0.12,2,1
30000,5500,10.99,0.18,3,0
21600,2400,16.29,0.11,4,1
21600,2400,15.23,0.11,4,1
21996,2400,12.53,0.11,4,0
30000,1750,10.99,0.06,4,0
22790,2400,8.94,0.11,4,0
22800,2400,10.36,0.11,4,0
30000,5000,11.48,0.17,4,0
23000,2400,5.99,0.1,3,0
24000,2400,16.29,0.1,3,0
25000,2400,15.28,0.1,3,1
30000,3000,11.14,0.1,3,0
25000,2400,13.8,0.1,4,0
25000,2400,13.61,0.1,4,0
26000,2400,11.58,0.09,4,1
26400,2400,14.79,0.09,2,0
26400,2400,13.92,0.09,3,1
27259,2400,10.59,0.09,2,0
28000,2400,11.49,0.09,3,0
28800,2400,14.26,0.08,4,1
30000,2400,17.19,0.08,2,1
30000,2400,16.49,0.08,2,1
30000,2400,13.72,0.08,4,0
30720,2400,7.9,0.08,3,0
30000,6500,7.74,0.22,4,0
30720,2400,13.98,0.08,4,1
32000,2400,11.99,0.07,3,0
32400,2400,16.77,0.07,3,0
32995,2400,11.48,0.07,4,0
35000,2400,12.53,0.07,3,0
30000,12000,8.94,0.4,4,0
37800,2400,14.26,0.06,3,0
40000,2400,8.9,0.06,3,0
40000,2400,5.42,0.06,3,0
30000,6000,13.22,0.2,3,0
30000,11500,8.59,0.38,4,0
40000,2400,12.73,0.06,2,0
30000,1000,7.4,0.03,2,0
34000,2400,10.83,0.07,4,1
41300,2400,12.68,0.06,2,0
41600,2400,12.22,0.06,2,0
30000,6000,13.57,0.2,2,0
30000,3500,8.0,0.12,4,0
30000,5000,11.89,0.17,4,1
30000,4000,13.16,0.13,4,0
30000,8000,9.32,0.27,4,0
30000,4750,9.63,0.16,2,1
43000,2400,10.99,0.06,4,0
37080,2400,10.65,0.06,3,1
44000,2400,7.66,0.05,4,0
44004,2400,14.09,0.05,4,0
30000,1000,8.0,0.03,2,0
45000,2400,12.18,0.05,4,0
46000,2400,9.91,0.05,4,0
47000,2400,13.75,0.05,4,0
30000,6600,14.42,0.22,4,0
48000,2400,8.49,0.05,4,0
48000,2400,10.59,0.05,3,0
48000,2400,12.99,0.05,4,0
49800,2400,11.83,0.05,2,0
52000,2400,7.88,0.05,4,0
30000,6950,9.32,0.23,4,0
54000,2400,8.0,0.04,3,0
54500,2400,9.32,0.04,3,0
56000,2400,8.9,0.04,3,0
57500,2400,15.23,0.04,3,0
60000,2400,11.49,0.04,3,0
54000,2400,13.49,0.04,4,1
54000,2400,14.09,0.04,2,1
30000,14000,9.38,0.47,4,0
63000,2400,7.14,0.04,4,0
63300,2400,7.9,0.04,4,0
66000,2400,7.4,0.04,2,0
67000,2400,12.99,0.04,2,0
30000,5000,10.71,0.17,2,0
95000,2400,5.99,0.03,3,0
95000,2400,9.25,0.03,2,0
87999,2400,14.79,0.03,4,1
36000,2425,8.49,0.07,4,0
24000,2450,7.9,0.1,2,0
10800,2500,8.88,0.23,2,1
12000,2500,11.99,0.21,4,1
12540,2500,7.88,0.2,2,1
12600,2500,13.11,0.2,2,1
95000,13600,11.11,0.14,2,0
31000,13500,13.43,0.44,4,1
38000,13500,9.91,0.36,3,1
43000,13500,10.95,0.31,3,1
45312,13500,7.88,0.3,3,0
30200,9200,10.99,0.3,2,0
51000,13500,12.23,0.26,2,0
30280,5800,7.29,0.19,2,0
30288,6000,12.73,0.2,2,0
30288,5000,19.47,0.17,3,1
30300,5000,7.74,0.17,2,0
53000,13500,6.99,0.25,3,0
57000,13500,6.92,0.24,2,0
57772,13500,13.99,0.23,2,0
60000,13500,7.49,0.23,2,0
68000,13500,10.62,0.2,4,0
68000,13500,12.21,0.2,2,0
71000,13500,12.69,0.19,3,0
77508,13500,12.87,0.17,2,0
30576,10000,6.03,0.33,4,0
100000,13500,7.14,0.14,3,0
185000,13500,5.99,0.07,3,0
35000,13475,10.65,0.39,3,1
30652,6000,14.54,0.2,2,1
29000,13475,14.26,0.46,4,1
29000,13450,12.61,0.46,3,1
38000,13400,9.99,0.35,2,1
30720,2000,11.12,0.07,2,0
50000,13350,14.59,0.27,2,1
33000,13300,7.66,0.4,4,1
39875,13300,16.0,0.33,4,1
54000,13275,17.58,0.25,2,0
30873,4200,10.99,0.14,4,0
30000,13250,16.4,0.44,3,1
37500,13250,13.49,0.35,3,1
38400,13250,10.99,0.35,4,1
40000,13250,11.71,0.33,2,1
35000,13225,13.49,0.38,3,1
40000,13225,16.77,0.33,2,1
30996,5000,11.86,0.16,2,0
30996,8000,7.51,0.26,3,0
31500,13200,11.71,0.42,4,1
46596,13200,12.53,0.28,4,0
60000,13200,6.62,0.22,4,0
60000,13200,8.49,0.22,3,0
54000,13200,14.91,0.24,2,1
31000,6000,7.51,0.19,4,0
72000,13200,7.29,0.18,3,0
75000,13200,6.17,0.18,4,0
76000,13200,12.23,0.17,4,0
31000,7500,5.42,0.24,4,0
80952,13200,16.77,0.16,4,0
71040,13100,7.49,0.18,2,0
31000,5000,5.42,0.16,2,0
31000,5200,5.42,0.17,4,0
31000,6000,7.66,0.19,2,0
31000,8000,5.42,0.26,4,0
31000,9000,14.84,0.29,4,1
31000,10000,10.38,0.32,4,0
28800,13000,14.46,0.45,2,1
31000,12250,11.36,0.4,3,1
30000,13000,13.11,0.43,3,1
31200,13000,13.11,0.42,2,1
33800,13000,13.57,0.38,4,1
34000,13000,9.63,0.38,2,1
35000,13000,13.22,0.37,2,1
36000,13000,17.27,0.36,4,1
31000,5000,13.79,0.16,4,0
36000,13000,7.29,0.36,3,1
31000,4000,10.33,0.13,2,0
31000,3000,12.54,0.1,3,0
30000,13000,13.57,0.43,2,1
36000,13000,11.14,0.36,4,1
37000,13000,10.25,0.35,4,1
31164,4500,6.62,0.14,2,0
38400,13000,11.71,0.34,3,1
38400,13000,10.74,0.34,3,1
31200,9250,7.9,0.3,2,0
39000,13000,11.83,0.33,4,1
40000,13000,10.99,0.33,3,1
40000,13000,14.26,0.33,3,1
31200,2400,17.58,0.08,4,1
40800,13000,13.57,0.32,2,1
31200,3200,10.99,0.1,2,0
36000,13000,5.99,0.36,4,1
42000,13000,15.31,0.31,3,1
43000,13000,12.87,0.3,4,0
37200,13000,16.0,0.35,2,1
44000,13000,13.47,0.3,2,0
44100,13000,8.9,0.29,4,0
39000,13000,10.75,0.33,4,1
31200,7550,9.99,0.24,4,0
46000,13000,10.99,0.28,3,0
31200,11200,5.42,0.36,2,0
31200,6000,5.79,0.19,4,0
48000,13000,9.99,0.27,2,0
31200,2000,7.29,0.06,3,0
48000,13000,11.26,0.27,3,0
49000,13000,6.17,0.27,4,0
44000,13000,16.29,0.3,3,1
20640,2500,12.68,0.12,3,0
31200,8400,7.51,0.27,3,0
21600,2500,5.99,0.12,3,0
21996,2500,11.89,0.11,2,0
22000,2500,7.14,0.11,4,0
31200,1050,7.51,0.03,4,1
22000,2500,7.51,0.11,2,0
22000,2500,9.76,0.11,2,0
22200,2500,16.29,0.11,4,1
22406,2500,6.76,0.11,4,1
24000,2500,11.71,0.1,2,0
31200,1000,14.59,0.03,2,0
24000,2500,10.74,0.1,3,0
31200,10000,12.18,0.32,2,0
31200,3500,7.74,0.11,2,0
24960,2500,7.51,0.1,2,0
31200,6700,14.26,0.21,2,0
24996,2500,12.98,0.1,4,0
24996,2500,10.99,0.1,3,1
25000,2500,6.91,0.1,2,0
25000,2500,13.48,0.1,4,0
25000,2500,11.14,0.1,3,0
31215,14000,9.91,0.45,3,0
26400,2500,10.62,0.09,2,0
26940,2500,5.42,0.09,4,0
27000,2500,13.61,0.09,4,0
27024,2500,16.69,0.09,2,0
31500,8250,7.51,0.26,4,0
27200,2500,13.49,0.09,4,0
31500,14000,8.9,0.44,3,0
31500,8000,6.03,0.25,2,0
28200,2500,16.77,0.09,2,1
28500,2500,11.36,0.09,4,0
29000,2500,10.99,0.09,3,0
29000,2500,12.84,0.09,3,1
30000,2500,9.88,0.08,2,0
31500,4500,9.88,0.14,2,0
31000,2500,14.54,0.08,3,1
31200,2500,10.37,0.08,3,0
31544,2200,7.9,0.07,2,0
31577,2500,6.92,0.08,4,0
32000,2500,7.4,0.08,3,0
33000,2500,10.59,0.08,2,0
33448,2500,11.66,0.07,2,0
33500,2500,15.68,0.07,4,1
34368,2500,12.87,0.07,2,0
31776,6000,8.9,0.19,3,0
34800,2500,6.39,0.07,2,0
35000,2500,8.9,0.07,3,0
35000,2500,7.51,0.07,2,0
30000,2500,8.49,0.08,2,1
30000,2500,7.14,0.08,4,1
30000,2500,13.16,0.08,4,1
37000,2500,7.14,0.07,3,0
32000,2500,16.45,0.08,2,1
38060,2500,12.53,0.07,2,0
39200,2500,7.74,0.06,3,0
32000,10000,11.71,0.31,2,0
40000,2500,15.27,0.06,3,0
40000,2500,9.99,0.06,3,0
32000,5600,7.9,0.17,3,0
34000,2500,13.57,0.07,3,1
35500,2500,15.62,0.07,2,1
36000,2500,16.77,0.07,3,1
42000,2500,9.99,0.06,2,0
32000,1700,7.9,0.05,4,0
42000,2500,11.49,0.06,2,0
42000,2500,13.61,0.06,4,0
42000,2500,13.92,0.06,3,0
36228,2500,7.66,0.07,2,1
32000,2500,11.71,0.08,3,1
43000,2500,13.49,0.06,2,0
37000,2500,17.49,0.07,3,1
45000,2500,12.69,0.06,4,0
32000,8000,5.99,0.25,3,0
32000,6000,5.42,0.19,4,0
32000,2000,5.99,0.06,2,0
45000,2500,14.35,0.06,2,0
46000,2500,8.49,0.05,4,0
46500,2500,14.72,0.05,3,0
47004,2500,15.65,0.05,3,0
32000,6000,8.49,0.19,2,0
48000,2500,13.35,0.05,4,0
49500,2500,14.27,0.05,2,0
32000,4900,5.99,0.15,3,0
45630,2500,18.64,0.05,2,1
32000,11050,7.49,0.35,2,0
52000,2500,14.82,0.05,2,0
46180,2500,13.98,0.05,3,1
54000,2500,13.98,0.05,2,0
54000,2500,16.32,0.05,2,0
32000,15000,11.11,0.47,4,0
54996,2500,14.35,0.05,4,0
48996,2500,14.59,0.05,2,1
55000,2500,7.88,0.05,2,0
57600,2500,14.72,0.04,3,0
32000,3250,10.74,0.1,2,1
59000,2500,14.96,0.04,2,0
60000,2500,8.63,0.04,3,0
61000,2500,7.49,0.04,3,0
32000,4800,12.61,0.15,3,0
32000,6250,11.49,0.2,3,0
63000,2500,14.72,0.04,2,0
64000,2500,10.99,0.04,3,0
65004,2500,10.08,0.04,2,0
69996,2500,12.53,0.04,3,0
32000,3000,10.75,0.09,4,0
54400,2500,16.49,0.04,3,1
32000,4500,6.76,0.14,2,0
64000,2500,11.14,0.04,3,1
70082,2500,12.61,0.04,4,0
79800,2500,9.62,0.03,2,0
82400,2500,13.92,0.03,3,0
85000,2500,8.59,0.03,2,0
92500,2500,10.74,0.03,3,0
32000,12250,8.94,0.38,4,0
112995,2500,7.37,0.02,3,0
121000,2500,7.66,0.02,4,0
200004,2500,13.61,0.01,2,0
10560,2800,9.99,0.27,4,1
13000,2800,15.21,0.22,2,1
13380,2800,14.61,0.21,2,1
14400,2800,6.54,0.19,3,1
32000,6950,7.74,0.22,3,0
14800,2800,8.0,0.19,3,1
15000,2800,15.31,0.19,4,1
32000,1200,7.68,0.04,4,0
15600,2800,7.4,0.18,4,1
32000,15000,11.58,0.47,4,0
20800,2800,15.21,0.13,4,1
32000,4500,16.0,0.14,4,0
21168,2800,14.22,0.13,4,0
24000,2800,11.49,0.12,4,1
32000,8000,13.16,0.25,2,0
32000,4200,11.58,0.13,2,0
32000,2500,7.68,0.08,3,1
26500,2800,12.29,0.11,3,0
27000,2800,7.51,0.1,3,1
32000,1200,9.96,0.04,2,0
32000,2500,12.8,0.08,3,1
28800,2800,10.38,0.1,2,0
29376,2800,7.43,0.1,4,0
30000,2800,14.65,0.09,3,0
19200,2850,15.27,0.15,4,0
32004,7200,5.42,0.22,4,0
45000,2850,11.86,0.06,2,0
32004,9250,17.19,0.29,4,0
90000,2850,5.99,0.03,3,0
28000,2875,15.23,0.1,3,0
36800,2875,11.28,0.08,4,0
32004,10000,7.51,0.31,2,0
66000,2875,7.49,0.04,2,0
32004,14000,12.73,0.44,4,0
19000,2900,8.0,0.15,2,0
31200,2900,9.91,0.09,2,0
50000,2900,8.0,0.06,4,0
27000,2925,10.71,0.11,4,0
32004,10000,10.83,0.31,3,0
32004,6600,9.07,0.21,3,0
25000,2975,9.96,0.12,2,0
49800,2975,7.9,0.06,2,0
32112,15000,13.98,0.47,3,0
10000,3000,7.9,0.3,3,1
32198,1000,10.95,0.03,2,0
12000,3000,8.9,0.25,4,1
12000,3000,7.88,0.25,3,1
32268,8000,8.0,0.25,3,0
14000,3000,7.74,0.21,3,1
14400,3000,13.43,0.21,3,1
32352,1000,15.27,0.03,2,1
14400,3000,9.63,0.21,2,1
32388,6000,10.71,0.19,4,0
15000,3000,9.91,0.2,3,1
15000,3000,7.51,0.2,4,1
32400,4200,10.99,0.13,4,0
32400,10000,13.99,0.31,3,0
32400,5000,7.49,0.15,3,0
32400,4800,7.29,0.15,4,0
32400,3625,6.92,0.11,3,0
16080,3000,16.29,0.19,2,1
32400,10000,5.42,0.31,2,0
16320,3000,13.92,0.18,4,1
17400,3000,11.83,0.17,4,1
17520,3000,10.37,0.17,4,1
17916,3000,6.0,0.17,3,1
18000,3000,11.71,0.17,4,1
18000,3000,7.9,0.17,2,1
32400,5000,16.0,0.15,2,1
18000,3000,15.27,0.17,2,1
18000,3000,15.99,0.17,2,1
18000,3000,13.99,0.17,4,1
32450,3250,6.99,0.1,4,0
18000,3000,10.59,0.17,3,1
18000,3000,13.06,0.17,2,1
18000,3000,11.86,0.17,2,1
32500,12500,7.9,0.38,4,0
18008,3000,9.7,0.17,2,1
32500,2500,6.99,0.08,3,0
18864,3000,10.99,0.16,4,1
32500,14500,11.99,0.45,4,0
19000,3000,13.06,0.16,2,1
19200,3000,12.99,0.16,2,1
19200,3000,9.99,0.16,3,1
32500,6600,12.73,0.2,4,0
32500,3000,13.22,0.09,4,0
32500,3500,8.59,0.11,2,0
19200,3000,10.99,0.16,2,1
20000,3000,13.11,0.15,4,0
20004,3000,10.37,0.15,3,0
20800,3000,11.46,0.14,4,0
32760,6000,10.59,0.18,2,0
21000,3000,10.59,0.14,2,0
21000,3000,12.68,0.14,2,0
21600,3000,13.49,0.14,3,0
32900,3000,9.99,0.09,2,0
22000,3000,10.33,0.14,2,0
22800,3000,6.62,0.13,3,0
23000,3000,5.79,0.13,2,0
23000,3000,8.0,0.13,3,0
33000,12000,9.91,0.36,2,0
30000,3000,6.03,0.1,3,0
30000,3000,19.29,0.1,2,1
30000,3000,7.49,0.1,3,0
33000,8875,10.65,0.27,4,0
30000,3000,7.49,0.1,2,0
30000,3000,10.37,0.1,2,0
30000,3000,5.79,0.1,3,0
30000,3000,12.98,0.1,3,0
30000,3000,15.2,0.1,2,1
30000,3000,9.62,0.1,4,0
30000,3000,13.61,0.1,2,0
30000,3000,11.12,0.1,3,0
30000,3000,16.32,0.1,3,0
30000,3000,11.86,0.1,4,0
30000,3000,13.98,0.1,2,1
33000,2500,6.03,0.08,4,0
33000,8000,6.62,0.24,4,0
33000,2000,14.27,0.06,4,1
30000,3000,12.21,0.1,4,1
30000,3000,11.89,0.1,4,0
33000,3000,11.99,0.09,2,0
30960,3000,15.62,0.1,4,0
33000,5000,8.49,0.15,3,0
31131,3000,13.36,0.1,4,1
33000,10150,8.49,0.31,2,0
31200,3000,11.86,0.1,4,0
31200,3000,11.89,0.1,2,0
31356,3000,7.68,0.1,4,0
33000,8325,15.99,0.25,3,0
33000,1250,19.29,0.04,4,0
33000,8000,7.49,0.24,3,0
32000,3000,8.94,0.09,3,0
32000,3000,12.29,0.09,2,0
33000,2050,13.49,0.06,2,1
32004,3000,9.32,0.09,2,0
32400,3000,10.0,0.09,2,0
32400,3000,16.45,0.09,3,0
32640,3000,10.75,0.09,2,0
33000,3000,5.99,0.09,4,0
33000,12375,7.29,0.38,2,0
33000,3000,5.99,0.09,2,0
33000,3000,10.95,0.09,4,0
33189,3000,11.12,0.09,2,0
34008,3000,10.0,0.09,4,0
34500,3000,11.83,0.09,2,0
29000,3000,6.62,0.1,2,1
35000,3000,13.85,0.09,3,0
35000,3000,10.01,0.09,2,0
29244,3000,13.3,0.1,2,1
35256,3000,10.74,0.09,2,0
36000,3000,11.71,0.08,3,0
36000,3000,7.29,0.08,3,0
36000,3000,7.88,0.08,4,0
36000,3000,13.92,0.08,3,0
33000,3000,14.35,0.09,3,0
36600,3000,9.33,0.08,2,0
37000,3000,11.71,0.08,2,0
33000,7800,9.88,0.24,2,0
37000,3000,6.39,0.08,3,0
38000,3000,13.06,0.08,4,0
38000,3000,7.05,0.08,4,0
38000,3000,10.28,0.08,3,0
33000,12500,14.26,0.38,2,0
33000,8125,8.59,0.25,4,0
33000,4400,8.0,0.13,3,0
38400,3000,17.56,0.08,2,0
38748,3000,7.29,0.08,3,0
33000,4000,13.04,0.12,4,0
33000,3000,11.49,0.09,3,1
39996,3000,14.35,0.08,3,0
33000,7000,7.43,0.21,4,0
33012,12200,10.99,0.37,4,0
40000,3000,13.49,0.07,3,0
40000,3000,10.74,0.07,3,0
33098,9000,16.29,0.27,3,1
33168,6425,9.63,0.19,3,0
40000,3000,10.25,0.07,2,0
40000,3000,14.22,0.07,4,0
43000,3000,8.49,0.07,4,0
37000,3000,11.11,0.08,2,1
37000,3000,10.75,0.08,4,1
43200,3000,13.8,0.07,3,0
43200,3000,13.72,0.07,3,0
43500,3000,5.42,0.07,3,0
43500,3000,8.0,0.07,2,0
33280,11200,13.92,0.34,4,1
43949,3000,11.49,0.07,3,0
44000,3000,9.25,0.07,3,0
33300,9000,13.57,0.27,4,0
33316,5000,6.54,0.15,2,0
33321,12250,13.11,0.37,4,0
33360,6000,10.59,0.18,3,0
33360,2500,7.14,0.07,3,0
45000,3000,7.9,0.07,4,0
45000,3000,7.49,0.07,4,0
45000,3000,9.99,0.07,4,0
45000,3000,11.99,0.07,4,0
39000,3000,14.61,0.08,4,1
45000,3000,9.32,0.07,2,0
39327,3000,13.67,0.08,2,1
33600,7125,7.51,0.21,3,0
33600,5000,18.25,0.15,2,0
33600,2500,8.9,0.07,2,0
40000,3000,17.27,0.07,2,1
33600,8000,6.99,0.24,2,0
47000,3000,6.62,0.06,2,0
47208,3000,13.92,0.06,2,0
47500,3000,6.76,0.06,2,0
33600,4000,14.79,0.12,2,0
33600,12000,5.42,0.36,2,0
48000,3000,14.79,0.06,2,0
48000,3000,13.47,0.06,4,0
48000,3000,9.76,0.06,4,0
48000,3000,10.14,0.06,3,0
33600,12000,9.99,0.36,3,0
49800,3000,7.88,0.06,3,0
50000,3000,6.03,0.06,3,0
44000,3000,7.49,0.07,4,1
50000,3000,8.49,0.06,2,0
44000,3000,7.66,0.07,4,1
50000,3000,6.91,0.06,2,0
33600,10750,7.88,0.32,2,0
44000,3000,9.62,0.07,4,1
33600,5000,7.14,0.15,3,0
50000,3000,9.88,0.06,4,0
50000,3000,10.99,0.06,3,0
51000,3000,8.9,0.06,2,0
51600,3000,10.65,0.06,3,0
51600,3000,12.68,0.06,4,0
51684,3000,10.59,0.06,2,0
45996,3000,15.62,0.07,2,1
51996,3000,10.37,0.06,2,0
33640,12000,10.65,0.36,3,0
52000,3000,5.99,0.06,2,0
52000,3000,12.99,0.06,4,0
33685,5000,13.85,0.15,3,0
48609,12000,7.49,0.25,3,0
33800,14400,7.88,0.43,3,0
48645,12000,10.25,0.25,4,0
33800,10000,15.31,0.3,4,0
33800,13000,15.31,0.38,4,0
48672,12000,7.42,0.25,3,0
49200,12000,15.23,0.24,3,0
33990,1000,10.59,0.03,2,1
49600,12000,7.14,0.24,4,0
33996,4000,14.91,0.12,2,0
50000,12000,16.77,0.24,3,0
33996,5100,11.12,0.15,4,0
33996,2500,7.88,0.07,3,1
33996,10000,14.96,0.29,3,0
50000,12000,11.71,0.24,3,0
50000,12000,10.59,0.24,3,0
50000,12000,17.14,0.24,4,0
44000,12000,12.23,0.27,3,1
50000,12000,6.54,0.24,3,0
44000,12000,11.86,0.27,2,1
50000,12000,7.51,0.24,4,0
50000,12000,7.88,0.24,4,0
50000,12000,7.88,0.24,2,0
50000,12000,12.87,0.24,2,0
50004,12000,10.0,0.24,2,0
44004,12000,15.31,0.27,3,1
44004,12000,16.0,0.27,2,1
50361,12000,12.73,0.24,4,0
34000,12000,6.03,0.35,4,0
50500,12000,11.58,0.24,4,0
34000,10000,12.42,0.29,3,0
34000,2500,6.03,0.07,2,0
34000,10000,6.99,0.29,4,0
51000,12000,12.99,0.24,3,0
51996,12000,12.21,0.23,4,0
52000,12000,7.51,0.23,3,0
34000,2000,7.66,0.06,4,1
52000,12000,11.99,0.23,3,0
34000,10950,7.29,0.32,2,0
34000,5000,5.79,0.15,4,0
52000,12000,13.61,0.23,3,0
34000,6000,6.92,0.18,4,0
52000,12000,13.57,0.23,2,0
34000,6000,6.76,0.18,2,0
46800,12000,13.11,0.26,4,1
34000,7200,6.76,0.21,2,1
34000,5100,14.35,0.15,4,0
47000,12000,16.29,0.26,3,1
53000,12000,11.11,0.23,3,0
53000,12000,14.59,0.23,3,0
34000,11500,10.99,0.34,2,0
53000,12000,12.53,0.23,4,0
54000,12000,10.99,0.22,2,0
34000,6000,15.7,0.18,3,1
54000,12000,8.49,0.22,4,0
54000,12000,8.49,0.22,4,0
54000,12000,11.36,0.22,2,0
48400,12000,14.65,0.25,3,1
34000,10000,12.87,0.29,4,0
54996,12000,10.37,0.22,2,0
34000,10000,12.18,0.29,4,0
54996,12000,7.88,0.22,4,0
54996,12000,8.32,0.22,4,0
55000,12000,12.42,0.22,3,0
34000,6000,14.11,0.18,4,0
34000,10000,11.26,0.29,3,0
55000,12000,10.65,0.22,3,0
34000,5000,9.63,0.15,3,0
55000,12000,10.62,0.22,2,0
34000,7000,11.28,0.21,2,0
49000,12000,13.49,0.24,2,1
55008,12000,13.79,0.22,2,0
55032,12000,9.63,0.22,2,0
34056,1500,10.65,0.04,3,0
56000,12000,6.91,0.21,2,0
34174,9000,13.47,0.26,4,0
34200,5500,7.49,0.16,4,0
56000,12000,10.75,0.21,4,0
56000,12000,11.49,0.21,2,0
56000,12000,10.75,0.21,3,0
56000,12000,8.94,0.21,3,0
56000,12000,14.26,0.21,2,0
50100,12000,14.74,0.24,2,1
56755,12000,10.99,0.21,2,0
57000,12000,10.99,0.21,4,0
34348,5000,7.9,0.15,3,0
51000,12000,17.99,0.24,4,1
57000,12000,7.29,0.21,4,0
51000,12000,7.88,0.24,3,1
57000,12000,13.11,0.21,2,0
57000,12000,8.94,0.21,2,0
57720,12000,12.87,0.21,3,0
51780,12000,13.47,0.23,3,1
51840,12000,15.95,0.23,3,1
34500,6400,7.51,0.19,2,0
58000,12000,9.91,0.21,3,0
58000,12000,11.49,0.21,4,0
58000,12000,13.11,0.21,2,0
52260,12000,9.99,0.23,4,1
34515,5400,7.68,0.16,4,0
59000,12000,10.37,0.2,3,0
34560,10000,10.59,0.29,2,0
52000,3000,11.49,0.06,4,0
52800,3000,10.99,0.06,4,0
34600,6800,12.69,0.2,4,0
34600,4000,5.42,0.12,2,0
53000,3000,13.99,0.06,2,0
34662,3000,10.75,0.09,4,1
34800,1500,13.49,0.04,3,0
54000,3000,9.32,0.06,3,0
34800,5975,11.49,0.17,4,0
34800,5125,6.99,0.15,2,1
34800,9450,5.99,0.27,4,0
55000,3000,6.99,0.05,2,0
55000,3000,12.68,0.05,4,0
49000,3000,12.68,0.06,3,1
49000,3000,12.23,0.06,2,1
55000,3000,9.88,0.05,2,0
55000,3000,6.39,0.05,4,0
55500,3000,10.59,0.05,3,0
34900,4000,9.99,0.11,2,0
56000,3000,12.69,0.05,3,0
34977,13000,16.0,0.37,2,0
34980,6000,11.48,0.17,2,0
50160,3000,14.42,0.06,2,1
57000,3000,5.42,0.05,3,0
35000,8000,11.71,0.23,2,0
57000,3000,7.88,0.05,3,0
35000,12000,12.42,0.34,2,0
58000,3000,11.83,0.05,2,0
58500,3000,9.88,0.05,2,0
59000,3000,7.14,0.05,2,0
59300,3000,9.63,0.05,3,0
35000,5000,11.71,0.14,4,0
60000,3000,17.58,0.05,2,0
60000,3000,15.62,0.05,2,0
35000,4800,6.03,0.14,2,0
35000,15000,14.27,0.43,2,0
60000,3000,10.0,0.05,3,0
60000,3000,7.51,0.05,2,0
60000,3000,10.25,0.05,4,0
35000,6900,12.42,0.2,3,0
60000,3000,11.89,0.05,4,0
60996,3000,12.22,0.05,4,0
35000,8575,10.65,0.24,4,0
35000,9500,6.03,0.27,3,0
55160,3000,8.9,0.05,3,1
61200,3000,12.42,0.05,2,0
35000,5000,14.27,0.14,3,0
62000,3000,9.99,0.05,2,0
56500,3000,14.84,0.05,3,1
57000,3000,14.59,0.05,2,1
35000,7000,16.29,0.2,4,0
35000,7500,7.9,0.21,3,0
58170,3000,9.07,0.05,2,1
58800,3000,10.36,0.05,4,1
58992,3000,12.84,0.05,3,1
65000,3000,8.49,0.05,4,0
35000,10000,7.9,0.29,4,0
65000,3000,6.99,0.05,4,0
35000,8000,12.69,0.23,4,0
65000,3000,5.79,0.05,2,0
65004,3000,14.84,0.05,3,0
35000,8000,12.69,0.23,3,0
65004,3000,13.61,0.05,3,0
66000,3000,5.99,0.05,2,0
60000,3000,13.47,0.05,3,1
67000,3000,10.99,0.04,2,0
35000,12000,12.42,0.34,3,0
35000,8000,9.91,0.23,3,0
35000,5000,7.9,0.14,3,0
67500,3000,8.88,0.04,2,0
67500,3000,9.32,0.04,4,0
68000,3000,11.78,0.04,2,0
54400,3000,19.42,0.05,2,1
70000,3000,14.27,0.04,2,0
70000,3000,7.29,0.04,4,0
64000,3000,15.21,0.05,4,1
35000,15000,7.49,0.43,4,0
35000,6000,7.49,0.17,4,0
71000,3000,14.65,0.04,4,0
35000,7200,10.59,0.21,3,0
72000,3000,11.99,0.04,2,0
72000,3000,7.43,0.04,2,0
72054,3000,7.29,0.04,2,0
73000,3000,12.18,0.04,3,0
74250,3000,11.99,0.04,4,0
35000,2100,5.42,0.06,3,0
29000,6000,15.62,0.21,3,1
35000,4800,10.99,0.14,3,0
75000,3000,8.9,0.04,2,0
35000,4800,5.42,0.14,3,0
35000,3825,7.49,0.11,4,0
77200,3000,9.63,0.04,2,0
77500,3000,6.54,0.04,4,0
78000,3000,16.89,0.04,3,0
78000,3000,6.99,0.04,4,0
78000,3000,16.32,0.04,2,0
83000,3000,9.63,0.04,3,0
84000,3000,5.79,0.04,3,0
67147,3000,16.02,0.04,4,1
35000,3500,11.49,0.1,3,0
85000,3000,10.99,0.04,2,0
85000,3000,7.49,0.04,3,0
89523,3000,10.25,0.03,3,0
35000,5500,5.42,0.16,2,0
35000,10000,11.99,0.29,4,0
35000,5000,5.99,0.14,4,0
100000,3000,13.57,0.03,3,0
100000,3000,9.76,0.03,3,0
103000,3000,7.88,0.03,4,0
110000,3000,7.88,0.03,2,0
35000,4000,7.29,0.11,2,0
110000,3000,14.22,0.03,3,0
115154,3000,14.27,0.03,2,0
120390,3000,5.79,0.02,4,0
35000,3600,6.92,0.1,2,0
35000,5600,11.11,0.16,4,0
35000,6500,13.43,0.19,2,0
125000,3000,14.72,0.02,3,0
35000,4000,7.29,0.11,2,0
125000,3000,12.21,0.02,4,0
35000,2000,10.37,0.06,2,0
142000,3000,7.88,0.02,2,0
137400,3000,13.06,0.02,2,1
180000,3000,11.12,0.02,2,0
17436,3025,11.49,0.17,2,1
35000,3600,13.43,0.1,3,0
16800,3050,9.91,0.18,3,1
35000,7200,11.11,0.21,4,0
24000,3050,7.49,0.13,4,0
12000,3075,10.37,0.26,2,1
30000,3075,10.59,0.1,2,0
35000,8000,5.42,0.23,2,0
35000,1500,9.63,0.04,4,0
44000,3075,10.99,0.07,3,0
29000,10000,18.62,0.34,3,1
20000,3100,11.71,0.15,4,0
35000,3800,6.54,0.11,3,0
20400,3125,12.61,0.15,3,0
35000,2500,9.25,0.07,3,0
15300,3150,10.99,0.21,4,1
42000,3150,5.79,0.07,4,0
35000,8000,5.79,0.23,4,0
35000,3600,9.99,0.1,4,0
29000,12000,5.42,0.41,4,1
96000,3150,6.0,0.03,2,0
28800,3175,6.03,0.11,4,0
12000,3200,5.99,0.27,3,1
12000,3200,11.49,0.27,2,1
15000,3200,12.21,0.21,2,1
15600,3200,17.93,0.21,4,1
16000,3200,9.32,0.2,2,1
18000,3200,8.49,0.18,3,1
29000,6000,7.88,0.21,2,1
35000,13650,7.51,0.39,4,0
18996,3200,15.28,0.17,3,1
20000,3200,7.14,0.16,4,0
20000,3200,16.0,0.16,2,1
20800,3200,14.84,0.15,2,0
22000,3200,12.69,0.15,4,0
23040,3200,14.79,0.14,2,0
35000,8000,11.86,0.23,3,0
24000,3200,13.57,0.13,4,0
35000,6000,7.51,0.17,4,0
25000,3200,13.11,0.13,4,1
27600,3200,12.21,0.12,2,0
28000,3200,10.59,0.11,2,0
30000,3200,13.99,0.11,2,0
30000,3200,11.14,0.11,3,0
30000,3200,8.0,0.11,4,0
31000,3200,11.49,0.1,4,0
31200,3200,13.49,0.1,4,0
31200,3200,11.99,0.1,2,0
32000,3200,10.2,0.1,3,0
33000,3200,5.42,0.1,4,0
29004,3200,17.49,0.11,2,1
35000,3000,6.76,0.09,3,0
30000,3200,15.62,0.11,4,1
31000,3200,10.37,0.1,3,1
37440,3200,13.04,0.09,2,0
38400,3200,13.49,0.08,2,0
33000,3200,12.99,0.1,2,1
41745,3200,9.63,0.08,3,0
42500,3200,7.49,0.08,4,0
43200,3200,14.35,0.07,4,0
44000,3200,8.0,0.07,2,0
45000,3200,6.54,0.07,4,0
35000,7500,13.92,0.21,3,0
45240,3200,7.37,0.07,3,0
29000,11200,11.14,0.39,4,1
42000,3200,15.7,0.08,2,1
49200,3200,13.48,0.07,3,0
50000,3200,8.49,0.06,4,0
51000,3200,10.99,0.06,2,0
35000,8400,12.18,0.24,3,0
54731,3200,11.83,0.06,2,0
35000,12800,11.83,0.37,2,1
55000,3200,8.49,0.06,3,0
35000,3500,11.48,0.1,4,0
58000,3200,14.35,0.06,2,0
60000,3200,11.71,0.05,2,0
54000,3200,16.49,0.06,4,1
60000,3200,7.14,0.05,3,0
61200,3200,9.91,0.05,2,0
35000,5000,14.42,0.14,2,0
65000,3200,11.71,0.05,3,0
35000,13000,14.74,0.37,3,0
59000,3200,13.8,0.05,3,1
65004,3200,9.99,0.05,4,0
72000,3200,13.92,0.04,3,0
75000,3200,10.28,0.04,4,0
35000,3500,16.0,0.1,3,0
35000,6000,12.21,0.17,4,0
78000,3200,12.99,0.04,4,0
83000,3200,6.99,0.04,3,0
78000,3200,10.99,0.04,3,1
85000,3200,10.25,0.04,4,0
78000,3200,14.59,0.04,3,1
35000,4950,7.68,0.14,4,0
29000,7500,10.08,0.26,4,1
35000,7500,11.34,0.21,2,0
12000,3250,9.99,0.27,2,1
35000,800,7.37,0.02,3,0
14400,3250,16.29,0.23,4,1
16000,3250,12.42,0.2,4,1
17004,3250,6.91,0.19,2,1
18000,3250,13.22,0.18,2,1
35000,5400,12.17,0.15,4,0
35004,3000,7.9,0.09,4,0
20400,3250,14.26,0.16,2,1
25000,3250,13.67,0.13,4,0
35004,9000,10.0,0.26,2,0
28000,3250,14.59,0.12,4,1
35004,7000,5.42,0.2,3,0
35004,1500,9.62,0.04,2,0
30000,3250,5.42,0.11,3,0
35000,3250,6.54,0.09,3,0
39000,3250,8.94,0.08,2,1
35004,3000,15.58,0.09,3,0
29004,7400,17.56,0.26,3,1
35004,9600,7.88,0.27,3,0
35004,8000,14.96,0.23,4,0
28956,3300,8.49,0.11,3,0
35004,10000,7.51,0.29,4,0
33000,3300,12.99,0.1,4,0
33600,3300,15.65,0.1,4,0
35004,3600,8.0,0.1,2,0
66000,3300,14.65,0.05,2,0
90000,3300,11.71,0.04,4,0
37000,3325,11.49,0.09,3,0
35004,8400,10.39,0.24,2,0
30000,3350,14.72,0.11,2,0
36000,3350,7.9,0.09,4,0
33000,3375,13.49,0.1,3,0
24290,3400,7.51,0.14,4,0
28404,3400,8.94,0.12,3,0
29000,3400,15.62,0.12,4,1
40000,3400,6.92,0.09,3,0
51996,3400,17.58,0.07,4,1
29280,12000,11.66,0.41,3,1
35292,2100,7.51,0.06,2,0
80004,3400,8.49,0.04,3,0
35352,6500,5.42,0.18,2,0
29360,8875,12.69,0.3,3,1
35360,9600,5.99,0.27,4,0
114750,3400,12.21,0.03,4,1
35360,12250,15.31,0.35,4,0
35360,10000,8.94,0.28,2,0
14000,3450,12.69,0.25,3,1
25000,3450,11.99,0.14,4,1
12000,3500,15.65,0.29,2,1
35375,5600,6.76,0.16,3,0
12996,3500,8.59,0.27,4,1
13500,3500,9.96,0.26,2,1
15600,3500,16.07,0.22,3,1
29400,12000,11.83,0.41,4,1
29400,12000,9.32,0.41,4,1
18000,3500,13.48,0.19,2,1
18456,3500,13.35,0.19,2,1
19000,3500,7.88,0.18,2,1
20000,3500,13.11,0.17,3,0
20000,3500,10.28,0.17,2,0
35500,9000,7.49,0.25,3,0
20400,3500,6.99,0.17,2,0
35500,4000,12.53,0.11,2,0
35500,3000,11.28,0.08,3,0
21600,3500,7.51,0.16,2,0
22292,3500,16.49,0.16,3,1
29554,5775,5.42,0.2,3,1
23000,3500,10.37,0.15,4,0
35640,10000,13.49,0.28,3,0
24000,3500,15.65,0.15,3,1
35808,8700,7.51,0.24,2,0
24000,3500,10.71,0.15,4,0
24240,3500,9.99,0.14,3,0
35900,6000,15.27,0.17,3,0
26000,3500,6.91,0.13,3,0
26400,3500,15.27,0.13,3,0
26400,3500,8.49,0.13,3,1
36000,11625,13.49,0.32,2,0
27600,3500,10.99,0.13,4,0
36000,11300,12.69,0.31,2,0
30000,3500,7.9,0.12,2,0
30000,3500,5.99,0.12,2,0
30000,3500,14.22,0.12,4,1
30000,3500,13.92,0.12,4,0
31200,3500,6.92,0.11,3,0
36000,5200,9.91,0.14,3,0
33000,3500,11.71,0.11,4,0
33000,3500,10.25,0.11,2,0
34000,3500,14.27,0.1,3,0
36000,12000,11.71,0.33,2,0
36000,5100,8.9,0.14,4,0
34200,3500,12.84,0.1,4,0
35000,3500,6.99,0.1,2,0
35000,3500,9.62,0.1,2,0
36000,5600,7.9,0.16,2,0
35000,3500,11.58,0.1,3,0
35000,3500,12.53,0.1,4,0
35100,3500,5.79,0.1,2,0
35500,3500,10.99,0.1,3,0
36000,3500,6.62,0.1,3,0
36000,1000,12.42,0.03,2,0
30000,3500,11.49,0.12,2,1
38000,3500,10.59,0.09,3,0
36000,5175,6.03,0.14,4,0
38400,3500,13.99,0.09,3,0
39000,3500,9.91,0.09,4,0
39336,3500,5.42,0.09,2,0
40000,3500,7.9,0.09,4,0
40000,3500,11.99,0.09,4,0
40000,3500,13.23,0.09,2,0
36000,3600,16.77,0.1,2,0
30000,8000,6.62,0.27,4,1
41000,3500,10.75,0.09,3,0
36000,8000,10.65,0.22,2,0
42000,3500,5.42,0.08,4,0
30000,4800,10.65,0.16,3,1
42000,3500,10.74,0.08,4,0
42000,3500,10.37,0.08,4,0
36000,7275,6.03,0.2,3,0
36000,14775,6.62,0.41,4,0
42500,3500,12.61,0.08,4,0
42500,3500,11.86,0.08,4,0
36000,1000,9.99,0.03,3,0
44000,3500,12.69,0.08,2,0
45000,3500,10.59,0.08,4,0
39000,3500,11.86,0.09,4,1
45000,3500,12.53,0.08,3,0
30000,12000,5.99,0.4,4,1
47000,3500,9.99,0.07,3,0
36000,8400,5.99,0.23,3,0
30000,10000,15.99,0.33,2,1
36000,5600,7.49,0.16,4,0
36000,7000,7.49,0.19,2,0
47496,3500,12.69,0.07,3,0
48000,3500,13.98,0.07,4,0
48000,3500,13.16,0.07,3,0
36000,2000,11.49,0.06,2,0
48562,3500,8.0,0.07,2,0
50250,3500,7.14,0.07,4,0
51996,3500,9.62,0.07,2,0
45996,3500,12.21,0.08,2,1
52000,3500,7.68,0.07,2,0
52692,3500,12.23,0.07,4,0
36000,14000,12.99,0.39,3,0
54084,3500,9.25,0.06,2,0
36000,2800,6.99,0.08,2,0
30000,13250,13.99,0.44,3,1
55000,3500,8.88,0.06,4,0
55000,3500,9.99,0.06,3,0
57000,3500,12.61,0.06,2,0
51000,3500,13.24,0.07,4,1
58000,3500,8.59,0.06,2,0
59000,3500,8.9,0.06,3,0
60000,3500,5.42,0.06,2,0
36000,5975,7.42,0.17,4,0
60000,3500,11.86,0.06,4,0
36000,6500,5.42,0.18,2,0
36000,7200,5.42,0.2,2,0
36000,4000,5.99,0.11,4,0
36000,5300,7.49,0.15,3,0
56400,3500,15.62,0.06,4,1
63816,3500,9.63,0.05,3,0
65000,3500,7.74,0.05,3,0
59000,3500,15.65,0.06,2,1
36000,6400,11.49,0.18,3,0
30000,6725,6.99,0.22,3,1
36000,5000,14.79,0.14,2,0
36000,3500,13.06,0.1,3,0
70000,3500,5.42,0.05,3,0
64000,3500,14.72,0.05,2,1
74000,3500,12.87,0.05,3,0
68004,3500,15.28,0.05,3,1
74400,3500,7.29,0.05,4,0
74880,3500,11.11,0.05,4,0
75000,3500,7.29,0.05,2,0
77000,3500,7.9,0.05,4,0
78000,3500,9.96,0.04,4,0
81000,3500,10.75,0.04,3,0
78000,3500,11.83,0.04,3,1
36000,7000,11.11,0.19,4,0
36000,4000,5.42,0.11,3,0
94000,3500,11.49,0.04,3,0
98000,3500,8.07,0.04,3,0
110000,3500,13.99,0.03,3,0
26000,3525,6.62,0.14,4,0
36000,12000,7.29,0.33,3,0
36000,3525,14.59,0.1,3,0
10800,3600,12.23,0.33,3,1
36000,11000,5.42,0.31,3,0
12000,3600,9.62,0.3,2,1
12120,3600,8.32,0.3,2,1
36000,7500,9.63,0.21,2,0
36000,9000,5.42,0.25,4,0
15000,3600,15.95,0.24,2,1
36000,12000,10.74,0.33,4,0
18000,3600,6.91,0.2,3,1
18700,3600,8.9,0.19,4,1
20000,3600,11.71,0.18,4,0
21600,3600,10.99,0.17,4,0
24000,3600,6.62,0.15,4,1
36000,4800,13.06,0.13,2,0
24000,3600,11.99,0.15,3,0
24000,3600,14.96,0.15,4,1
24216,3600,16.49,0.15,3,1
24996,3600,14.09,0.14,3,1
26400,3600,14.27,0.14,3,0
30000,3600,15.99,0.12,4,1
30000,3600,5.99,0.12,2,0
30000,3600,7.49,0.12,4,0
30000,3600,10.99,0.12,3,0
30000,3600,8.49,0.12,3,0
36000,7750,9.99,0.22,4,0
36000,15800,13.72,0.44,4,0
30000,3600,14.17,0.12,3,0
30000,3600,6.17,0.12,2,0
36000,1800,6.17,0.05,4,0
36000,4800,6.91,0.13,3,0
30000,3600,12.21,0.12,3,0
30000,3600,9.7,0.12,3,0
36000,10000,5.42,0.28,3,0
31000,3600,12.69,0.12,3,0
36000,1800,6.54,0.05,4,0
31200,3600,8.9,0.12,2,0
36000,14600,12.61,0.41,2,0
36000,6000,8.88,0.17,2,0
31800,3600,7.51,0.11,3,0
32000,3600,7.49,0.11,3,0
32000,3600,9.63,0.11,3,0
33000,3600,10.0,0.11,3,1
35000,3600,11.83,0.1,3,0
36000,12000,7.51,0.33,4,0
36000,3600,15.23,0.1,4,0
36000,3600,12.99,0.1,2,0
36000,6000,7.88,0.17,4,0
36000,3600,5.99,0.1,2,0
36000,3600,7.29,0.1,2,0
36000,10000,10.75,0.28,2,0
30000,4000,16.32,0.13,4,1
37008,3600,12.42,0.1,4,0
38400,3600,12.69,0.09,3,0
38400,3600,13.61,0.09,3,0
36000,3250,6.39,0.09,2,0
36000,8000,13.61,0.22,2,0
36000,12000,15.21,0.33,3,0
36000,1400,14.84,0.04,4,0
36000,4000,6.76,0.11,3,0
33772,3600,16.02,0.11,2,1
40000,3600,15.96,0.09,4,0
36000,4500,7.51,0.13,2,0
40000,3600,13.49,0.09,3,0
36000,4800,17.93,0.13,3,0
40000,3600,5.42,0.09,4,0
36000,5400,7.51,0.15,4,0
36000,9000,7.14,0.25,4,0
36000,4800,10.38,0.13,4,0
40000,3600,10.59,0.09,2,0
36000,8500,7.51,0.24,3,0
40000,3600,6.17,0.09,2,0
40000,3600,11.12,0.09,3,0
36000,7500,7.14,0.21,3,0
36000,6000,7.51,0.17,4,0
42000,3600,14.72,0.09,4,0
36000,15000,11.36,0.42,4,0
37000,11000,6.62,0.3,3,0
37950,11000,11.86,0.29,2,0
36000,2000,14.96,0.06,2,0
36000,15000,10.25,0.42,2,0
39500,11000,12.68,0.28,2,0
39520,11000,5.42,0.28,2,0
39996,11000,5.79,0.28,2,0
34000,11000,15.99,0.32,3,1
41000,11000,12.18,0.27,4,0
41280,11000,15.28,0.27,3,0
36000,10000,9.88,0.28,3,0
36000,7000,12.73,0.19,2,0
36000,10000,7.14,0.28,3,0
41808,11000,17.19,0.26,3,0
42000,11000,11.71,0.26,2,0
36000,11000,10.37,0.31,4,1
36000,11000,13.11,0.31,3,1
36000,8800,13.85,0.24,2,0
30000,10000,14.22,0.33,3,1
43000,11000,8.94,0.26,3,0
44975,11000,6.99,0.24,4,0
45000,11000,6.99,0.24,2,0
45000,11000,9.25,0.24,2,0
36000,5000,12.87,0.14,3,0
36000,5400,14.26,0.15,3,0
45000,11000,9.88,0.24,2,0
45000,11000,14.61,0.24,2,0
36000,5000,14.61,0.14,2,0
45504,11000,10.99,0.24,2,0
46000,11000,10.59,0.24,3,0
36000,4750,11.83,0.13,3,0
46000,11000,7.49,0.24,4,0
47160,11000,11.14,0.23,4,0
48000,11000,7.51,0.23,4,0
30000,9500,15.31,0.32,2,1
48000,11000,10.75,0.23,4,0
48996,11000,7.88,0.22,2,0
49278,11000,13.22,0.22,2,0
50000,11000,13.49,0.22,4,0
36000,3000,13.22,0.08,4,0
50000,11000,10.0,0.22,3,0
50000,11000,12.53,0.22,2,0
44000,11000,15.31,0.25,2,1
50985,11000,13.11,0.22,2,0
36000,6000,12.53,0.17,2,0
36000,6350,8.94,0.18,4,0
46000,11000,16.29,0.24,3,1
52769,11000,10.37,0.21,4,0
53004,11000,5.79,0.21,4,0
30000,10000,13.79,0.33,2,1
30000,1000,9.32,0.03,4,1
56000,11000,7.49,0.2,4,0
36000,8000,9.32,0.22,3,0
58195,11000,9.91,0.19,2,0
59000,11000,10.74,0.19,2,0
36000,6400,9.38,0.18,4,0
60000,11000,14.22,0.18,4,0
36000,10000,8.32,0.28,3,0
65000,11000,7.51,0.17,4,0
36000,6000,12.29,0.17,4,0
36000,8000,9.83,0.22,3,0
69996,11000,11.86,0.16,3,0
70000,11000,6.62,0.16,4,0
71200,11000,12.42,0.15,2,0
80004,11000,12.53,0.14,4,0
85000,11000,6.91,0.13,2,0
87000,11000,11.58,0.13,2,0
90000,11000,11.14,0.12,3,0
36194,9250,10.08,0.26,3,0
100000,11000,5.42,0.11,4,0
30252,10000,9.76,0.33,3,1
116000,11000,8.94,0.09,2,0
30297,7550,13.22,0.25,4,1
36300,9000,6.99,0.25,2,0
30300,5000,10.0,0.17,2,1
120000,11000,12.18,0.09,4,0
125000,11000,12.98,0.09,4,0
36396,5500,11.12,0.15,3,0
47230,10950,6.91,0.23,2,0
30400,9950,15.27,0.33,4,1
60000,10900,15.65,0.18,2,0
35500,10875,12.84,0.31,4,1
36400,11000,12.29,0.3,3,0
33000,10800,12.23,0.33,3,1
34000,10800,14.42,0.32,4,1
36480,10800,8.88,0.3,4,0
33996,10800,11.12,0.32,3,1
36500,2500,10.37,0.07,3,0
40000,10800,6.92,0.27,4,0
43680,10800,5.42,0.25,2,0
45000,10800,6.17,0.24,3,0
45996,10800,13.16,0.23,4,0
30500,3000,14.96,0.1,2,1
36500,3200,9.63,0.09,3,0
36500,7000,13.16,0.19,4,0
42000,10800,13.99,0.26,2,1
30576,3000,14.46,0.1,2,1
36588,10000,10.65,0.27,3,0
36600,9950,7.29,0.27,3,0
50000,10800,10.75,0.22,3,0
36636,5000,6.03,0.14,2,0
36648,7125,9.91,0.19,2,0
44400,10800,18.79,0.24,3,1
55000,10800,8.88,0.2,2,0
55000,10800,13.57,0.2,2,0
30780,5500,8.49,0.18,4,1
36800,12400,7.51,0.34,4,0
57000,10800,13.22,0.19,3,0
57000,10800,16.77,0.19,4,1
68000,10800,10.74,0.16,2,0
36852,6000,9.99,0.16,4,0
72000,10800,7.88,0.15,2,0
69000,10800,7.51,0.16,4,1
58650,10800,16.29,0.16,3,1
36933,10000,12.22,0.27,4,0
75000,10800,9.62,0.14,3,0
62165,10800,15.65,0.15,4,1
115000,10800,14.65,0.09,4,0
36996,10000,7.51,0.27,3,0
30000,10775,10.65,0.36,4,1
29950,10750,14.11,0.36,3,1
30067,10750,12.68,0.36,3,1
36000,10750,16.0,0.3,4,0
37000,6000,8.9,0.16,3,0
39000,10750,14.59,0.28,4,1
32000,10700,6.03,0.33,3,1
48000,10700,9.63,0.22,4,0
37000,6400,11.71,0.17,3,0
68000,10700,12.42,0.16,4,0
37000,10000,15.96,0.27,3,0
37000,3600,11.71,0.1,2,0
37000,2000,14.27,0.05,2,0
37000,8400,10.99,0.23,4,0
37000,7000,15.62,0.19,3,0
25000,10625,11.71,0.42,3,1
37000,15000,8.49,0.41,2,0
30000,10625,11.71,0.35,3,1
30000,10625,6.99,0.35,4,1
30000,10625,6.92,0.35,2,1
37000,6075,5.99,0.16,3,0
62467,10625,8.49,0.17,2,0
31200,10600,12.99,0.34,2,1
33048,10600,11.97,0.32,3,1
42000,10600,13.16,0.25,4,0
57700,10600,14.91,0.18,4,1
75000,10600,10.99,0.14,3,0
94000,10600,12.18,0.11,4,0
37000,2500,10.37,0.07,4,0
30000,10500,16.29,0.35,2,1
37000,15000,6.54,0.41,3,0
30600,10500,13.35,0.34,3,1
29000,10500,9.99,0.36,3,1
35220,10500,7.29,0.3,3,0
37000,13000,7.88,0.35,4,0
36000,10500,10.74,0.29,2,0
34500,10500,8.49,0.3,3,1
41900,10500,8.49,0.25,2,0
44640,10500,10.36,0.24,2,0
45000,10500,6.99,0.23,2,0
37000,10000,10.99,0.27,4,0
49000,10500,9.38,0.21,2,1
58000,10500,11.48,0.18,2,0
85000,10500,6.92,0.12,3,0
43500,10450,13.57,0.24,2,0
37000,10400,8.94,0.28,3,0
37000,10000,7.74,0.27,3,0
37000,5000,11.58,0.14,3,0
37000,10400,7.66,0.28,4,0
32400,10400,14.84,0.32,2,1
40000,10400,9.91,0.26,4,0
37000,7500,10.95,0.2,2,0
40800,10400,9.32,0.25,3,0
41004,10400,12.53,0.25,4,0
42000,10400,11.49,0.25,4,0
43500,10400,13.49,0.24,4,0
44000,10400,12.69,0.24,4,0
57300,10400,11.66,0.18,4,0
57460,10400,13.49,0.18,3,0
60000,10400,14.91,0.17,4,0
59000,10400,16.29,0.18,4,1
83252,10400,12.21,0.12,3,0
37200,10000,9.91,0.27,3,0
35280,10375,14.27,0.29,4,1
64000,10325,12.92,0.16,2,1
29856,10300,8.94,0.34,4,1
45000,10300,10.59,0.23,2,0
165000,10300,9.91,0.06,3,0
54996,10250,7.29,0.19,2,0
60000,10250,6.62,0.17,4,0
66000,10250,14.38,0.16,4,1
37200,13000,6.91,0.35,2,0
37200,6000,10.36,0.16,2,0
36000,10200,12.69,0.28,4,0
42000,3600,7.37,0.09,3,0
44094,3600,7.37,0.08,3,0
45000,3600,6.03,0.08,3,0
45000,3600,11.49,0.08,3,0
45000,3600,6.91,0.08,4,0
39600,3600,17.49,0.09,3,1
41000,3600,16.77,0.09,3,1
37308,8400,9.99,0.23,4,0
37344,3200,12.68,0.09,2,0
48000,3600,16.02,0.07,2,0
31417,7000,10.36,0.22,3,1
44000,3600,13.43,0.08,2,1
50000,3600,11.36,0.07,3,0
50350,3600,7.88,0.07,3,0
51300,3600,7.49,0.07,3,0
54000,3600,12.42,0.07,3,0
54804,3600,16.77,0.07,4,0
37459,5600,6.92,0.15,2,0
37460,7125,13.99,0.19,4,0
55000,3600,8.9,0.07,3,0
55000,3600,5.99,0.07,3,0
55200,3600,13.98,0.07,4,0
60000,3600,7.9,0.06,2,0
37500,12000,5.79,0.32,2,0
60000,3600,15.27,0.06,2,0
60000,3600,9.99,0.06,2,0
37500,7000,6.54,0.19,4,0
60900,3600,6.91,0.06,3,0
63000,3600,6.76,0.06,4,0
37500,5600,8.94,0.15,4,0
65000,3600,11.49,0.06,2,0
65000,3600,10.59,0.06,3,0
65000,3600,10.59,0.06,2,0
67000,3600,9.99,0.05,4,0
51850,3600,13.99,0.06,2,1
37560,5000,10.99,0.13,3,0
72000,3600,10.74,0.05,4,0
37596,12000,11.99,0.32,4,0
75000,3600,8.94,0.05,4,0
80000,3600,12.69,0.04,3,0
37700,8000,15.62,0.21,3,0
84996,3600,11.99,0.04,2,0
31785,6000,14.96,0.19,2,1
37800,7200,10.99,0.19,2,0
93000,3600,16.77,0.04,3,1
31800,10000,12.53,0.31,3,1
19800,3625,16.29,0.18,2,1
24000,3625,11.11,0.15,4,1
52000,3625,6.54,0.07,3,0
52000,3625,10.59,0.07,2,1
37980,3500,6.03,0.09,2,0
17496,3700,14.22,0.21,4,1
38000,8875,7.51,0.23,2,0
38000,4000,12.42,0.11,3,0
27996,3700,8.0,0.13,3,0
36000,3700,9.25,0.1,2,0
48000,3700,6.99,0.08,4,0
38000,5400,7.9,0.14,3,0
60000,3700,10.37,0.06,4,0
75000,3700,6.03,0.05,2,0
38000,8000,12.69,0.21,3,0
33000,3725,6.54,0.11,2,0
120000,3725,8.49,0.03,2,0
21000,3750,15.65,0.18,2,1
38000,7000,13.49,0.18,3,0
38000,6000,7.51,0.16,4,0
27804,3750,13.85,0.13,4,0
38000,5400,8.9,0.14,2,0
38000,18000,8.9,0.47,2,0
11000,3800,8.88,0.35,4,1
19200,3800,14.35,0.2,4,1
25000,3800,8.59,0.15,2,0
26400,3800,7.9,0.14,4,0
30004,3800,14.84,0.13,2,1
34000,3800,18.25,0.11,4,1
43000,3800,6.99,0.09,4,0
47000,3800,13.49,0.08,3,0
55000,3800,6.76,0.07,4,0
69000,3800,15.28,0.06,3,1
108000,3800,14.26,0.04,4,0
26000,3825,14.27,0.15,4,0
38000,8500,5.42,0.22,2,0
32000,1000,10.59,0.03,2,1
28500,3825,15.96,0.13,3,1
38000,8000,9.99,0.21,3,0
40000,3825,10.0,0.1,4,0
38000,9000,6.99,0.24,4,0
38000,5000,12.99,0.13,4,0
32000,3850,12.68,0.12,4,0
38000,4500,5.79,0.12,2,0
48500,3850,8.49,0.08,4,0
38000,5000,10.0,0.13,3,0
26000,3900,7.51,0.15,3,0
38000,6000,5.42,0.16,2,0
40000,3900,12.23,0.1,3,0
44500,3900,10.99,0.09,2,0
38000,17500,11.11,0.46,4,0
45000,3950,6.92,0.09,4,0
12000,4000,9.76,0.33,3,1
12600,4000,10.37,0.32,4,1
38000,4200,9.25,0.11,2,0
32000,8000,10.36,0.25,2,1
13000,4000,9.88,0.31,2,1
38000,4800,9.99,0.13,3,0
13000,4000,15.65,0.31,3,1
13200,4000,15.65,0.3,3,1
13200,4000,5.79,0.3,3,1
13200,4000,6.39,0.3,3,1
14400,4000,7.29,0.28,4,1
38000,4000,6.76,0.11,2,0
38000,8000,7.14,0.21,3,0
14400,4000,10.74,0.28,3,1
38000,14000,11.12,0.37,3,0
38000,8500,13.11,0.22,2,0
14400,4000,14.61,0.28,2,1
14400,4000,10.91,0.28,2,1
38000,1500,10.62,0.04,3,0
15000,4000,10.08,0.27,2,1
32000,15000,15.33,0.47,3,1
15600,4000,16.32,0.26,2,1
15708,4000,11.12,0.25,3,1
15996,4000,13.35,0.25,2,1
16800,4000,14.27,0.24,4,1
16800,4000,10.25,0.24,4,1
17500,4000,13.22,0.23,4,1
38000,16000,10.99,0.42,3,0
18000,4000,11.49,0.22,4,1
18000,4000,10.99,0.22,2,1
18000,4000,12.87,0.22,4,1
18000,4000,13.22,0.22,4,1
18000,4000,10.91,0.22,4,1
18720,4000,15.62,0.21,4,1
19000,4000,14.35,0.21,3,1
19200,4000,19.03,0.21,4,1
38000,5000,8.94,0.13,2,0
19200,4000,14.35,0.21,4,1
38000,10000,12.21,0.26,3,0
38000,4000,14.42,0.11,2,0
19200,4000,10.25,0.21,3,1
19404,4000,8.63,0.21,3,1
38000,1950,7.37,0.05,3,0
20000,4000,7.29,0.2,3,0
20000,4000,12.23,0.2,2,0
20000,4000,11.89,0.2,3,0
20000,4000,13.79,0.2,4,0
20000,4000,9.45,0.2,4,0
20004,4000,12.18,0.2,4,0
20400,4000,8.94,0.2,4,0
21000,4000,13.43,0.19,2,0
21000,4000,11.86,0.19,2,0
21000,4000,11.36,0.19,2,0
38004,10000,13.35,0.26,2,0
22000,4000,11.36,0.18,3,1
22000,4000,13.92,0.18,3,0
23400,4000,12.42,0.17,3,0
23920,4000,14.35,0.17,2,0
24000,4000,11.71,0.17,3,0
24000,4000,14.84,0.17,2,1
38014,10000,8.49,0.26,3,0
24000,4000,8.59,0.17,3,0
24000,4000,12.21,0.17,2,0
38100,3900,7.9,0.1,3,0
24000,4000,11.66,0.17,4,0
38117,13500,11.83,0.35,4,0
24000,4000,7.75,0.17,3,0
38160,12000,10.38,0.31,4,0
24996,4000,9.45,0.16,3,0
25000,4000,12.69,0.16,3,0
25000,4000,11.71,0.16,4,0
25000,4000,10.36,0.16,2,0
25200,4000,8.49,0.16,4,0
32213,8000,13.47,0.25,4,1
25200,4000,10.25,0.16,2,0
38244,18000,9.63,0.47,3,0
25440,4000,5.42,0.16,4,0
38268,6000,9.88,0.16,4,0
26000,4000,6.76,0.15,3,0
26000,4000,12.87,0.15,3,1
38376,14500,7.88,0.38,3,0
26400,4000,7.9,0.15,2,0
26400,4000,14.17,0.15,2,1
26400,4000,13.72,0.15,2,0
27000,4000,5.79,0.15,2,0
27000,4000,10.75,0.15,4,0
38400,8000,6.62,0.21,4,0
27000,4000,7.14,0.15,2,0
27000,4000,15.58,0.15,2,1
27040,4000,12.29,0.15,4,0
27600,4000,5.42,0.14,4,0
38400,1000,6.62,0.03,2,0
27993,4000,12.99,0.14,2,0
28000,4000,8.9,0.14,4,0
28000,4000,15.23,0.14,2,0
28000,4000,6.39,0.14,3,0
28008,4000,10.0,0.14,2,0
28704,4000,9.63,0.14,3,0
38400,10000,13.99,0.26,2,0
28800,4000,5.42,0.14,2,0
28800,4000,13.48,0.14,2,0
38400,5550,9.99,0.14,2,0
29000,4000,9.45,0.14,3,0
38400,15000,15.23,0.39,2,0
38400,5000,11.49,0.13,2,0
38400,15500,11.99,0.4,3,0
29700,4000,10.74,0.13,4,0
30000,4000,7.9,0.13,3,0
30000,4000,5.99,0.13,2,0
30000,4000,7.49,0.13,4,0
38400,10000,10.99,0.26,2,0
30000,4000,16.49,0.13,3,0
38400,12500,13.06,0.33,2,0
30000,4000,13.49,0.13,4,0
30000,4000,11.49,0.13,3,0
38400,10000,5.42,0.26,2,0
38400,7675,10.0,0.2,4,0
38400,10000,7.29,0.26,2,0
38400,5000,10.37,0.13,4,0
30000,4000,10.36,0.13,3,0
30000,4000,10.36,0.13,4,0
38400,5000,9.25,0.13,3,0
30000,4000,10.75,0.13,3,0
30000,4000,15.21,0.13,2,1
38400,1000,5.79,0.03,2,0
38400,5700,6.17,0.15,2,0
38400,6000,7.51,0.16,3,0
30000,4000,11.83,0.13,4,1
30000,4000,9.76,0.13,3,0
30000,4000,11.34,0.13,3,0
30900,4000,12.61,0.13,3,1
38400,10000,14.72,0.26,2,0
31104,4000,9.99,0.13,3,0
31200,4000,12.42,0.13,4,0
38400,12000,10.38,0.31,3,0
38400,10000,14.72,0.26,3,0
38400,8500,7.14,0.22,3,0
31200,4000,8.59,0.13,3,0
31609,4000,13.92,0.13,4,0
38400,10000,13.98,0.26,4,0
32400,1750,13.61,0.05,4,1
32000,4000,5.42,0.13,4,0
38400,10000,7.14,0.26,3,0
32000,4000,11.49,0.13,4,0
32000,4000,17.93,0.13,3,1
32000,4000,7.68,0.13,4,0
32400,4000,14.27,0.12,2,0
32400,4000,10.08,0.12,2,0
32500,4000,16.29,0.12,3,0
38400,8000,16.0,0.21,2,0
38400,6000,13.24,0.16,3,0
32640,4000,12.73,0.12,4,0
32993,4000,11.71,0.12,4,1
38423,2000,8.49,0.05,3,0
38450,5500,7.49,0.14,4,0
32484,6250,7.51,0.19,4,1
38496,8000,6.03,0.21,4,0
32496,4200,16.02,0.13,3,1
33000,4000,7.88,0.12,4,0
33000,4000,10.96,0.12,4,0
33227,4000,9.88,0.12,3,0
38500,6500,7.51,0.17,3,0
34000,4000,12.69,0.12,2,0
34500,4000,11.49,0.12,4,0
38628,4800,9.99,0.12,4,0
34800,4000,10.74,0.11,3,0
32644,13750,16.45,0.42,4,1
32652,6000,14.61,0.18,4,1
38667,4800,11.91,0.12,4,0
35000,4000,16.29,0.11,2,0
29000,4000,14.54,0.14,3,1
29000,4000,14.83,0.14,4,1
35000,4000,7.51,0.11,3,0
38880,9500,7.51,0.24,4,0
29000,4000,15.33,0.14,4,1
29000,4000,9.96,0.14,3,1
38904,10000,12.21,0.26,2,0
35500,4000,10.99,0.11,3,0
30000,4000,14.27,0.13,2,1
36000,4000,5.42,0.11,3,0
36000,4000,5.42,0.11,2,0
36000,4000,13.61,0.11,3,0
30000,4000,14.96,0.13,2,1
36000,4000,7.4,0.11,4,0
36000,4000,8.94,0.11,4,0
36000,4000,10.14,0.11,2,0
36300,4000,7.68,0.11,2,0
37000,4000,10.95,0.11,2,0
37000,4000,10.08,0.11,3,0
37200,4000,13.49,0.11,4,0
38000,4000,14.26,0.11,4,0
39000,3250,10.99,0.08,2,0
39000,3000,13.99,0.08,3,0
38400,4000,10.59,0.1,3,0
38400,4000,10.59,0.1,2,0
38400,4000,12.99,0.1,2,0
39000,1000,7.49,0.03,3,0
38400,4000,7.29,0.1,3,0
38400,4000,12.53,0.1,4,0
38850,4000,12.72,0.1,2,0
39000,4000,7.88,0.1,4,0
39000,4000,14.61,0.1,4,0
39000,5600,5.42,0.14,4,0
39000,5000,12.98,0.13,4,0
39000,9500,6.91,0.24,3,0
39000,4500,6.54,0.12,4,0
33000,9000,13.72,0.27,2,1
39000,6000,7.51,0.15,2,0
40000,4000,12.69,0.1,3,0
40000,4000,13.8,0.1,3,0
40000,4000,5.42,0.1,2,0
39000,10000,7.51,0.26,2,0
33000,3250,7.14,0.1,3,1
40000,4000,7.51,0.1,2,0
40000,4000,11.49,0.1,4,0
40000,4000,7.43,0.1,4,0
40200,4000,6.76,0.1,4,0
35000,4000,12.18,0.11,4,1
39000,3000,12.53,0.08,4,0
41004,4000,7.68,0.1,4,0
35200,4000,16.0,0.11,3,1
42000,4000,12.42,0.1,3,0
42000,4000,10.59,0.1,2,0
33000,12000,10.91,0.36,3,1
36000,4000,12.99,0.11,4,1
36000,4000,10.99,0.11,4,1
39120,7000,11.71,0.18,3,0
39124,5000,7.74,0.13,4,0
33168,6000,15.96,0.18,4,1
33192,3000,12.69,0.09,4,1
36000,4000,14.54,0.11,2,1
42000,4000,14.09,0.1,4,0
42000,4000,8.88,0.1,4,0
39216,10000,13.49,0.25,3,0
42000,4000,5.79,0.1,4,0
39300,7000,9.62,0.18,4,0
39300,5325,14.59,0.14,3,0
42000,4000,13.22,0.1,3,0
42500,4000,12.99,0.09,3,0
39396,5000,6.62,0.13,4,0
43000,4000,12.69,0.09,2,0
39456,1325,6.62,0.03,2,0
39456,14000,7.29,0.35,3,0
43000,4000,12.99,0.09,4,0
39600,4000,5.79,0.1,4,1
45600,4000,6.54,0.09,3,0
39500,10000,14.22,0.25,2,0
41000,4000,7.51,0.1,3,1
41000,4000,14.84,0.1,4,1
47004,4000,12.53,0.09,4,0
47088,4000,6.62,0.08,4,0
48000,4000,9.91,0.08,3,0
39600,3500,6.62,0.09,3,0
48000,4000,5.79,0.08,2,0
48000,4000,7.29,0.08,4,0
39600,4800,12.42,0.12,4,0
42000,4000,11.86,0.1,2,1
42000,4000,12.73,0.1,3,1
39600,5000,8.88,0.13,3,0
39600,6000,7.88,0.15,3,0
39600,8250,9.32,0.21,2,0
33660,4500,5.99,0.13,2,1
44000,4000,17.58,0.09,2,1
50000,4000,5.42,0.08,2,0
39672,11500,15.7,0.29,4,0
39689,13000,13.57,0.33,2,0
39700,8400,7.51,0.21,4,0
50000,4000,7.66,0.08,4,0
50000,4000,10.37,0.08,2,0
50000,4000,5.42,0.08,2,0
39800,9750,10.99,0.24,3,0
39828,3000,8.88,0.08,4,0
39828,15000,10.99,0.38,3,0
50000,4000,6.92,0.08,4,0
50000,4000,12.61,0.08,2,0
50000,4000,7.88,0.08,3,0
50000,4000,14.96,0.08,3,0
50000,4000,7.4,0.08,2,0
50000,4000,14.61,0.08,2,0
50004,4000,6.92,0.08,2,0
50004,4000,7.88,0.08,2,0
44582,4000,5.99,0.09,4,1
39990,2400,14.27,0.06,2,0
50808,4000,6.17,0.08,4,0
39996,6000,12.42,0.15,4,0
39996,3000,9.91,0.08,4,0
50952,4000,11.54,0.08,4,0
45000,4000,15.99,0.09,4,1
51600,4000,9.91,0.08,3,0
39996,5000,14.82,0.13,3,0
45630,4000,19.29,0.09,3,1
51996,4000,13.98,0.08,2,0
52000,4000,10.37,0.08,3,0
39996,11000,9.63,0.28,3,0
52000,4000,9.88,0.08,2,0
46392,4000,16.32,0.09,3,1
53285,4000,7.9,0.08,4,0
53636,4000,10.62,0.07,2,0
48000,4000,10.37,0.08,3,1
54000,4000,11.89,0.07,2,0
54996,4000,7.51,0.07,4,0
55000,4000,10.99,0.07,2,0
55000,4000,6.92,0.07,4,0
55000,4000,13.35,0.07,2,0
55000,4000,11.86,0.07,4,0
55000,4000,12.53,0.07,2,0
55000,4000,11.26,0.07,4,0
56000,4000,15.23,0.07,4,0
39996,10000,7.51,0.25,3,0
57000,4000,7.49,0.07,4,0
39996,8000,10.25,0.2,4,0
57500,4000,8.88,0.07,2,0
39996,3600,7.51,0.09,4,0
39996,13000,13.48,0.33,2,0
57600,4000,7.75,0.07,2,0
39996,7000,13.57,0.18,3,0
58000,4000,10.74,0.07,2,0
58000,4000,10.0,0.07,4,0
58320,4000,10.37,0.07,2,0
39996,6000,8.0,0.15,3,0
52800,4000,9.99,0.08,3,1
60000,4000,7.51,0.07,3,0
60000,4000,15.33,0.07,2,0
60000,4000,11.83,0.07,3,0
54000,4000,13.47,0.07,2,1
60000,4000,12.21,0.07,3,0
39996,7500,12.22,0.19,4,0
62000,4000,13.06,0.06,2,0
39996,6500,8.32,0.16,3,0
62000,4000,10.59,0.06,3,0
56400,4000,14.75,0.07,2,1
62500,4000,8.9,0.06,3,0
62500,4000,10.37,0.06,3,0
63000,4000,11.49,0.06,3,0
40000,14400,12.69,0.36,3,0
40000,9875,7.9,0.25,4,0
65000,4000,7.51,0.06,3,0
65000,4000,6.62,0.06,2,0
40000,12000,13.49,0.3,2,0
65000,4000,5.42,0.06,2,0
65000,4000,7.49,0.06,4,0
65499,4000,12.23,0.06,4,0
40000,18000,9.91,0.45,2,0
61000,4000,16.0,0.07,4,1
67450,4000,6.76,0.06,3,0
40000,12000,13.49,0.3,2,0
68000,4000,6.76,0.06,2,0
63000,4000,11.12,0.06,2,1
69360,4000,7.74,0.06,3,0
70000,4000,7.9,0.06,2,0
70000,4000,5.99,0.06,4,0
70000,4000,13.49,0.06,4,0
40000,6000,10.65,0.15,4,0
70000,4000,13.06,0.06,4,0
70000,4000,13.85,0.06,4,0
34000,12000,14.27,0.35,4,1
72000,4000,7.88,0.06,3,0
75000,4000,11.49,0.05,2,0
40000,5000,6.03,0.13,2,0
34000,4500,11.71,0.13,2,1
40000,2100,6.03,0.05,2,0
40000,5000,6.62,0.13,4,0
40000,7500,12.42,0.19,4,0
77250,4000,11.71,0.05,3,0
40000,5400,12.42,0.14,3,0
80000,4000,10.59,0.05,3,0
40000,10000,6.03,0.25,3,0
80000,4000,14.46,0.05,4,0
80000,4000,11.12,0.05,4,0
40000,6700,10.65,0.17,4,0
81996,4000,12.53,0.05,4,0
82000,4000,13.48,0.05,2,0
34000,5500,10.65,0.16,3,1
92000,4000,5.42,0.04,2,0
93000,4000,5.42,0.04,2,0
95000,4000,7.9,0.04,4,0
95000,4000,11.49,0.04,3,0
40000,15000,12.42,0.38,4,0
40000,6400,9.91,0.16,4,0
98000,4000,9.32,0.04,2,0
40000,7500,7.51,0.19,3,0
88000,4000,7.14,0.05,4,1
40000,4500,6.62,0.11,3,0
40000,2000,7.9,0.05,2,0
40000,2500,14.27,0.06,2,0
34000,4000,17.58,0.12,3,1
130000,4000,10.99,0.03,3,0
118068,4000,10.51,0.03,3,1
131000,4000,12.84,0.03,3,0
40000,5000,6.62,0.13,2,0
158000,4000,14.84,0.03,3,1
15000,4200,13.11,0.28,2,1
40000,10000,9.91,0.25,3,0
21600,4200,15.23,0.19,4,0
22560,4200,15.2,0.19,4,1
40000,4000,7.51,0.1,2,0
24996,4200,14.26,0.17,2,0
26000,4200,16.0,0.16,2,1
28080,4200,9.91,0.15,4,1
30000,4200,9.91,0.14,4,0
30000,4200,16.49,0.14,3,1
30000,4200,15.99,0.14,3,0
12000,4350,12.98,0.36,4,1
22000,4350,11.54,0.2,3,0
40000,7500,5.42,0.19,2,0
30000,4350,6.03,0.14,4,0
40000,5000,8.49,0.13,4,0
40000,4000,9.99,0.1,4,0
40000,2200,8.49,0.06,3,0
40000,3600,7.49,0.09,3,0
40000,4000,10.99,0.1,4,0
40000,6000,11.99,0.15,2,0
15000,4375,12.69,0.29,4,1
16800,4375,9.99,0.26,2,1
22044,4375,16.4,0.2,3,1
24480,4375,5.79,0.18,4,0
50000,4375,8.49,0.09,2,0
19200,4400,11.49,0.23,2,1
20000,4400,6.91,0.22,4,0
25000,4400,6.76,0.18,3,0
40000,2000,12.99,0.05,4,0
32496,4400,8.49,0.14,4,0
40000,5000,5.42,0.13,3,0
40000,6000,14.79,0.15,2,0
40000,7200,7.49,0.18,2,0
34000,15000,15.99,0.44,2,1
38000,4400,11.71,0.12,2,0
43000,4400,11.99,0.1,4,1
40000,5000,12.99,0.13,2,0
49000,4400,16.77,0.09,3,1
60000,4400,15.23,0.07,3,0
80000,4400,19.03,0.06,2,0
40000,13000,9.99,0.33,3,0
95459,4400,13.8,0.05,4,0
33600,4450,11.49,0.13,4,0
42200,4450,9.32,0.11,4,0
40000,5400,7.42,0.14,2,0
40000,14000,7.49,0.35,3,0
14400,4500,7.88,0.31,4,1
40000,4500,10.99,0.11,3,0
40000,3500,13.49,0.09,3,0
40000,3200,10.99,0.08,2,0
15600,4500,5.99,0.29,4,1
15600,4500,7.51,0.29,3,1
40000,7500,11.49,0.19,3,0
40000,2800,8.49,0.07,4,0
17600,4500,13.99,0.26,2,1
40000,11000,8.49,0.28,2,0
18000,4500,7.49,0.25,4,1
40000,15000,7.49,0.38,2,0
40000,3000,11.99,0.07,4,0
40000,2000,10.99,0.05,4,0
18000,4500,10.38,0.25,2,1
40000,2500,9.99,0.06,2,0
18000,4500,12.21,0.25,3,1
18200,4500,8.94,0.25,2,1
40000,10000,5.79,0.25,4,0
18204,4500,13.61,0.25,2,1
40000,4300,10.74,0.11,2,0
20000,4500,13.49,0.23,2,0
40000,2125,11.11,0.05,4,0
20004,4500,8.0,0.22,2,0
20400,4500,10.99,0.22,2,0
21000,4500,9.62,0.21,4,0
21000,4500,16.45,0.21,4,1
40000,10850,7.66,0.27,4,0
21600,4500,15.65,0.21,2,1
23421,4500,17.99,0.19,3,1
34000,4000,14.17,0.12,2,1
40000,7200,11.11,0.18,2,0
23916,4500,9.62,0.19,4,0
24000,4500,12.42,0.19,4,0
40000,5000,11.11,0.13,2,0
24000,4500,5.79,0.19,3,0
24000,4500,11.49,0.19,2,0
40000,4000,7.29,0.1,2,0
24500,4500,8.94,0.18,2,0
25596,4500,9.99,0.18,4,0
26000,4500,8.49,0.17,2,1
30996,4500,6.92,0.15,3,0
32000,4500,7.29,0.14,4,0
32400,4500,7.49,0.14,4,0
40000,4800,5.42,0.12,2,0
33000,4500,7.88,0.14,3,0
33000,4500,15.05,0.14,4,1
40000,8000,6.92,0.2,4,0
35000,4500,14.27,0.13,2,0
35000,4500,10.59,0.13,2,0
35000,4500,12.87,0.13,3,0
40000,8000,10.74,0.2,3,0
36000,4500,6.62,0.13,2,0
34000,12250,6.91,0.36,4,1
36000,4500,6.17,0.13,3,0
36000,4500,7.14,0.13,4,0
40000,6000,9.25,0.15,3,0
37342,4500,11.03,0.12,2,0
40000,7000,8.88,0.17,3,0
37500,4500,5.42,0.12,4,0
40000,6900,6.91,0.17,3,0
32000,4500,9.63,0.14,2,1
38000,4500,10.83,0.12,2,0
38004,4500,7.88,0.12,2,0
34000,7000,14.09,0.21,2,1
39000,4500,10.99,0.12,4,0
39996,4500,13.43,0.11,4,0
40000,4500,7.66,0.11,3,0
40000,4500,7.74,0.11,2,0
40000,12000,14.83,0.3,4,0
40000,4500,12.84,0.11,3,0
40000,4000,10.36,0.1,4,0
34068,4500,14.84,0.13,3,1
41000,4500,12.99,0.11,4,0
40000,5000,12.61,0.13,4,0
36000,4500,17.27,0.13,2,1
40000,3500,8.88,0.09,2,0
40000,5300,5.42,0.13,2,0
42000,4500,6.03,0.11,4,0
42000,4500,11.49,0.11,4,0
40000,6000,5.79,0.15,3,0
42000,4500,7.66,0.11,2,0
43500,4500,6.76,0.1,2,0
43738,4500,5.99,0.1,3,0
44004,4500,7.74,0.1,3,0
45000,4500,9.25,0.1,4,0
41000,4500,13.49,0.11,3,1
48000,4500,11.11,0.09,4,0
48500,4500,12.21,0.09,4,0
44000,4500,14.46,0.1,2,1
44000,4500,5.79,0.1,3,1
40000,2500,6.76,0.06,4,0
40000,1000,6.76,0.03,3,0
52800,4500,6.76,0.09,4,0
54100,4500,7.14,0.08,4,0
40000,10000,11.86,0.25,4,0
48300,4500,9.76,0.09,2,1
34000,7750,15.21,0.23,2,1
40000,4000,7.14,0.1,3,0
40000,2000,14.35,0.05,2,0
55000,4500,7.9,0.08,2,0
55000,4500,8.49,0.08,3,0
55000,4500,6.76,0.08,4,0
40000,15250,13.98,0.38,2,0
58947,4500,6.03,0.08,2,0
59000,4500,12.68,0.08,3,0
40000,8000,10.38,0.2,4,0
54000,4500,8.49,0.08,2,1
62000,4500,12.42,0.07,2,0
40000,8100,7.14,0.2,3,0
60000,4500,10.99,0.07,2,1
40000,4000,6.39,0.1,3,0
74000,4500,12.18,0.06,4,0
78996,4500,8.63,0.06,2,0
80000,4500,13.06,0.06,2,0
82560,4500,7.42,0.05,3,0
84000,4500,12.18,0.05,2,0
40000,10500,11.36,0.26,4,0
40000,10000,9.88,0.25,2,0
40000,5600,10.25,0.14,3,0
138000,4500,13.43,0.03,3,0
20664,4550,13.72,0.22,3,0
34000,10000,10.62,0.29,2,1
29976,4550,12.84,0.15,3,0
42000,4550,15.23,0.11,4,0
130000,4550,13.57,0.04,2,0
24000,4600,13.99,0.19,2,0
27864,4600,6.03,0.17,3,0
40000,6000,10.62,0.15,4,0
33000,4600,11.71,0.14,3,0
40000,4600,10.59,0.12,3,0
40000,10000,7.14,0.25,4,0
40000,9000,7.51,0.23,4,0
44000,4600,13.99,0.1,4,1
51996,4600,8.59,0.09,2,0
52000,4600,14.96,0.09,2,1
52800,4600,15.62,0.09,4,1
40000,4000,7.14,0.1,4,0
40000,12000,9.88,0.3,2,0
34000,5800,13.48,0.17,3,1
40000,4000,12.73,0.1,2,0
73000,4600,9.99,0.06,2,0
100000,4600,8.49,0.05,2,0
40000,6400,14.22,0.16,2,0
22392,4650,9.99,0.21,4,0
40000,15000,9.88,0.38,2,0
40000,10000,11.83,0.25,3,0
31970,4650,9.32,0.15,2,0
48000,4650,10.99,0.1,4,0
31776,4700,8.94,0.15,3,0
40000,4700,12.09,0.12,3,0
40000,9000,8.94,0.23,3,0
41000,4700,7.9,0.11,2,0
40000,1750,11.83,0.04,4,0
45000,4700,10.96,0.1,2,0
19800,4725,11.22,0.24,3,1
27600,4725,6.54,0.17,2,0
40000,7500,13.22,0.19,3,0
13806,4750,12.73,0.34,3,1
14000,4750,14.61,0.34,4,1
14040,4750,10.25,0.34,2,1
14400,4750,11.11,0.33,2,1
40000,9000,11.14,0.23,3,0
15000,4750,8.49,0.32,3,1
15600,4750,13.85,0.3,4,1
16000,4750,13.16,0.3,3,1
40000,12000,11.14,0.3,3,0
20400,4750,11.49,0.23,2,0
20400,4750,12.98,0.23,4,0
40000,3400,7.4,0.09,3,0
24000,4750,10.38,0.2,4,0
24000,4750,10.62,0.2,3,0
26400,4750,12.23,0.18,3,0
34000,10000,15.31,0.29,2,1
40000,6000,11.48,0.15,4,0
40000,3000,15.65,0.07,2,0
40000,4000,11.48,0.1,3,0
13440,4800,12.53,0.36,4,1
15000,4800,8.49,0.32,3,1
15000,4800,16.95,0.32,3,1
15996,4800,15.37,0.3,3,1
19800,4800,10.99,0.24,2,1
20000,4800,7.49,0.24,2,0
20000,4800,11.14,0.24,4,0
40000,5000,8.59,0.13,3,0
40000,7000,9.32,0.17,3,0
40000,10750,12.84,0.27,4,0
40000,3500,12.21,0.09,3,0
21000,4800,10.75,0.23,3,0
21000,4800,7.75,0.23,4,0
21600,4800,13.49,0.22,3,0
22000,4800,7.88,0.22,2,0
40000,3250,8.0,0.08,4,0
34000,9600,15.68,0.28,2,1
23136,4800,6.17,0.21,2,0
23448,4800,11.86,0.2,3,0
24000,4800,7.49,0.2,2,0
24500,4800,10.65,0.2,2,0
26000,4800,10.65,0.18,4,0
26004,4800,10.99,0.18,4,0
26085,4800,13.35,0.18,3,0
27000,4800,13.49,0.18,4,0
27000,4800,7.51,0.18,2,0
40000,8000,16.0,0.2,3,0
27700,4800,6.62,0.17,4,0
27880,4800,9.25,0.17,4,0
29000,4800,12.99,0.17,4,0
34000,3000,10.51,0.09,3,1
29534,4800,11.99,0.16,4,0
40000,1200,10.83,0.03,2,0
30000,4800,6.99,0.16,4,0
30000,4800,7.49,0.16,3,0
30000,4800,11.49,0.16,2,0
30000,4800,13.35,0.16,3,0
40000,5200,10.08,0.13,3,0
30000,4800,11.22,0.16,3,0
40000,1000,7.37,0.03,2,0
40000,5000,7.68,0.13,4,0
31200,4800,10.37,0.15,4,0
32000,4800,10.59,0.15,2,0
32000,4800,16.49,0.15,2,1
32000,4800,11.11,0.15,4,0
32000,4800,7.14,0.15,3,0
40000,8000,9.76,0.2,4,0
32000,4800,13.61,0.15,4,0
32640,4800,11.99,0.15,2,0
33000,4800,12.69,0.15,4,0
33000,4800,7.49,0.15,4,0
40000,13025,10.14,0.33,3,0
40000,15000,9.64,0.38,4,0
33000,4800,14.91,0.15,4,1
40000,5000,11.86,0.13,4,0
34000,2525,13.12,0.07,3,1
33000,4800,14.54,0.15,3,1
34000,15450,11.22,0.45,4,1
33600,4800,11.86,0.14,2,0
35000,4800,8.9,0.14,2,0
40058,6000,9.91,0.15,2,0
35000,4800,5.42,0.14,3,0
35000,4800,11.14,0.14,2,0
35000,4800,10.28,0.14,2,0
40104,10000,12.72,0.25,2,0
40113,5000,7.14,0.12,2,0
36000,4800,11.11,0.13,3,0
40200,7200,7.88,0.18,2,0
30000,4800,15.95,0.16,2,1
40224,7000,7.4,0.17,2,0
40269,6625,15.23,0.16,3,0
40272,10000,11.86,0.25,3,0
40308,5000,7.68,0.12,4,0
38000,4800,11.71,0.13,4,0
32400,4800,13.98,0.15,2,1
38790,4800,13.8,0.12,3,0
39996,4800,12.99,0.12,4,0
40499,11500,11.83,0.28,4,0
40800,4800,13.85,0.12,3,0
41300,4800,11.89,0.12,3,0
40500,6500,9.63,0.16,4,0
41504,4800,12.99,0.12,4,0
42000,4800,14.35,0.11,4,0
42000,4800,13.22,0.11,4,0
42996,4800,11.03,0.11,4,0
44600,4800,14.65,0.11,2,0
45000,4800,7.51,0.11,3,0
45000,4800,5.42,0.11,2,0
39000,4800,17.99,0.12,4,1
40610,3500,7.14,0.09,4,0
40720,10000,13.48,0.25,3,0
45000,4800,13.06,0.11,4,0
45000,4800,7.51,0.11,4,0
45000,4800,13.98,0.11,2,0
45000,4800,13.22,0.11,4,0
45000,4800,9.45,0.11,4,0
45243,4800,9.25,0.11,2,0
45840,4800,7.49,0.1,2,0
46000,4800,8.9,0.1,2,0
40800,8000,11.99,0.2,4,0
40800,7975,5.79,0.2,3,0
40800,9700,9.63,0.24,4,0
47664,4800,7.9,0.1,2,0
40800,10400,10.0,0.25,2,0
48000,4800,7.9,0.1,3,0
42000,4800,14.27,0.11,2,1
42000,4800,15.23,0.11,2,1
40800,10000,12.61,0.25,2,0
48000,4800,5.42,0.1,3,0
40800,8000,5.79,0.2,2,0
48000,4800,12.98,0.1,2,0
40800,14400,14.35,0.35,2,0
40800,7500,7.88,0.18,2,0
48000,4800,9.88,0.1,3,0
48600,4800,10.36,0.1,3,0
48756,4800,11.36,0.1,4,0
40800,10000,7.14,0.25,2,0
50000,4800,15.96,0.1,2,0
40800,6000,12.92,0.15,3,0
50000,4800,10.99,0.1,4,0
40872,13750,10.83,0.34,4,0
40900,12200,11.36,0.3,4,0
34900,3600,15.7,0.1,4,1
50000,4800,10.37,0.1,3,0
50000,4800,12.68,0.1,3,0
50000,4800,13.22,0.1,4,0
52000,4800,9.99,0.09,2,0
52000,4800,9.88,0.09,2,0
55000,4800,6.92,0.09,3,0
55000,4800,11.12,0.09,4,0
49000,4800,14.96,0.1,2,1
41000,6000,6.03,0.15,4,0
55200,4800,7.9,0.09,3,0
41000,12000,6.03,0.29,2,0
56928,4800,10.38,0.08,3,0
41000,7000,6.03,0.17,3,0
52000,4800,17.99,0.09,4,1
41000,8000,6.03,0.2,3,0
53000,4800,15.62,0.09,3,1
60000,4800,7.9,0.08,3,0
60000,4800,6.54,0.08,4,0
41000,6400,9.99,0.16,4,0
62000,4800,7.14,0.08,3,0
41000,1000,6.99,0.02,2,0
65000,4800,13.72,0.07,2,0
65000,4800,7.88,0.07,4,0
41000,2500,7.29,0.06,2,0
65004,4800,13.49,0.07,3,0
41000,3000,5.79,0.07,4,0
41000,8200,6.91,0.2,3,0
35000,5000,12.98,0.14,3,1
41000,6000,11.86,0.15,2,0
69000,4800,10.75,0.07,2,0
72000,4800,11.86,0.07,3,0
72096,4800,7.14,0.07,2,0
67200,4800,16.7,0.07,2,1
69000,4800,15.21,0.07,4,1
75000,4800,12.21,0.06,2,0
41000,10000,15.33,0.24,4,0
41000,9000,9.88,0.22,2,0
41000,10000,14.96,0.24,2,0
41000,7750,9.88,0.19,3,0
86000,4800,9.62,0.06,3,0
89000,4800,5.99,0.05,2,0
90000,4800,9.62,0.05,3,0
92000,4800,10.0,0.05,3,0
41000,2500,14.96,0.06,4,0
41000,6000,8.59,0.15,4,0
103641,4800,10.74,0.05,2,0
41000,3000,12.18,0.07,4,0
41000,5000,7.74,0.12,3,0
115000,4800,7.88,0.04,2,0
120000,4800,14.22,0.04,3,0
41000,6000,9.32,0.15,3,0
125000,4800,6.76,0.04,3,0
41000,4500,10.95,0.11,4,0
23000,4850,14.27,0.21,4,0
40000,4850,6.62,0.12,2,0
54000,4850,8.49,0.09,2,0
41000,7500,10.71,0.18,2,0
41000,5500,10.71,0.13,4,0
21600,4900,13.72,0.23,2,0
41004,4000,6.76,0.1,3,0
95000,10000,10.99,0.11,4,0
41004,16000,10.95,0.39,3,0
41004,10000,9.32,0.24,4,0
83000,10000,13.22,0.12,3,1
96000,10000,10.65,0.1,3,0
96000,10000,19.69,0.1,3,0
41033,5700,12.99,0.14,4,0
41100,5600,6.03,0.14,3,0
41100,9200,12.42,0.22,2,0
97000,10000,13.99,0.1,3,0
97850,10000,7.51,0.1,4,0
98000,10000,12.69,0.1,4,0
41196,16000,11.83,0.39,2,0
99000,10000,7.29,0.1,2,0
99275,10000,14.65,0.1,3,0
41200,8000,11.48,0.19,3,0
87996,10000,14.84,0.11,2,1
99996,10000,9.32,0.1,4,0
100000,10000,10.65,0.1,3,0
100000,10000,7.51,0.1,3,0
100000,10000,6.62,0.1,4,0
88000,10000,17.88,0.11,4,1
100000,10000,16.4,0.1,2,0
88000,10000,17.93,0.11,3,1
100000,10000,11.46,0.1,2,0
102000,10000,8.59,0.1,2,0
107000,10000,8.38,0.09,3,0
41500,8500,7.14,0.2,4,0
107500,10000,7.66,0.09,2,0
96000,10000,15.28,0.1,2,1
41508,1600,13.11,0.04,3,0
98000,10000,16.4,0.1,2,1
41520,4400,7.29,0.11,2,0
110000,10000,7.88,0.09,2,0
41600,12000,12.42,0.29,2,0
41600,6800,10.59,0.16,3,0
41600,7000,13.43,0.17,3,0
113000,10000,13.72,0.09,3,0
41600,10000,8.94,0.24,2,0
41600,3000,15.05,0.07,3,0
114800,10000,8.94,0.09,4,0
41664,4000,5.99,0.1,2,0
115000,10000,7.29,0.09,4,0
41717,20000,11.12,0.48,4,0
41718,5000,7.51,0.12,2,0
115000,10000,10.37,0.09,2,0
116000,10000,14.26,0.09,4,0
41784,5000,6.03,0.12,2,0
41800,3100,6.76,0.07,4,0
41820,2500,6.91,0.06,3,0
120000,10000,11.71,0.08,3,0
120000,10000,9.99,0.08,3,0
120000,10000,12.68,0.08,2,0
35941,3500,13.35,0.1,2,1
120000,10000,7.88,0.08,2,0
120000,10000,13.61,0.08,4,0
120000,10000,9.32,0.08,2,0
120000,10000,11.66,0.08,2,0
42000,19200,7.9,0.46,2,0
122500,10000,10.65,0.08,3,0
42000,3000,9.91,0.07,4,0
124000,10000,14.27,0.08,3,0
42000,10500,14.65,0.25,2,0
125000,10000,7.49,0.08,2,0
130000,10000,7.49,0.08,2,0
36000,4000,12.69,0.11,4,1
36000,5000,14.27,0.14,2,1
42000,12000,9.91,0.29,2,0
42000,6000,16.77,0.14,3,0
42000,13975,8.9,0.33,4,0
132000,10000,12.84,0.08,3,0
42000,15000,13.49,0.36,4,0
140000,10000,9.99,0.07,2,0
140000,10000,11.14,0.07,2,0
42000,4900,6.03,0.12,4,0
42000,8000,6.62,0.19,4,0
42000,5400,6.03,0.13,3,0
145000,10000,10.99,0.07,3,0
42000,3500,9.91,0.08,2,0
42000,8675,7.51,0.21,4,0
157500,10000,12.69,0.06,2,0
160000,10000,8.94,0.06,3,0
153000,10000,14.96,0.07,4,1
165000,10000,9.2,0.06,3,0
42000,3125,8.9,0.07,3,0
175000,10000,15.05,0.06,4,0
238000,10000,13.67,0.04,2,1
42000,9350,12.69,0.22,2,0
42000,8000,6.62,0.19,3,0
24148,9975,11.48,0.41,4,1
46000,9975,13.11,0.22,3,0
60000,9975,11.48,0.17,4,0
42000,3000,6.03,0.07,2,0
65000,9975,7.51,0.15,2,0
42000,6500,6.03,0.15,2,0
72000,9975,10.99,0.14,3,0
42000,10000,6.03,0.24,2,0
26880,4900,14.26,0.18,4,0
42000,5000,17.49,0.12,2,0
26400,9900,11.71,0.38,4,1
30000,9875,7.29,0.33,3,1
42000,8000,10.99,0.19,4,0
28000,9800,7.29,0.35,4,1
36000,9800,10.36,0.27,4,0
48000,9800,7.88,0.2,4,0
44000,9800,7.51,0.22,2,1
42000,12000,6.99,0.29,3,0
44000,9800,13.11,0.22,2,1
42000,1000,11.49,0.02,4,0
36000,11000,10.59,0.31,4,1
53500,9800,6.17,0.18,4,0
60000,9800,13.49,0.16,2,0
82500,9800,7.51,0.12,4,0
66300,9800,15.7,0.13,2,1
93000,9800,10.25,0.11,4,0
42000,7200,14.79,0.17,2,0
107000,9800,8.9,0.09,3,0
36000,6725,11.49,0.19,2,1
42000,7000,15.23,0.17,4,0
36504,4900,12.68,0.13,2,0
32400,4900,11.49,0.15,2,1
42000,4900,14.72,0.12,4,0
42000,14750,12.99,0.35,4,0
42000,6000,12.99,0.14,2,0
42000,5000,6.99,0.12,4,0
36000,4500,10.59,0.13,2,1
50000,4900,8.49,0.1,3,0
50000,4900,8.94,0.1,2,0
51630,4900,9.99,0.09,3,0
42000,8000,5.42,0.19,3,0
69600,4900,9.99,0.07,2,0
42000,12000,15.23,0.29,3,0
42000,8000,9.99,0.19,4,0
74000,4900,12.87,0.07,3,0
107000,4900,8.94,0.05,2,0
13296,4950,9.63,0.37,3,1
15000,4950,8.9,0.33,4,1
42000,11000,5.42,0.26,4,0
42000,10000,7.49,0.24,4,0
36000,4000,15.23,0.11,3,1
34000,4975,7.51,0.15,2,1
75000,4975,6.76,0.07,4,0
95000,4975,6.17,0.05,3,0
42000,6000,5.42,0.14,2,0
27972,5000,8.94,0.18,3,0
27996,5000,17.51,0.18,4,1
42000,1200,11.49,0.03,3,0
42000,2500,15.28,0.06,2,0
28000,5000,13.72,0.18,4,1
28000,5000,11.78,0.18,4,0
28000,5000,7.68,0.18,3,0
28800,5000,8.9,0.17,2,0
28800,5000,6.91,0.17,2,0
28800,5000,11.49,0.17,2,0
42000,7600,6.0,0.18,2,0
28800,5000,13.11,0.17,3,0
29100,5000,14.84,0.17,2,0
29120,5000,10.99,0.17,4,0
29730,5000,7.66,0.17,4,0
29865,5000,11.12,0.17,3,1
42000,2500,7.29,0.06,4,0
30000,5000,12.42,0.17,2,1
30000,5000,7.9,0.17,3,0
30000,5000,12.69,0.17,4,1
30000,5000,12.99,0.17,2,1
42000,9000,7.66,0.21,2,0
30000,5000,8.88,0.17,3,1
30000,5000,11.86,0.17,2,0
42000,12000,7.66,0.29,3,0
30000,5000,11.49,0.17,2,0
30000,5000,11.86,0.17,2,0
30000,5000,8.59,0.17,2,0
30000,5000,14.96,0.17,2,1
42000,3250,10.0,0.08,3,0
30000,5000,13.92,0.17,4,0
30000,5000,11.14,0.17,2,0
36000,14000,6.54,0.39,4,1
30000,5000,14.42,0.17,4,1
30000,5000,11.59,0.17,4,0
30000,5000,10.33,0.17,3,0
30159,5000,11.12,0.17,2,0
42000,10000,5.42,0.24,2,0
30900,5000,10.0,0.16,2,0
42000,1500,6.17,0.04,3,0
31000,5000,14.96,0.16,3,0
31000,5000,10.62,0.16,4,0
31000,5000,8.94,0.16,2,0
31200,5000,8.63,0.16,2,0
31404,5000,7.51,0.16,3,0
42000,3500,10.36,0.08,2,0
31920,5000,8.0,0.16,3,0
42000,11000,6.54,0.26,3,0
42000,12250,8.88,0.29,4,0
32000,5000,14.27,0.16,4,1
32000,5000,12.69,0.16,4,1
32000,5000,6.03,0.16,2,0
36000,7000,14.84,0.19,3,1
32000,5000,14.79,0.16,2,0
42000,9250,11.12,0.22,4,0
32000,5000,7.49,0.16,2,0
32000,5000,12.53,0.16,3,0
32000,5000,7.68,0.16,4,0
32004,5000,13.23,0.16,2,0
32004,5000,14.35,0.16,3,0
42000,12000,10.38,0.29,4,0
42000,4200,13.23,0.1,2,0
36000,6000,7.14,0.17,4,1
32760,5000,13.48,0.15,3,0
32968,5000,14.61,0.15,3,1
33000,5000,12.69,0.15,4,0
36000,6000,11.49,0.17,2,1
33000,5000,10.62,0.15,2,0
42000,11000,7.88,0.26,2,0
33000,5000,10.25,0.15,4,0
33000,5000,12.84,0.15,2,0
42000,3000,7.51,0.07,2,0
33280,5000,14.11,0.15,4,1
33600,5000,13.49,0.15,4,0
33600,5000,13.49,0.15,3,0
42000,13750,11.36,0.33,4,0
33996,5000,12.18,0.15,3,0
33996,5000,9.38,0.15,3,0
42000,8500,7.51,0.2,4,0
34000,5000,7.88,0.15,4,0
42000,3500,7.51,0.08,2,0
34000,5000,8.0,0.15,4,0
34400,5000,13.49,0.15,4,0
34800,5000,10.99,0.14,2,1
42000,10000,14.59,0.24,2,0
34900,5000,11.49,0.14,3,0
35000,5000,11.71,0.14,3,0
35000,5000,11.71,0.14,2,0
35000,5000,10.65,0.14,3,0
35000,5000,11.71,0.14,2,0
35000,5000,6.99,0.14,2,0
29000,5000,12.99,0.17,2,1
42000,5200,10.25,0.12,4,0
35000,5000,10.36,0.14,3,0
35000,5000,7.88,0.14,3,0
35000,5000,7.88,0.14,4,0
35000,5000,13.23,0.14,2,0
42000,7000,8.59,0.17,3,0
36000,13750,13.22,0.38,4,1
42000,4500,11.48,0.11,3,0
29000,5000,15.7,0.17,3,1
42000,5000,8.94,0.12,2,0
29004,5000,6.92,0.17,3,1
35004,5000,14.72,0.14,3,0
42000,6000,8.94,0.14,2,0
42000,7000,8.59,0.17,2,0
35004,5000,8.94,0.14,2,0
35520,5000,13.57,0.14,3,0
35880,5000,7.68,0.14,4,0
30000,5000,18.25,0.17,2,1
42000,12000,14.26,0.29,4,0
36000,5000,14.79,0.14,2,0
36000,5000,12.99,0.14,4,0
30000,5000,14.17,0.17,3,1
36000,5000,10.37,0.14,4,0
42000,5750,13.57,0.14,3,0
30000,5000,14.54,0.17,4,1
36000,5000,6.17,0.14,2,0
30000,5000,17.43,0.17,2,1
42000,15000,11.26,0.36,4,0
42000,4400,11.89,0.1,4,0
30000,5000,15.21,0.17,3,1
30000,5000,15.7,0.17,4,1
36000,5000,13.48,0.14,3,0
36000,5000,13.22,0.14,4,0
36100,5000,7.49,0.14,4,0
42000,8000,9.63,0.19,2,0
36225,5000,12.84,0.14,4,0
36396,5000,6.03,0.14,3,0
36400,5000,8.9,0.14,4,0
36480,5000,6.54,0.14,2,0
36996,5000,9.99,0.14,3,0
42000,5400,11.78,0.13,4,0
42000,7500,10.51,0.18,3,0
36996,5000,5.42,0.14,2,0
42000,2000,11.28,0.05,2,0
37000,5000,10.65,0.14,4,0
36000,5000,12.29,0.14,3,1
37500,5000,11.03,0.13,3,0
42000,15075,12.92,0.36,2,0
31516,5000,9.91,0.16,4,1
42048,8500,7.74,0.2,3,0
32000,5000,9.91,0.16,3,1
38000,5000,13.99,0.13,4,0
38000,5000,7.29,0.13,3,0
42179,10000,5.42,0.24,4,0
38000,5000,11.58,0.13,3,0
32000,5000,15.37,0.16,3,1
32000,5000,13.93,0.16,4,1
38004,5000,6.91,0.13,2,0
42240,8000,6.62,0.19,4,0
42240,5500,12.73,0.13,3,0
42252,8000,12.84,0.19,2,0
32352,5000,14.84,0.15,4,1
38400,5000,10.59,0.13,4,0
38400,5000,10.99,0.13,2,0
38400,5000,11.14,0.13,3,0
39000,5000,12.69,0.13,3,0
39000,5000,6.99,0.13,2,0
39000,5000,7.49,0.13,4,0
42500,4800,7.51,0.11,2,0
42500,7500,8.49,0.18,3,0
42500,2000,5.42,0.05,3,0
42500,10000,13.8,0.24,2,0
39516,5000,7.74,0.13,3,0
39862,5000,14.22,0.13,4,0
39996,5000,6.92,0.13,3,0
39996,5000,13.72,0.13,2,0
33996,5000,9.25,0.15,3,1
33996,5000,14.84,0.15,2,1
33996,5000,14.96,0.15,2,1
39996,5000,12.87,0.13,2,0
39996,5000,11.89,0.13,4,0
39996,5000,10.2,0.13,2,0
33996,5000,12.92,0.15,4,1
42500,7000,14.61,0.16,2,0
40000,5000,12.42,0.13,4,0
40000,5000,9.91,0.13,3,0
40000,5000,8.9,0.13,2,0
40000,5000,12.42,0.13,3,0
42504,10000,7.29,0.24,2,0
40000,5000,5.79,0.13,2,0
36588,1000,14.61,0.03,2,1
40000,5000,6.17,0.13,3,0
40000,5000,9.25,0.13,4,0
34000,5000,12.23,0.15,2,1
42642,10000,15.76,0.23,3,0
40000,5000,6.17,0.13,2,0
42806,1000,7.51,0.02,2,0
34000,5000,12.73,0.15,3,1
40000,5000,11.36,0.13,4,0
40000,5000,13.11,0.13,3,0
34000,5000,14.59,0.15,4,1
40000,5000,14.26,0.13,2,0
42900,2000,10.74,0.05,4,0
42900,1000,6.76,0.02,3,0
40000,5000,9.45,0.13,3,0
40000,5000,7.43,0.13,4,0
42996,12000,6.17,0.28,4,0
34500,5000,16.89,0.14,3,1
34800,5000,16.02,0.14,3,1
34800,5000,15.21,0.14,2,1
40992,5000,10.99,0.12,2,0
35000,5000,15.96,0.14,4,1
41000,5000,11.71,0.12,2,0
42996,7200,14.11,0.17,4,0
35000,5000,14.79,0.14,2,1
41000,5000,7.51,0.12,2,0
35280,5000,14.96,0.14,3,1
42000,5000,8.9,0.12,4,0
43000,9500,6.62,0.22,2,0
42000,5000,10.99,0.12,4,0
42000,5000,7.29,0.12,4,0
36000,5000,12.68,0.14,4,1
43000,7000,6.62,0.16,4,0
43000,6600,14.27,0.15,2,0
43000,9000,11.71,0.21,4,0
42000,5000,5.42,0.12,2,0
43000,6000,10.65,0.14,3,0
36000,5000,16.32,0.14,4,1
43000,6000,13.49,0.14,3,0
43000,15000,11.99,0.35,2,0
42000,5000,7.51,0.12,3,0
36000,5000,14.59,0.14,2,1
42000,5000,12.87,0.12,4,0
43000,2500,13.49,0.06,4,0
36000,5000,13.22,0.14,4,1
43000,7200,10.59,0.17,3,0
42000,5000,9.32,0.12,4,0
43000,8800,5.42,0.2,3,0
42000,5000,11.91,0.12,4,0
43000,3600,15.62,0.08,3,0
43000,3500,11.49,0.08,3,0
36100,5000,12.92,0.14,3,1
42288,5000,10.99,0.12,2,0
42500,5000,12.42,0.12,4,0
42500,5000,12.98,0.12,4,0
42996,5000,7.14,0.12,4,0
42996,5000,10.38,0.12,2,0
43000,6650,10.37,0.15,3,0
43000,5000,7.51,0.12,3,0
37000,5000,16.45,0.14,3,1
43000,7750,7.66,0.18,2,0
43200,5000,12.69,0.12,2,0
43000,7000,6.92,0.16,3,0
43200,5000,14.17,0.12,4,0
43200,5000,12.87,0.12,3,0
43680,5000,10.65,0.11,4,0
37900,5000,12.18,0.13,2,1
43000,4000,7.88,0.09,4,0
44000,5000,8.9,0.11,3,0
44004,5000,8.9,0.11,3,0
38500,5000,14.84,0.13,2,1
43000,5000,7.14,0.12,2,0
37000,6250,7.14,0.17,4,1
45000,5000,12.42,0.11,2,0
45000,5000,9.91,0.11,3,0
43000,10000,7.88,0.23,3,0
43000,8000,7.14,0.19,4,0
43000,7000,10.62,0.16,4,0
43000,11500,7.88,0.27,2,0
43000,9250,13.11,0.22,2,0
39000,5000,16.77,0.13,3,1
45000,5000,10.74,0.11,4,0
45000,5000,11.11,0.11,3,0
43000,9800,8.59,0.23,2,0
39000,5000,12.23,0.13,3,1
45000,5000,7.88,0.11,3,0
45000,5000,11.36,0.11,4,0
43000,6000,7.74,0.14,4,0
45000,5000,9.32,0.11,4,0
39000,5000,15.37,0.13,4,1
45000,5000,13.79,0.11,2,0
45000,5000,11.89,0.11,3,0
45000,5000,7.75,0.11,3,0
39600,5000,14.84,0.13,2,1
45600,5000,14.22,0.11,4,0
45984,5000,7.14,0.11,4,0
39996,5000,14.11,0.13,3,1
40000,5000,15.99,0.13,2,1
46000,5000,7.88,0.11,2,0
43000,9000,9.63,0.21,2,0
37000,8500,12.53,0.23,2,1
43000,8500,12.09,0.2,4,0
46500,5000,10.37,0.11,4,0
46800,5000,6.76,0.11,3,0
46800,5000,9.32,0.11,3,0
43008,11200,15.31,0.26,3,0
46809,5000,12.18,0.11,4,0
47000,5000,12.42,0.11,4,0
47000,5000,8.9,0.11,2,0
47000,5000,9.99,0.11,3,0
47000,5000,7.14,0.11,4,0
43200,17000,13.49,0.39,2,0
43200,8400,16.77,0.19,4,0
43200,10000,12.69,0.23,3,0
47184,5000,10.25,0.11,2,0
47233,5000,11.36,0.11,3,0
43200,6350,7.49,0.15,4,0
41496,5000,10.83,0.12,3,1
43200,3600,14.79,0.08,2,0
43200,6000,12.87,0.14,3,0
42000,5000,13.99,0.12,3,1
48000,5000,6.99,0.1,2,0
37200,7000,10.59,0.19,2,1
43200,7975,7.49,0.18,2,0
37200,4000,7.66,0.11,2,1
48000,5000,9.25,0.1,2,0
48000,5000,9.99,0.1,4,0
48000,5000,6.17,0.1,4,0
48000,5000,11.12,0.1,2,0
48000,5000,13.11,0.1,4,0
43200,11000,5.42,0.25,2,0
43200,13000,15.95,0.3,2,0
43200,2000,14.35,0.05,4,0
37200,8000,7.88,0.22,4,1
48000,5000,11.89,0.1,2,0
43200,6000,7.51,0.14,3,0
37200,16000,13.11,0.43,2,1
48000,5000,11.89,0.1,4,0
48000,5000,9.63,0.1,3,0
48000,5000,8.7,0.1,3,0
48048,5000,11.36,0.1,4,0
43200,2500,9.88,0.06,4,0
48200,5000,10.38,0.1,2,0
43200,10000,14.26,0.23,4,0
43200,13800,11.48,0.32,2,0
43200,10000,9.63,0.23,3,0
43200,6000,7.68,0.14,3,0
48996,5000,7.88,0.1,3,0
48996,5000,13.79,0.1,4,0
43236,18000,12.87,0.42,2,0
49000,5000,10.65,0.1,3,0
49000,5000,11.86,0.1,2,0
49296,5000,7.88,0.1,4,0
49560,5000,10.36,0.1,4,0
44000,5000,16.77,0.11,2,1
50000,5000,5.42,0.1,3,0
44000,5000,15.23,0.11,2,1
50000,5000,10.59,0.1,2,0
50000,5000,7.49,0.1,2,0
55000,9000,12.87,0.16,4,0
43500,9000,9.63,0.21,4,0
55000,9000,16.7,0.16,3,0
43600,7000,7.49,0.16,4,0
56000,9000,7.29,0.16,2,0
56000,9000,13.35,0.16,3,0
57000,9000,7.14,0.16,2,0
37700,10000,9.63,0.27,3,1
37700,9000,11.58,0.24,2,1
57240,9000,7.51,0.16,3,0
57500,9000,10.37,0.16,3,0
43800,13000,10.38,0.3,4,0
57500,9000,6.91,0.16,2,0
37800,7000,14.96,0.19,4,1
57996,9000,11.83,0.16,4,0
43873,17500,16.32,0.4,3,0
58000,9000,7.29,0.16,4,0
43971,4600,5.42,0.1,4,0
60000,9000,7.51,0.15,3,0
44000,10000,12.69,0.23,2,0
44000,6400,7.51,0.15,3,0
60000,9000,10.59,0.15,3,0
60000,9000,5.99,0.15,4,0
60000,9000,12.68,0.15,4,0
44000,3200,7.51,0.07,4,0
60000,9000,6.17,0.15,2,0
44000,6000,15.96,0.14,4,0
44000,4000,15.27,0.09,2,0
44000,7000,6.03,0.16,3,0
44000,11200,10.99,0.25,4,0
60000,9000,13.61,0.15,4,0
60000,9000,11.86,0.15,4,0
60000,9000,7.14,0.15,4,0
60000,9000,11.58,0.15,3,0
44000,3500,5.99,0.08,2,0
44000,10000,9.99,0.23,3,0
61041,9000,11.36,0.15,2,0
62400,9000,8.49,0.14,3,0
64000,9000,6.03,0.14,2,0
44000,12000,14.54,0.27,2,0
44000,10000,17.14,0.23,4,0
65000,9000,6.03,0.14,4,0
44000,4000,5.79,0.09,4,0
44000,7200,7.29,0.16,3,0
44000,2000,5.79,0.05,3,0
65000,9000,9.91,0.14,4,0
44000,14500,7.29,0.33,2,0
44000,6000,5.42,0.14,4,0
59000,9000,15.28,0.15,4,1
65000,9000,11.86,0.14,4,0
44000,10750,6.17,0.24,3,0
44000,8475,6.91,0.19,4,0
44000,5500,6.17,0.13,4,0
69000,9000,11.49,0.13,2,0
44000,3600,5.79,0.08,2,0
70000,9000,13.49,0.13,2,0
44000,5000,13.23,0.11,2,0
72000,9000,10.74,0.13,2,0
38000,2500,15.7,0.07,2,1
72000,9000,13.47,0.13,3,0
72500,9000,10.59,0.12,2,0
74000,9000,10.0,0.12,3,0
44000,10000,12.87,0.23,2,0
75000,9000,10.99,0.12,4,0
44000,5000,7.4,0.11,3,0
44000,2000,7.4,0.05,4,0
69000,9000,9.63,0.13,4,1
69000,9000,14.09,0.13,3,1
44000,9000,15.31,0.2,2,0
77496,9000,12.84,0.12,4,0
44000,3600,9.32,0.08,2,0
80000,9000,8.9,0.11,2,0
80000,9000,6.91,0.11,3,0
80000,9000,13.16,0.11,2,0
80000,9000,10.91,0.11,3,0
80400,9000,7.51,0.11,2,0
83000,9000,10.59,0.11,4,0
44000,18900,10.14,0.43,2,0
84000,9000,11.36,0.11,2,0
38004,3600,17.27,0.09,4,1
44004,17000,6.62,0.39,2,0
84996,9000,11.26,0.11,2,0
85000,9000,13.92,0.11,4,0
44004,7200,11.89,0.16,4,0
44004,6300,12.29,0.14,3,0
86250,9000,12.69,0.1,2,0
87000,9000,13.49,0.1,4,0
44160,3000,14.79,0.07,3,0
44160,10000,13.22,0.23,4,0
44196,4000,7.51,0.09,3,0
90900,9000,13.22,0.1,3,0
44208,7000,7.51,0.16,3,0
92000,9000,6.92,0.1,2,0
83000,9000,15.05,0.11,3,1
44340,3000,12.98,0.07,3,0
38340,2500,12.18,0.07,4,1
44390,14300,10.99,0.32,2,0
38400,15000,17.27,0.39,3,1
100000,9000,11.34,0.09,4,0
44400,6000,6.03,0.14,2,0
44400,14125,12.99,0.32,2,0
110500,9000,5.79,0.08,4,0
115000,9000,7.51,0.08,3,0
44400,2500,12.68,0.06,3,0
44400,6500,14.35,0.15,2,0
44400,6500,7.51,0.15,4,0
133800,9000,7.9,0.07,4,0
140000,9000,7.14,0.06,3,0
44400,5000,12.72,0.11,3,0
143000,9000,16.45,0.06,4,1
24000,8975,11.83,0.37,2,1
33000,8975,16.02,0.27,3,0
44470,4000,6.76,0.09,2,0
44475,5000,10.65,0.11,3,0
52800,8975,10.99,0.17,2,0
34600,8950,6.17,0.26,4,0
33000,8950,13.22,0.27,3,1
44500,9250,9.62,0.21,3,0
63000,8900,7.29,0.14,3,0
44500,15000,13.57,0.34,4,0
44500,5000,13.87,0.11,3,0
21312,8875,10.59,0.42,2,1
23000,8875,8.9,0.39,2,1
23000,8875,10.74,0.39,4,1
44582,5600,7.49,0.13,2,0
44600,20000,11.89,0.45,4,0
24500,8875,10.0,0.36,2,1
26124,8875,15.62,0.34,3,1
26400,8875,6.62,0.34,4,1
30000,8875,7.51,0.3,4,0
44700,14400,15.37,0.32,4,0
44720,6000,7.9,0.13,2,0
62000,8850,6.62,0.14,3,0
23800,8800,9.32,0.37,4,1
44959,10000,11.71,0.22,2,0
46744,8800,14.96,0.19,3,0
47000,8800,7.49,0.19,4,0
48000,8800,6.62,0.18,4,0
45000,8650,14.27,0.19,2,0
60000,8800,8.9,0.15,3,0
45000,9000,6.62,0.2,3,0
45000,10000,11.71,0.22,3,0
73700,8800,18.21,0.12,3,0
75000,8800,14.59,0.12,3,0
80000,8800,7.51,0.11,2,0
108000,8800,10.99,0.08,4,0
45000,10400,14.27,0.23,2,0
44000,5000,13.99,0.11,2,1
44000,5000,14.91,0.11,2,1
50000,5000,6.54,0.1,2,0
45000,6500,10.65,0.14,4,0
50000,5000,9.25,0.1,3,0
45000,14550,11.71,0.32,4,0
50000,5000,11.86,0.1,4,0
50000,5000,7.88,0.1,4,0
50000,5000,11.36,0.1,4,0
45000,3000,6.62,0.07,2,0
50000,5000,10.25,0.1,2,0
50000,5000,7.4,0.1,2,0
45000,11000,8.9,0.24,3,0
50000,5000,14.74,0.1,4,0
45000,6000,7.51,0.13,4,0
50000,5000,11.03,0.1,2,0
50004,5000,7.14,0.1,3,0
50252,5000,11.46,0.1,2,0
44400,5000,16.29,0.11,4,1
50400,5000,10.38,0.1,2,0
39000,4150,17.58,0.11,2,1
50433,5000,10.71,0.1,4,0
50500,5000,10.37,0.1,3,0
50793,5000,6.62,0.1,4,0
39000,8500,14.65,0.22,4,1
45000,7000,6.62,0.16,3,0
45000,5600,11.71,0.12,3,0
21000,8500,7.51,0.4,4,1
45000,6000,14.27,0.13,4,0
24000,8500,7.9,0.35,3,1
45000,3800,10.65,0.08,2,0
24000,8500,9.88,0.35,4,1
24996,8500,6.91,0.34,4,1
25000,8500,11.71,0.34,3,1
25000,8500,6.03,0.34,3,1
25000,8500,11.71,0.34,2,1
25000,8500,12.53,0.34,2,1
25000,8500,12.21,0.34,2,1
45000,9050,6.62,0.2,4,0
25000,8500,11.26,0.34,2,1
25200,8500,13.61,0.34,2,1
45000,5000,6.62,0.11,3,0
26000,8500,6.17,0.33,3,1
45000,6800,6.03,0.15,2,0
45000,5000,6.99,0.11,3,0
45000,8000,6.99,0.18,2,0
27000,8500,12.21,0.31,2,1
39000,7000,7.49,0.18,3,1
27120,8500,8.9,0.31,2,1
28500,8500,11.14,0.3,3,0
45000,5000,7.49,0.11,4,0
28700,8500,13.55,0.3,3,1
45000,5800,6.99,0.13,2,0
29520,8500,15.37,0.29,2,0
29760,8500,10.62,0.29,2,0
30000,8500,13.49,0.28,2,0
45000,8000,16.49,0.18,2,0
45000,14000,11.49,0.31,2,0
30000,8500,13.98,0.28,4,0
32000,8500,13.16,0.27,4,0
45000,2000,15.62,0.04,3,0
34000,8500,7.88,0.25,3,0
30000,8500,15.05,0.28,4,1
45000,4725,11.99,0.1,2,0
39000,5500,5.99,0.14,4,1
38400,8500,10.99,0.22,2,0
40000,8500,14.35,0.21,2,0
45000,4075,5.42,0.09,3,0
34000,8500,13.92,0.25,3,1
45000,14125,13.99,0.31,2,0
40500,8500,7.88,0.21,2,0
42000,8500,7.51,0.2,4,0
39000,5600,16.49,0.14,3,1
45000,10000,9.99,0.22,4,0
45000,13000,10.99,0.29,2,0
45000,6000,7.49,0.13,3,0
42000,8500,6.92,0.2,3,0
42000,8500,12.53,0.2,4,0
42000,8500,11.14,0.2,4,0
42996,8500,10.2,0.2,2,0
43000,8500,15.58,0.2,2,0
45000,5000,6.99,0.11,2,0
44000,8500,5.42,0.19,4,0
44000,8500,7.51,0.19,4,0
39000,8500,13.23,0.22,4,1
45000,4000,6.62,0.09,4,0
47000,8500,8.9,0.18,4,0
45000,10000,16.89,0.22,4,0
47000,8500,10.37,0.18,4,0
45000,15000,14.79,0.33,4,0
49232,8500,6.54,0.17,4,0
45000,3000,10.99,0.07,4,0
44000,8500,14.27,0.19,4,1
50000,8500,10.65,0.17,2,0
44000,8500,11.49,0.19,2,1
45000,14650,7.49,0.33,2,0
50000,8500,15.7,0.17,4,0
52582,8500,10.62,0.16,2,0
45000,11000,7.49,0.24,2,0
55000,8500,9.88,0.15,2,0
55000,8500,14.22,0.15,2,0
45000,7200,7.29,0.16,4,0
59000,8500,11.83,0.14,4,0
45000,7000,5.42,0.16,3,0
62500,8500,7.88,0.14,4,0
45000,6250,5.42,0.14,3,0
63996,8500,11.89,0.13,4,0
65000,8500,13.35,0.13,2,0
65000,8500,12.21,0.13,2,0
45000,3000,6.92,0.07,3,0
74000,8500,11.71,0.11,4,0
69000,8500,6.92,0.12,4,1
21040,8450,11.71,0.4,4,1
38500,8450,10.62,0.22,4,0
45000,5000,5.79,0.11,2,0
100000,8450,12.99,0.08,2,0
45000,15000,13.06,0.33,3,0
45000,5000,5.79,0.11,3,0
25000,8400,6.62,0.34,2,1
45000,9125,5.79,0.2,3,0
30000,8400,14.65,0.28,3,0
52000,5000,10.59,0.1,3,0
52000,5000,7.49,0.1,3,0
52000,5000,6.99,0.1,4,0
45000,10000,11.11,0.22,3,0
52728,5000,7.74,0.09,4,0
53000,5000,9.91,0.09,2,0
53000,5000,7.9,0.09,4,0
45000,3000,9.99,0.07,4,0
45000,4325,6.91,0.1,3,0
45000,4000,9.25,0.09,3,0
53000,5000,12.53,0.09,3,0
53500,5000,12.18,0.09,3,0
53760,5000,13.43,0.09,4,0
54000,5000,10.0,0.09,2,0
54000,5000,12.21,0.09,4,0
45000,5000,12.61,0.11,2,0
45000,10000,5.79,0.22,4,0
54860,5000,14.17,0.09,4,0
54996,5000,11.86,0.09,2,0
45000,10000,6.91,0.22,4,0
54996,5000,12.54,0.09,3,0
54996,5000,10.39,0.09,2,0
49000,5000,15.62,0.1,4,1
45000,3000,6.17,0.07,4,0
55000,5000,6.91,0.09,2,0
55000,5000,13.48,0.09,4,0
55000,5000,8.0,0.09,3,0
55272,5000,5.42,0.09,3,0
56000,5000,14.27,0.09,4,0
56000,5000,7.91,0.09,2,0
45000,4750,6.39,0.11,2,0
50000,5000,15.62,0.1,4,1
45000,6000,6.76,0.13,2,0
45000,10000,7.88,0.22,4,0
56016,5000,15.13,0.09,3,0
45000,4000,7.14,0.09,3,0
51000,5000,12.42,0.1,4,1
51000,5000,14.74,0.1,2,1
51600,5000,8.94,0.1,2,1
57692,5000,13.23,0.09,3,0
57996,5000,8.0,0.09,3,0
57996,5000,13.24,0.09,4,0
58000,5000,7.49,0.09,2,0
58000,5000,13.85,0.09,2,0
45000,7200,11.86,0.16,2,0
45000,4500,7.14,0.1,2,0
45000,5000,7.88,0.11,3,0
58000,5000,13.16,0.09,3,0
45000,6000,7.88,0.13,3,0
45000,5000,7.14,0.11,4,0
58296,5000,6.17,0.09,4,0
58380,5000,12.29,0.09,3,0
45000,4000,14.35,0.09,2,0
58800,5000,7.29,0.09,3,0
58800,5000,14.84,0.09,2,0
52880,5000,14.59,0.09,4,1
45000,18000,7.88,0.4,4,0
58979,5000,9.32,0.08,3,0
53000,5000,15.95,0.09,2,1
59317,5000,11.48,0.08,4,0
59800,5000,11.36,0.08,3,0
45000,15000,11.36,0.33,2,0
45000,5000,6.76,0.11,3,0
45000,1500,6.76,0.03,4,0
60000,5000,13.49,0.08,2,0
54000,5000,17.27,0.09,2,1
45000,8000,7.51,0.18,4,0
60000,5000,16.49,0.08,2,0
60000,5000,13.99,0.08,2,0
45000,4200,7.14,0.09,2,0
60000,5000,6.99,0.08,3,0
60000,5000,8.49,0.08,4,0
60000,5000,10.99,0.08,2,0
45000,10000,7.51,0.22,2,0
60000,5000,6.91,0.08,4,0
60000,5000,15.57,0.08,4,0
45000,3300,10.99,0.07,3,0
54000,5000,6.54,0.09,3,1
60000,5000,7.14,0.08,2,0
60000,5000,13.98,0.08,2,0
39000,16000,14.22,0.41,4,1
45000,14500,13.48,0.32,2,0
60000,5000,14.22,0.08,4,0
45000,10400,10.25,0.23,3,0
54000,5000,16.35,0.09,3,1
54000,5000,12.84,0.09,2,1
45000,5000,13.48,0.11,4,0
61000,5000,9.99,0.08,2,0
45000,13000,10.62,0.29,2,0
45000,1275,11.36,0.03,4,0
61000,5000,7.66,0.08,3,0
62000,5000,7.49,0.08,3,0
62400,5000,12.69,0.08,3,0
62400,5000,7.51,0.08,2,0
63000,5000,10.74,0.08,3,0
63000,5000,13.23,0.08,4,0
63000,5000,7.74,0.08,3,0
45000,14500,11.48,0.32,2,0
63000,5000,9.32,0.08,4,0
63800,5000,9.99,0.08,4,0
64000,5000,15.33,0.08,4,0
45000,6000,11.83,0.13,2,0
64151,5000,11.86,0.08,2,0
64424,5000,6.03,0.08,4,0
45000,4000,13.92,0.09,2,0
64600,5000,7.9,0.08,4,0
45000,10000,12.87,0.22,2,0
45000,3000,7.05,0.07,3,0
65000,5000,5.99,0.08,3,0
65000,5000,11.49,0.08,3,0
59000,5000,15.62,0.08,3,1
45000,4000,11.83,0.09,3,0
45000,4000,8.59,0.09,3,0
45000,7000,8.94,0.16,3,0
39000,16000,14.26,0.41,3,1
45000,5950,7.74,0.13,2,0
65000,5000,5.42,0.08,2,0
45000,14550,11.83,0.32,4,0
65000,5000,13.98,0.08,2,0
45000,8000,12.53,0.18,3,0
59000,5000,14.22,0.08,3,1
45000,3200,7.74,0.07,3,0
45000,1500,7.05,0.03,2,0
45000,9925,11.48,0.22,2,0
65000,5000,10.25,0.08,2,0
65000,5000,13.47,0.08,2,0
59004,5000,11.11,0.08,3,1
45000,8000,12.84,0.18,2,0
39000,8000,14.11,0.21,3,1
45000,10000,12.21,0.22,2,0
45000,7000,9.63,0.16,3,0
45000,5000,8.0,0.11,3,0
66000,5000,10.39,0.08,3,0
45000,9200,11.89,0.2,3,0
39000,12000,14.11,0.31,2,1
67500,5000,7.74,0.07,4,0
67500,5000,12.18,0.07,3,0
45000,17000,11.89,0.38,2,0
67596,5000,11.86,0.07,4,0
45000,16750,12.53,0.37,3,0
45000,7750,12.53,0.17,4,0
68000,5000,9.99,0.07,3,0
68648,5000,10.99,0.07,2,0
63900,5000,15.99,0.08,2,1
69996,5000,10.38,0.07,4,0
70000,5000,11.71,0.07,3,0
54400,5000,16.49,0.08,4,1
70000,5000,17.39,0.07,2,0
70500,5000,11.14,0.07,4,0
55488,5000,15.21,0.08,2,1
71400,5000,12.99,0.07,4,0
39000,5000,18.21,0.13,4,1
72000,5000,7.49,0.07,4,0
45000,7375,9.32,0.16,4,0
72000,5000,11.49,0.07,3,0
39000,5000,13.67,0.13,3,1
45000,8000,10.51,0.18,4,0
56950,5000,13.92,0.07,4,1
73000,5000,9.01,0.07,2,0
73500,5000,12.99,0.07,4,0
74500,5000,11.36,0.07,2,0
45000,7500,8.32,0.17,3,0
45000,7500,8.0,0.17,3,0
69000,5000,7.49,0.07,2,1
75000,5000,7.49,0.07,3,0
75000,5000,11.49,0.07,3,0
75000,5000,10.99,0.07,2,0
45000,21000,9.76,0.47,3,0
75000,5000,5.79,0.07,2,0
45000,9000,11.03,0.2,2,0
45000,7500,10.39,0.17,3,0
75000,5000,11.78,0.07,2,0
45000,6500,10.28,0.14,2,0
76000,5000,7.9,0.07,3,0
76000,5000,8.9,0.07,2,0
76344,5000,9.63,0.07,2,0
45149,9000,5.79,0.2,4,0
76500,5000,12.53,0.07,3,0
78000,5000,7.66,0.06,3,0
45192,11700,10.74,0.26,2,0
78300,5000,7.74,0.06,3,0
39200,4000,15.05,0.1,3,1
80000,5000,12.42,0.06,4,0
45204,4750,12.21,0.11,4,0
74000,5000,15.27,0.07,4,1
74000,5000,13.49,0.07,4,1
45288,20500,9.25,0.45,2,0
80000,5000,5.42,0.06,2,0
45300,5550,15.37,0.12,3,0
62900,5000,14.84,0.07,4,1
39325,2800,12.87,0.07,4,1
45336,10000,5.99,0.22,2,0
81000,5000,5.42,0.06,3,0
45378,6000,5.79,0.13,2,0
45432,5000,9.88,0.11,4,0
83100,5000,16.35,0.06,3,0
84996,5000,12.23,0.06,3,0
73000,5000,15.31,0.07,2,1
45500,14000,14.72,0.31,2,0
39500,15250,15.05,0.39,4,1
85000,5000,11.58,0.06,4,0
45600,6000,6.03,0.13,4,0
45600,14000,7.9,0.31,3,0
85272,5000,11.11,0.06,4,0
45600,12000,14.65,0.26,2,0
45600,10000,15.27,0.22,3,0
88000,5000,10.99,0.06,4,0
45600,3000,11.49,0.07,4,0
45600,10000,16.11,0.22,4,0
45600,13000,12.99,0.29,4,0
76000,5000,17.19,0.07,3,1
90000,5000,16.77,0.06,3,0
78000,5000,6.62,0.06,4,1
90000,5000,15.96,0.06,3,0
90000,5000,10.59,0.06,2,0
90000,5000,9.99,0.06,3,0
45600,7200,6.91,0.16,4,0
45600,15000,5.79,0.33,2,0
39600,6400,6.91,0.16,2,1
90000,5000,14.96,0.06,4,0
45600,2000,10.36,0.04,2,0
45600,1000,9.62,0.02,4,0
80000,5000,14.96,0.06,4,1
94000,5000,16.02,0.05,3,0
45600,9500,10.38,0.21,2,0
95004,5000,9.63,0.05,4,0
45600,1800,13.48,0.04,4,0
97500,5000,18.39,0.05,4,0
45600,1600,7.88,0.04,2,0
86004,5000,14.84,0.06,2,1
39600,4650,10.28,0.12,4,1
45608,11000,6.62,0.24,2,0
45673,7000,7.88,0.15,4,0
45691,7000,7.14,0.15,2,0
39696,14125,12.42,0.36,4,1
100000,5000,6.03,0.05,2,0
100000,5000,8.49,0.05,3,0
45843,11000,11.71,0.24,3,0
39868,2400,16.02,0.06,4,1
102240,5000,19.03,0.05,3,0
39896,9250,9.63,0.23,3,1
45900,6400,8.59,0.14,3,0
103992,5000,7.88,0.05,3,0
45900,11500,13.79,0.25,4,0
106000,5000,7.88,0.05,2,0
45992,10000,5.42,0.22,3,0
108000,5000,12.69,0.05,4,0
45996,10000,5.79,0.22,3,0
108000,5000,7.66,0.05,4,0
110000,5000,9.99,0.05,4,0
111460,5000,11.71,0.04,4,0
112000,5000,10.25,0.04,3,0
115000,5000,8.9,0.04,3,0
116300,5000,14.96,0.04,4,0
45996,10000,13.16,0.22,3,0
120000,5000,7.68,0.04,2,0
120000,5000,13.79,0.04,3,0
114000,5000,15.31,0.04,3,1
135000,5000,11.36,0.04,4,0
137481,5000,10.99,0.04,3,0
46000,10075,12.42,0.22,2,0
46000,5000,6.62,0.11,3,0
150000,5000,10.65,0.03,2,0
138000,5000,14.91,0.04,4,1
117300,5000,13.23,0.04,3,1
159996,5000,14.11,0.03,4,0
46000,11000,12.69,0.24,2,0
21600,5200,11.86,0.24,3,1
24000,5200,13.49,0.22,2,0
25000,5200,12.53,0.21,3,0
46000,2125,12.99,0.05,2,0
46000,3000,5.42,0.07,3,0
26000,5200,12.53,0.2,2,0
30000,5200,15.96,0.17,3,0
46000,15000,6.99,0.33,3,0
30000,5200,17.19,0.17,4,1
32160,5200,14.65,0.16,4,0
35000,5200,13.92,0.15,2,0
36850,5200,12.42,0.14,4,0
38000,5200,10.74,0.14,3,0
38000,5200,7.88,0.14,3,0
46000,6000,12.68,0.13,4,0
24000,5250,7.66,0.22,3,1
46000,2000,7.66,0.04,2,0
46000,4000,10.37,0.09,2,0
45000,5275,10.39,0.12,2,0
57600,5275,13.49,0.09,2,0
46000,10000,10.36,0.22,3,0
23340,5300,7.9,0.23,3,0
24996,5300,15.23,0.21,4,0
46000,10000,9.99,0.22,2,0
26400,5300,8.49,0.2,3,0
46000,3000,7.88,0.07,3,0
28800,5300,15.27,0.18,3,0
30000,5300,15.27,0.18,3,0
30000,5300,17.99,0.18,4,1
30000,5300,15.28,0.18,3,1
46000,23500,10.25,0.51,4,0
47000,5300,7.66,0.11,2,0
50004,5300,14.42,0.11,2,0
65000,5300,6.62,0.08,3,0
40000,15000,11.36,0.38,2,1
22000,5325,12.42,0.24,3,1
32000,5325,14.27,0.17,3,0
46000,8000,11.48,0.17,4,0
24000,5375,10.99,0.22,3,0
26000,5375,13.47,0.21,4,0
18000,5400,15.99,0.3,3,1
18000,5400,15.23,0.3,4,1
46000,6000,7.68,0.13,2,0
24000,5400,11.49,0.23,3,0
25300,5400,16.02,0.21,2,1
46000,10000,14.74,0.22,3,0
26400,5400,10.38,0.2,2,0
30000,5400,10.0,0.18,4,0
32000,5400,16.29,0.17,2,1
35000,5400,10.59,0.15,2,0
46113,9000,15.99,0.2,4,0
46116,10000,11.03,0.22,3,0
46144,1500,7.49,0.03,2,0
35000,5400,12.84,0.15,4,0
36000,5400,8.9,0.15,2,0
45000,5400,7.29,0.12,2,0
54000,5400,7.88,0.1,3,0
55000,5400,11.99,0.1,2,0
46325,3600,7.68,0.08,4,0
57500,5400,5.42,0.09,4,0
46350,9750,10.0,0.21,3,0
46394,15000,13.47,0.32,2,0
60000,5400,7.49,0.09,3,0
63000,5400,14.54,0.09,2,0
46450,10000,5.42,0.22,2,0
46464,15000,12.21,0.32,3,0
58617,5400,15.21,0.09,2,1
46500,13000,7.29,0.28,3,0
69108,5400,15.95,0.08,2,1
112000,5400,15.27,0.05,4,0
22718,5425,11.99,0.24,2,0
46500,4000,10.62,0.09,3,0
40500,8500,10.99,0.21,3,1
46500,1300,14.96,0.03,2,0
83004,5450,7.9,0.07,4,0
46500,16000,12.53,0.34,3,0
46500,12000,12.21,0.26,3,0
46551,15000,10.62,0.32,4,0
14400,5500,11.48,0.38,3,1
15192,5500,13.11,0.36,3,1
15436,5500,7.88,0.36,3,1
18000,5500,11.71,0.31,2,1
19136,5500,17.93,0.29,3,1
46776,15000,13.24,0.32,4,0
40800,7000,19.03,0.17,4,1
46800,12725,12.42,0.27,2,0
46800,5000,6.99,0.11,2,0
46800,12000,6.99,0.26,2,0
21600,5500,9.25,0.25,4,0
46800,6000,14.91,0.13,2,0
46800,3600,7.14,0.08,3,0
21700,5500,14.91,0.25,2,1
22000,5500,13.04,0.25,4,0
23000,5500,6.54,0.24,3,0
46800,5000,7.51,0.11,3,0
23004,5500,5.79,0.24,3,0
46800,11500,7.51,0.25,4,0
24000,5500,14.27,0.23,3,0
46800,6000,14.22,0.13,4,0
24000,5500,13.99,0.23,4,0
24000,5500,10.99,0.23,4,0
46800,13000,8.59,0.28,2,0
25000,5500,9.32,0.22,4,0
25200,5500,7.9,0.22,2,0
26400,5500,13.72,0.21,2,0
46932,7000,5.79,0.15,4,0
46976,11000,14.26,0.23,2,0
26784,5500,14.74,0.21,4,1
27996,5500,12.53,0.2,2,0
47000,9600,15.96,0.2,2,0
28800,5500,9.76,0.19,4,0
30000,5500,11.86,0.18,3,0
30000,5500,12.53,0.18,4,0
41000,7000,7.9,0.17,4,1
30000,5500,8.0,0.18,4,0
47000,12000,13.49,0.26,3,0
47000,7000,7.51,0.15,4,0
33000,5500,11.11,0.17,4,0
47000,3000,12.69,0.06,3,0
47000,6600,7.9,0.14,2,0
47000,10600,15.96,0.23,4,0
33000,5500,14.54,0.17,3,0
47000,8000,10.65,0.17,3,0
47000,4000,6.62,0.09,4,0
47000,5400,8.9,0.11,3,0
33900,5500,17.58,0.16,2,0
33996,5500,13.47,0.16,2,0
34000,5500,16.89,0.16,2,0
34000,5500,13.11,0.16,3,0
47000,12500,8.49,0.27,2,0
47000,10400,11.49,0.22,2,0
36000,5500,10.65,0.15,2,0
36000,5500,17.14,0.15,3,0
36500,5500,7.51,0.15,2,0
37000,5500,9.2,0.15,2,0
38400,5500,6.92,0.14,3,0
47000,6000,5.99,0.13,2,0
38500,5500,7.74,0.14,2,0
47000,3000,5.42,0.06,3,0
47000,15000,10.74,0.32,2,0
47000,15000,7.66,0.32,3,0
40440,5500,12.73,0.14,4,0
47000,13850,12.68,0.29,4,0
47000,3000,5.79,0.06,2,0
37000,5500,15.31,0.15,2,1
43000,5500,11.89,0.13,4,0
37004,5500,15.05,0.15,4,1
44400,5500,12.73,0.12,4,0
47000,15000,7.66,0.32,2,0
47000,6000,11.11,0.13,4,0
47000,6000,7.66,0.13,3,0
45000,5500,10.38,0.12,2,0
48000,5500,11.49,0.11,4,0
48000,5500,7.49,0.11,4,0
48880,5500,10.99,0.11,3,0
44000,5500,15.28,0.13,3,1
50000,5500,7.14,0.11,3,0
47000,7000,7.51,0.15,3,0
47000,7000,7.14,0.15,3,0
47000,7500,7.51,0.16,4,0
54000,5500,8.94,0.1,3,0
54000,5500,8.07,0.1,2,0
55000,5500,11.71,0.1,4,0
56000,5500,9.38,0.1,3,0
47000,9000,8.94,0.19,3,0
51000,5500,13.49,0.11,2,1
57000,5500,10.99,0.1,4,0
51600,5500,11.99,0.11,3,1
59000,5500,5.42,0.09,2,0
41000,10000,13.57,0.24,4,1
60000,5500,7.88,0.09,2,0
47000,10000,13.79,0.21,4,0
47000,12000,12.21,0.26,4,0
41000,5000,11.78,0.12,3,1
62000,5500,17.49,0.09,3,0
62400,5500,9.76,0.09,4,0
41000,6600,10.71,0.16,2,1
62472,5500,12.73,0.09,2,0
64000,5500,10.75,0.09,4,0
72000,5500,9.91,0.08,3,0
72996,5500,11.49,0.08,3,0
73700,5500,14.65,0.07,3,0
90000,5525,11.36,0.06,4,0
47100,4000,11.49,0.08,3,0
47110,11000,10.99,0.23,4,0
22000,5550,12.41,0.25,3,1
24000,5550,12.53,0.23,4,0
31000,5550,11.36,0.18,3,1
47004,5550,7.49,0.12,4,0
47200,7000,13.23,0.15,4,0
20485,5575,7.9,0.27,4,0
47211,10000,11.83,0.21,3,0
28800,5575,6.62,0.19,4,0
41244,11500,11.58,0.28,3,1
18000,5600,18.09,0.31,4,1
47300,6000,12.69,0.13,4,0
47300,9500,8.49,0.2,2,0
19200,5600,8.9,0.29,2,1
19800,5600,5.79,0.28,3,1
20000,5600,10.75,0.28,4,0
47412,6500,8.59,0.14,2,0
47472,20000,11.83,0.42,3,0
24000,5600,12.73,0.23,4,0
47484,5325,10.62,0.11,4,0
25000,5600,11.11,0.22,4,0
25000,5600,7.29,0.22,2,0
26000,5600,8.0,0.22,2,0
47500,12000,9.91,0.25,3,0
47500,6000,7.9,0.13,3,0
28000,5600,14.12,0.2,2,1
47500,13750,11.71,0.29,4,0
30000,5600,14.46,0.19,2,1
30000,5600,13.61,0.19,2,0
30996,5600,7.49,0.18,2,0
47500,7000,7.74,0.15,3,0
32000,5600,7.9,0.17,3,0
33600,5600,9.25,0.17,3,0
47540,12250,10.62,0.26,2,0
47580,4000,6.62,0.08,2,0
47580,14000,6.03,0.29,2,0
29004,5600,13.79,0.19,4,1
36000,5600,7.9,0.16,4,0
41682,18000,13.22,0.43,3,1
47700,12375,7.9,0.26,4,0
36276,5600,9.99,0.15,4,0
38000,5600,6.62,0.15,4,0
47748,4500,6.39,0.09,4,0
47760,15000,6.03,0.31,2,0
47800,1500,13.43,0.03,3,0
47800,15000,11.86,0.31,4,0
33000,5600,13.23,0.17,4,1
40000,5600,13.8,0.14,3,0
40000,5600,14.61,0.14,4,0
40800,5600,16.77,0.14,3,0
41000,5600,15.96,0.14,4,0
42000,5600,7.49,0.13,2,0
47952,15000,6.17,0.31,4,0
43860,5600,9.63,0.13,2,0
48000,11000,13.49,0.23,3,0
39000,5600,14.96,0.14,4,1
48000,7350,10.65,0.15,2,0
48000,2200,15.27,0.05,4,0
47700,5600,9.99,0.12,2,0
48000,5600,11.14,0.12,3,0
48000,5600,10.62,0.12,2,0
50000,5600,11.49,0.11,4,0
50000,5600,11.03,0.11,4,0
50004,5600,10.59,0.11,4,0
51000,5600,7.49,0.11,2,0
52000,5600,7.29,0.11,2,0
42000,3200,7.9,0.08,3,1
52800,5600,7.29,0.11,3,0
54000,5600,10.59,0.1,4,0
48000,10000,10.65,0.21,4,0
54000,5600,9.63,0.1,2,0
48000,2400,12.69,0.05,4,0
55692,5600,6.62,0.1,2,0
56000,5600,6.03,0.1,3,0
56000,5600,8.59,0.1,4,0
56000,5600,8.32,0.1,2,0
48000,23500,13.49,0.49,4,0
48000,12000,6.03,0.25,3,0
60000,5600,10.65,0.09,4,0
60000,5600,7.29,0.09,2,0
60000,5600,9.25,0.09,3,0
62000,5600,9.99,0.09,4,0
48000,1500,16.29,0.03,3,0
63000,5600,8.49,0.09,4,0
60500,5600,14.91,0.09,3,1
68515,5600,12.61,0.08,3,0
48000,2000,12.69,0.04,4,0
69000,5600,9.99,0.08,3,0
48000,5000,6.03,0.1,4,0
48000,2500,11.71,0.05,3,0
69996,5600,13.11,0.08,2,0
70000,5600,7.9,0.08,4,0
48000,20000,11.71,0.42,4,0
48000,13800,13.49,0.29,2,0
70000,5600,11.14,0.08,3,0
72000,5600,11.12,0.08,2,0
48000,10500,7.51,0.22,2,0
48000,10000,10.65,0.21,3,0
48000,6000,10.65,0.13,2,0
58650,5600,14.84,0.08,4,1
79000,5600,11.12,0.07,4,0
81600,5600,5.99,0.07,4,0
42000,19000,6.99,0.45,3,1
89610,5600,6.54,0.06,4,0
48000,2500,5.42,0.05,3,0
102552,5600,9.99,0.05,3,0
25000,5625,12.68,0.23,4,0
48000,3500,5.42,0.07,4,0
51000,5650,9.91,0.11,4,0
48000,2000,10.99,0.04,2,0
48000,1400,14.79,0.03,4,0
48000,4400,5.99,0.09,3,0
67200,5650,13.47,0.08,2,0
35000,5700,12.99,0.16,3,0
37000,5700,5.42,0.15,4,0
48000,13000,10.99,0.27,3,0
46000,5700,7.66,0.12,3,0
48000,5000,8.49,0.1,4,0
52500,5700,11.12,0.11,2,0
17000,5750,8.9,0.34,2,1
34000,5750,10.75,0.17,3,0
48000,10000,7.49,0.21,3,0
45900,5750,8.94,0.13,3,0
70000,5750,8.0,0.08,4,0
48000,10000,13.49,0.21,4,0
85000,5750,7.29,0.07,4,0
48000,4400,5.99,0.09,4,0
147750,5750,9.99,0.04,4,0
30900,5775,9.63,0.19,4,1
48000,3000,11.99,0.06,4,0
120000,5775,6.17,0.05,2,0
18000,5800,14.72,0.32,4,1
48000,3200,6.99,0.07,2,0
20400,5800,8.94,0.28,4,0
25000,5800,9.91,0.23,4,0
48000,4200,11.99,0.09,4,0
48000,5000,13.99,0.1,2,0
27000,5800,10.65,0.21,3,0
27252,5800,13.06,0.21,4,0
48000,4000,5.42,0.08,2,0
35020,5800,8.32,0.17,3,0
48000,4800,8.49,0.1,4,0
41300,5800,7.43,0.14,3,0
48000,5000,5.99,0.1,2,0
48000,3200,5.99,0.07,4,0
48000,1000,13.49,0.02,3,0
45000,5800,7.88,0.13,3,0
48000,8000,10.59,0.17,4,0
42000,1800,12.99,0.04,3,1
144000,5800,7.29,0.04,3,0
48000,3600,13.49,0.07,4,0
25000,5825,14.27,0.23,2,0
26000,5825,14.27,0.22,4,0
42000,10500,7.66,0.25,2,1
50000,5825,10.65,0.12,2,0
48000,4000,9.63,0.08,2,0
48000,7000,10.74,0.15,4,0
48000,4000,5.42,0.08,4,0
60000,5850,7.49,0.1,3,0
48000,4800,10.74,0.1,4,0
19200,5875,14.11,0.31,3,1
40000,5875,12.69,0.15,2,0
49680,5875,12.99,0.12,3,0
56000,5875,14.54,0.1,2,0
23000,5900,9.63,0.26,4,0
30000,5900,7.88,0.2,2,0
36800,5900,10.71,0.16,3,0
34000,5925,11.11,0.17,4,1
20124,5950,13.49,0.3,3,0
48000,15000,13.06,0.31,4,0
29376,5950,7.66,0.2,2,0
48000,12000,7.29,0.25,3,0
48000,4500,5.42,0.09,2,0
78000,5950,7.29,0.08,3,0
46000,5975,14.46,0.13,2,1
14880,6000,10.0,0.4,3,1
16000,6000,9.63,0.38,3,1
48000,4800,9.99,0.1,2,0
16800,6000,14.84,0.36,4,1
17376,6000,10.99,0.35,3,1
48000,10000,5.79,0.21,3,0
18000,6000,6.62,0.33,2,1
18000,6000,12.21,0.33,2,1
18200,6000,7.66,0.33,3,1
18996,6000,14.74,0.32,3,1
42000,2000,15.2,0.05,2,1
48000,3500,6.54,0.07,3,0
19000,6000,10.59,0.32,2,1
19200,6000,10.59,0.31,3,1
19200,6000,7.14,0.31,3,1
19200,6000,9.88,0.31,2,1
19200,6000,13.11,0.31,2,1
48000,6500,6.17,0.14,2,0
20000,6000,7.14,0.3,2,0
48000,17000,6.91,0.35,4,0
48000,3000,5.79,0.06,4,0
20400,6000,9.99,0.29,2,0
21300,6000,15.96,0.28,3,0
48000,2550,11.86,0.05,3,0
21600,6000,10.59,0.28,4,0
21600,6000,14.42,0.28,4,1
21640,6000,6.62,0.28,4,0
21812,6000,14.72,0.28,2,0
21996,6000,13.47,0.27,3,0
48000,9600,11.86,0.2,2,0
22600,6000,12.23,0.27,4,0
22800,6000,13.35,0.26,4,1
48000,9600,7.51,0.2,4,0
22880,6000,13.57,0.26,4,0
22884,6000,11.49,0.26,3,0
23000,6000,10.95,0.26,2,0
48000,4000,11.86,0.08,2,0
23040,6000,7.9,0.26,2,1
23198,6000,8.0,0.26,4,0
24000,6000,10.65,0.25,4,0
48000,4000,7.14,0.08,3,0
24000,6000,8.9,0.25,3,0
48000,7350,11.12,0.15,2,0
24000,6000,6.62,0.25,4,0
48000,1200,6.76,0.03,3,0
24000,6000,5.42,0.25,4,0
24000,6000,11.99,0.25,4,0
48000,3200,7.51,0.07,2,0
42000,18250,16.82,0.43,4,1
24000,6000,12.99,0.25,4,0
48000,15000,11.12,0.31,3,0
48000,7000,13.48,0.15,3,0
48000,5000,7.88,0.1,2,0
24000,6000,11.36,0.25,3,0
24000,6000,12.18,0.25,3,1
24996,6000,13.61,0.24,2,0
24996,6000,11.83,0.24,3,0
25000,6000,7.51,0.24,2,0
48000,6500,10.62,0.14,3,0
25000,6000,16.4,0.24,2,1
25000,6000,8.0,0.24,2,0
48000,15000,10.25,0.31,4,0
48000,15000,9.88,0.31,2,0
25200,6000,7.49,0.24,2,0
48000,4200,10.62,0.09,2,0
48000,5500,11.36,0.11,3,0
25200,6000,7.49,0.24,3,0
25200,6000,13.23,0.24,4,1
48000,12000,11.36,0.25,3,0
25200,6000,8.94,0.24,3,0
25200,6000,9.76,0.24,3,0
25800,6000,7.14,0.23,4,0
26000,6000,7.49,0.23,2,0
26400,6000,10.65,0.23,2,0
48000,7800,8.94,0.16,2,0
26400,6000,6.0,0.23,4,0
26400,6000,8.59,0.23,3,0
26500,6000,12.42,0.23,3,0
48000,7500,7.05,0.16,3,0
26500,6000,13.79,0.23,3,0
26780,6000,9.25,0.22,4,0
27000,6000,11.86,0.22,3,0
42000,3500,8.94,0.08,3,1
27000,6000,11.66,0.22,3,0
48000,2800,12.53,0.06,2,0
27031,6000,9.99,0.22,4,0
48000,3100,8.94,0.06,3,0
27040,6000,7.9,0.22,2,0
48000,15750,16.35,0.33,3,0
27600,6000,10.38,0.22,4,0
48000,4400,11.83,0.09,2,0
48000,16750,14.26,0.35,3,0
48000,6000,12.87,0.13,2,0
48000,8000,12.53,0.17,4,0
28000,6000,10.59,0.21,4,1
28000,6000,9.63,0.21,4,0
28000,6000,12.98,0.21,2,0
48000,10000,7.74,0.21,2,0
28000,6000,9.63,0.21,4,0
28284,6000,7.66,0.21,4,0
48000,10800,12.84,0.23,2,0
28675,6000,8.9,0.21,3,0
28800,6000,13.8,0.21,4,0
28800,6000,10.62,0.21,3,1
28800,6000,8.94,0.21,3,0
28800,6000,17.04,0.21,4,1
29000,6000,15.27,0.21,2,0
29000,6000,5.99,0.21,3,0
29000,6000,13.61,0.21,4,0
29000,6000,10.25,0.21,2,0
29000,6000,11.46,0.21,3,0
48000,2800,12.53,0.06,4,0
29820,6000,14.22,0.2,3,0
30000,6000,12.42,0.2,4,0
48000,10400,7.37,0.22,3,0
30000,6000,10.65,0.2,2,0
30000,6000,14.27,0.2,3,1
48000,9925,9.63,0.21,2,0
30000,6000,13.49,0.2,2,0
48000,7800,11.89,0.16,4,0
30000,6000,7.51,0.2,3,0
48000,10000,9.32,0.21,4,0
30000,6000,13.49,0.2,3,0
30000,6000,7.51,0.2,4,0
30000,6000,12.42,0.2,2,0
30000,6000,12.42,0.2,4,0
48000,1300,9.07,0.03,4,0
48000,4800,9.07,0.1,3,0
48000,2400,11.46,0.05,3,0
48000,7000,12.09,0.15,2,0
30000,6000,11.71,0.2,4,0
30000,6000,11.71,0.2,4,0
48000,5000,10.08,0.1,4,0
48000,5000,7.68,0.1,4,0
30000,6000,13.49,0.2,3,0
30000,6000,10.99,0.2,2,1
30000,6000,8.49,0.2,3,0
30000,6000,15.99,0.2,3,1
30000,6000,10.37,0.2,2,0
30000,6000,6.54,0.2,2,0
30000,6000,14.72,0.2,4,0
30000,6000,7.51,0.2,3,0
48000,3500,10.28,0.07,4,0
30000,6000,8.94,0.2,2,0
30000,6000,7.74,0.2,3,0
48152,9500,7.29,0.2,2,0
31000,6000,6.03,0.19,3,0
48235,20000,12.18,0.41,2,0
48360,6000,7.66,0.12,3,0
31200,6000,15.23,0.19,3,0
31200,6000,16.89,0.19,3,1
31200,6000,13.8,0.19,4,1
31200,6000,13.22,0.19,2,0
31680,6000,11.12,0.19,4,0
32000,6000,13.49,0.19,3,1
48500,13000,7.29,0.27,3,0
48500,6000,10.25,0.12,2,0
32000,6000,5.42,0.19,4,0
32000,6000,10.62,0.19,2,1
48500,19500,15.57,0.4,4,1
42500,7000,15.57,0.16,4,1
32000,6000,12.92,0.19,3,1
48526,13500,11.14,0.28,3,0
32004,6000,14.84,0.19,4,1
48600,5000,7.49,0.1,2,0
32124,6000,16.77,0.19,3,1
32496,6000,13.04,0.18,4,0
48600,6000,11.86,0.12,4,0
48600,19000,11.36,0.39,4,0
33000,6000,14.84,0.18,2,1
33000,6000,13.85,0.18,4,0
48661,8000,17.58,0.16,2,0
33276,6000,11.03,0.18,4,0
33280,6000,13.23,0.18,2,0
33600,6000,10.71,0.18,3,0
33650,6000,12.86,0.18,4,1
48732,3500,9.32,0.07,4,0
48800,9000,7.49,0.18,2,0
33996,6000,12.53,0.18,3,0
48852,10300,6.99,0.21,2,0
34000,6000,8.9,0.18,4,0
34000,6000,12.69,0.18,4,0
48960,10000,18.39,0.2,3,0
34000,6000,14.09,0.18,4,1
48996,5000,7.9,0.1,4,0
34039,6000,7.9,0.18,2,0
48996,10525,13.61,0.21,2,0
29000,6000,13.49,0.21,3,1
35000,6000,7.49,0.17,2,0
42996,12000,13.79,0.28,4,1
29000,6000,7.88,0.21,3,1
35000,6000,13.98,0.17,4,0
35004,6000,10.59,0.17,3,0
29004,6000,15.62,0.21,3,1
29004,6000,14.11,0.21,4,1
49000,9600,5.42,0.2,3,0
43000,4000,17.49,0.09,3,1
49000,3500,5.42,0.07,2,0
43000,10000,16.89,0.23,2,1
29364,6000,13.35,0.2,4,1
43000,3000,10.99,0.07,3,1
49000,4000,13.99,0.08,4,0
35392,6000,7.4,0.17,3,0
49000,7000,6.99,0.14,3,0
29916,6000,15.65,0.2,2,1
49000,2700,6.92,0.06,4,0
49000,2400,5.79,0.05,4,0
49000,2400,7.66,0.05,3,0
49000,18225,10.0,0.37,4,0
49000,20000,10.0,0.41,2,0
30000,6000,14.79,0.2,4,1
30000,6000,19.39,0.2,4,1
36000,6000,12.68,0.17,4,0
49000,16750,6.91,0.34,4,0
30000,6000,16.77,0.2,2,1
49000,6000,7.88,0.12,4,0
49000,14000,7.88,0.29,2,0
36000,6000,10.0,0.17,3,0
49000,3500,7.88,0.07,3,0
49000,2500,6.76,0.05,4,0
36000,6000,10.36,0.17,3,0
36000,6000,11.86,0.17,4,0
36000,6000,14.72,0.17,2,0
49000,4000,8.94,0.08,2,0
49000,8500,12.53,0.17,2,0
36000,6000,10.75,0.17,3,0
36000,6000,11.86,0.17,3,0
49000,7000,9.32,0.14,2,0
30000,6000,16.32,0.2,3,1
36000,6000,7.51,0.17,3,0
49000,20000,15.57,0.41,4,0
49000,7000,13.17,0.14,4,0
36000,6000,7.51,0.17,2,0
49032,2400,11.86,0.05,2,0
49140,3000,13.16,0.06,2,0
49152,3000,11.71,0.06,2,0
36000,6000,14.96,0.17,2,0
30000,6000,14.11,0.2,4,1
30000,6000,14.74,0.2,4,1
30000,6000,13.16,0.2,4,1
49200,21000,7.51,0.43,4,0
49200,4800,7.51,0.1,3,0
49200,5600,7.49,0.11,2,0
30000,6000,15.45,0.2,4,1
49200,6000,10.0,0.12,2,0
49200,4000,13.06,0.08,4,0
49200,10750,11.11,0.22,3,0
49200,4800,6.17,0.1,3,0
36100,6000,9.88,0.17,2,0
36250,6000,14.22,0.17,3,0
36450,6000,8.63,0.16,3,0
36628,6000,11.86,0.16,4,0
36852,6000,12.42,0.16,2,0
31000,6000,11.71,0.19,2,1
37000,6000,7.66,0.16,2,0
49344,8500,9.99,0.17,4,0
37000,6000,6.76,0.16,4,0
37000,6000,11.83,0.16,4,0
49441,12000,6.99,0.24,4,0
37200,6000,11.71,0.16,4,0
37200,6000,9.99,0.16,3,0
37500,6000,12.42,0.16,2,0
37920,6000,6.99,0.16,3,0
49500,10000,10.36,0.2,3,0
32000,6000,12.99,0.19,2,1
49500,2400,7.51,0.05,2,0
38000,6000,6.99,0.16,4,0
38000,6000,13.57,0.16,4,0
49500,9250,13.79,0.19,2,0
38000,6000,10.39,0.16,2,0
38000,6000,10.46,0.16,2,0
49536,5200,6.62,0.1,2,0
38004,6000,11.89,0.16,2,0
43590,8000,11.83,0.18,3,1
49600,10000,14.96,0.2,3,0
49600,2500,7.4,0.05,2,0
49600,10000,11.66,0.2,4,0
43633,9000,15.62,0.21,3,1
33000,6000,15.62,0.18,2,1
49713,12000,11.86,0.24,2,0
49716,8000,9.32,0.16,2,0
39000,6000,10.38,0.15,3,0
39000,6000,8.0,0.15,3,0
33600,6000,15.58,0.18,2,1
39900,6000,11.49,0.15,3,0
39996,6000,7.51,0.15,3,0
39996,6000,9.7,0.15,4,0
39996,6000,11.66,0.15,3,0
49920,3325,5.42,0.07,3,0
40000,6000,10.65,0.15,3,0
40000,6000,12.69,0.15,4,0
49920,10000,12.53,0.2,3,0
49992,6000,10.99,0.12,2,0
49995,10000,11.71,0.2,3,0
40000,6000,6.62,0.15,3,0
50000,10000,11.71,0.2,3,0
40000,6000,13.99,0.15,3,0
40000,6000,7.66,0.15,3,0
50000,22000,9.91,0.44,2,0
40000,6000,7.66,0.15,2,0
50000,10000,13.49,0.2,4,0
40000,6000,5.79,0.15,4,0
40000,6000,7.88,0.15,4,0
50000,20000,15.27,0.4,4,0
40000,6000,7.51,0.15,4,0
40000,6000,8.94,0.15,3,0
50000,6000,7.51,0.12,3,0
50000,13000,10.65,0.26,3,0
40000,6000,12.87,0.15,3,0
40000,6000,7.68,0.15,2,0
50000,9000,13.49,0.18,4,0
40000,6000,8.32,0.15,3,0
40000,6000,10.08,0.15,3,0
50000,7000,8.9,0.14,4,0
41000,6000,8.9,0.15,3,0
50000,18650,9.91,0.37,3,0
50000,4800,6.03,0.1,3,0
41000,6000,10.99,0.15,2,0
44000,20000,17.27,0.45,2,1
41004,6000,7.68,0.15,4,0
41124,6000,7.49,0.15,4,0
50000,6000,12.69,0.12,4,0
44000,2200,8.9,0.05,4,1
35196,6000,14.54,0.17,3,1
50000,18650,7.9,0.37,4,0
42000,6000,12.42,0.14,2,0
42000,6000,10.65,0.14,2,0
42000,6000,9.99,0.14,4,0
42000,6000,7.29,0.14,2,0
50000,17000,12.42,0.34,3,0
50000,3000,6.03,0.06,4,0
50000,11200,14.27,0.22,4,0
42000,6000,12.68,0.14,4,0
50000,12500,10.65,0.25,4,0
50000,15000,16.29,0.3,4,0
42000,6000,11.12,0.14,4,0
42000,6000,12.73,0.14,4,0
50000,20000,11.71,0.4,4,0
42996,6000,12.84,0.14,2,0
50000,17000,6.03,0.34,2,0
50000,10000,12.69,0.2,4,0
50000,8000,6.62,0.16,4,0
50000,8000,19.42,0.16,2,0
50000,2000,6.62,0.04,4,0
50000,3500,6.03,0.07,4,0
50000,2600,6.03,0.05,3,0
44000,3500,16.29,0.08,3,1
44000,6000,12.69,0.14,4,0
44000,6000,14.22,0.14,4,0
50000,8000,6.03,0.16,3,0
44000,6000,8.0,0.14,2,0
50000,12600,11.71,0.25,4,0
50000,5000,12.69,0.1,3,0
50000,10000,7.9,0.2,2,0
45000,6000,9.91,0.13,2,0
50000,7500,11.71,0.15,4,0
50000,20000,12.69,0.4,2,0
45000,6000,11.71,0.13,2,0
50000,13700,6.03,0.27,3,0
39000,6000,13.49,0.15,2,1
50000,15000,7.9,0.3,3,0
39000,6000,15.99,0.15,3,1
50000,10000,6.03,0.2,4,0
50000,12000,6.62,0.24,4,0
50000,9825,7.9,0.2,4,0
45000,6000,7.49,0.13,2,0
50000,17200,7.51,0.34,4,0
50000,9175,19.42,0.18,4,0
39000,6000,14.09,0.15,3,1
45000,6000,5.79,0.13,2,0
45000,6000,13.23,0.13,4,0
45000,6000,11.86,0.13,3,0
45000,6000,11.49,0.13,2,0
50000,12000,7.9,0.24,4,0
50000,7800,6.62,0.16,3,0
50000,5400,8.9,0.11,2,0
39000,6000,13.22,0.15,2,1
45000,6000,12.53,0.13,2,0
45000,6000,9.38,0.13,4,0
39396,6000,15.31,0.15,3,1
50000,3000,9.91,0.06,2,0
50000,7200,6.62,0.14,2,0
39600,6000,12.42,0.15,3,1
50000,15000,8.9,0.3,2,0
50000,1000,9.91,0.02,2,0
46000,6000,14.72,0.13,4,0
50000,9000,6.03,0.18,2,0
46151,6000,10.59,0.13,4,0
50000,8000,5.42,0.16,4,0
46443,6000,7.9,0.13,4,0
50000,4200,12.99,0.08,4,0
50000,8000,10.99,0.16,3,0
46500,6000,8.88,0.13,2,0
40680,6000,11.36,0.15,4,1
47000,6000,8.9,0.13,3,0
50000,6400,8.49,0.13,4,0
47000,6000,11.71,0.13,2,0
47000,6000,10.99,0.13,4,0
47000,6000,7.66,0.13,2,0
47000,6000,5.42,0.13,3,0
47000,6000,12.87,0.13,3,0
47000,6000,10.33,0.13,4,0
41500,6000,16.7,0.14,2,1
50000,14400,7.49,0.29,4,0
41628,6000,11.28,0.14,2,1
47928,6000,12.53,0.13,2,0
44000,5400,10.99,0.12,2,1
44000,10000,5.42,0.23,4,1
50000,2800,10.59,0.06,2,0
42000,6000,12.99,0.14,4,1
50000,8000,10.59,0.16,2,0
48000,6000,12.99,0.13,3,0
48000,6000,7.49,0.13,4,0
48000,6000,10.37,0.13,4,0
50000,11000,16.89,0.22,3,0
50000,12375,10.99,0.25,3,0
50000,3600,5.99,0.07,2,0
48000,6000,13.48,0.13,4,0
44000,6400,15.99,0.15,2,1
44000,9800,7.49,0.22,4,1
42000,6000,14.96,0.14,3,1
48000,6000,8.59,0.13,4,0
50000,7500,5.99,0.15,2,0
50000,10000,10.99,0.2,3,0
50000,9000,8.49,0.18,2,0
48000,6000,11.89,0.13,3,0
42000,6000,14.42,0.14,4,1
50000,2050,7.49,0.04,2,0
42000,6000,12.41,0.14,4,1
48000,6000,12.22,0.13,4,0
48500,6000,9.32,0.12,3,0
44000,10000,8.49,0.23,4,1
49000,6000,7.9,0.12,3,0
50000,6000,13.99,0.12,4,0
49152,6000,7.9,0.12,3,0
49200,6000,13.72,0.12,3,0
50000,8000,10.59,0.16,4,0
49500,6000,16.07,0.12,4,0
50000,5375,7.49,0.11,3,0
50000,6000,10.65,0.12,2,0
50000,6000,11.49,0.12,3,0
50000,15000,9.99,0.3,4,0
50000,6000,7.49,0.12,4,0
44000,5000,11.99,0.11,3,1
50000,6000,14.79,0.12,4,0
50000,6000,13.49,0.12,2,0
50000,6000,14.79,0.12,3,0
50000,9600,6.99,0.19,3,0
50000,6000,13.49,0.12,3,0
50000,6000,12.99,0.12,3,0
50000,5000,12.62,0.1,3,0
50000,3500,10.99,0.07,2,0
50000,6000,5.79,0.12,4,0
50000,12000,8.49,0.24,4,0
50000,6000,5.79,0.12,2,0
50000,7000,10.59,0.14,3,0
50000,6000,14.17,0.12,3,0
50000,6000,10.75,0.12,2,0
50000,6000,10.25,0.12,3,0
50000,15000,9.99,0.3,3,0
50000,6000,11.48,0.12,3,0
44000,5000,5.42,0.11,4,1
50000,10800,10.99,0.22,4,0
50000,4800,5.99,0.1,3,0
50000,6000,11.89,0.12,2,0
50000,7000,5.99,0.14,3,0
50000,6000,10.46,0.12,4,0
50000,6400,7.29,0.13,4,0
44000,11500,9.63,0.26,3,1
50508,6000,5.42,0.12,3,0
50000,5000,10.0,0.1,4,0
50000,6000,6.92,0.12,2,0
50650,6000,11.86,0.12,2,0
50000,3000,7.66,0.06,2,0
50740,6000,9.63,0.12,3,0
45000,6000,17.19,0.13,3,1
50000,10000,6.92,0.2,2,0
51356,6000,5.79,0.12,4,0
51500,6000,10.75,0.12,3,0
51541,6000,12.18,0.12,4,0
45928,6000,7.9,0.13,4,1
52000,6000,14.22,0.12,4,0
50000,8000,10.0,0.16,2,0
52000,6000,12.87,0.12,4,0
52000,6000,14.96,0.12,2,0
52000,6000,15.68,0.12,3,0
52800,6000,9.91,0.11,4,0
50000,6400,6.92,0.13,4,0
53000,6000,7.9,0.11,4,0
50000,5000,7.29,0.1,4,0
53000,6000,11.49,0.11,2,0
50000,6000,7.66,0.12,4,0
53819,6000,7.42,0.11,3,0
50000,6800,6.92,0.14,4,0
50000,6000,11.11,0.12,3,0
54000,6000,12.98,0.11,3,0
54000,6000,7.14,0.11,3,0
48000,6000,16.45,0.13,4,1
54000,6000,8.59,0.11,4,0
54000,6000,12.53,0.11,4,0
54516,6000,9.91,0.11,3,0
50000,8800,11.11,0.18,4,0
50000,12000,7.29,0.24,3,0
50000,4000,13.43,0.08,3,0
48700,6000,14.59,0.12,3,1
54996,6000,10.75,0.11,3,0
50000,15000,10.37,0.3,2,0
55000,6000,10.65,0.11,2,0
55000,6000,14.27,0.11,2,0
50000,14400,10.0,0.29,2,0
55000,6000,8.9,0.11,3,0
55000,6000,6.03,0.11,4,0
55000,6000,6.62,0.11,2,0
50000,7000,5.42,0.14,4,0
55000,6000,10.99,0.11,2,0
55000,6000,6.99,0.11,3,0
49000,6000,15.99,0.12,4,1
55000,6000,5.42,0.11,4,0
55000,6000,9.25,0.11,3,0
50000,5150,8.88,0.1,2,0
50000,12000,5.42,0.24,2,0
49000,6000,14.84,0.12,4,1
55000,6000,7.14,0.11,4,0
55000,6000,10.99,0.11,3,0
55000,6000,7.51,0.11,3,0
50000,7000,9.25,0.14,3,0
49200,6000,16.49,0.12,2,1
56000,6000,7.49,0.11,4,0
50000,6600,12.61,0.13,3,0
50000,6000,6.17,0.12,2,0
56000,6000,10.74,0.11,2,0
50000,5000,5.79,0.1,2,0
50000,12800,5.79,0.26,2,0
50000,6000,11.48,0.12,4,1
57000,6000,7.9,0.11,3,0
57000,6000,8.0,0.11,3,0
58000,6000,6.92,0.1,4,0
58000,6000,12.18,0.1,4,0
50000,15000,6.54,0.3,4,0
50000,15250,15.95,0.3,3,0
58000,6000,12.87,0.1,2,0
52800,6000,11.97,0.11,2,1
50000,10000,10.36,0.2,3,0
50000,8000,11.12,0.16,3,0
59366,6000,11.11,0.1,2,0
59400,6000,7.9,0.1,3,0
59785,6000,8.94,0.1,3,0
50000,12800,7.88,0.26,3,0
50000,2500,13.61,0.05,3,0
60000,6000,11.49,0.1,4,0
50000,5600,11.86,0.11,2,0
60000,6000,11.99,0.1,3,0
54000,6000,15.62,0.11,4,1
54000,6000,10.99,0.11,2,1
60000,6000,14.54,0.1,3,0
54000,6000,14.09,0.11,3,1
50000,1800,11.49,0.04,4,0
50000,10000,7.51,0.2,3,0
50000,9000,7.14,0.18,2,0
50000,4800,13.61,0.1,2,0
60000,6000,7.51,0.1,3,0
50000,1500,11.49,0.03,2,0
50000,8000,13.61,0.16,2,0
54000,6000,16.45,0.11,2,1
60000,6000,11.48,0.1,2,0
50000,5000,7.51,0.1,2,0
50000,3250,7.51,0.07,2,0
44000,8500,7.14,0.19,3,1
50000,4000,11.86,0.08,3,0
50000,12000,13.98,0.24,2,0
62000,6000,10.25,0.1,4,0
24000,7125,9.67,0.3,3,0
50000,15000,10.25,0.3,3,0
25279,7125,17.58,0.28,4,0
26124,7125,5.79,0.27,2,0
70000,7125,6.92,0.1,2,0
50000,10000,9.88,0.2,4,0
25000,7100,7.9,0.28,2,0
50000,5000,11.36,0.1,2,0
33000,7100,14.65,0.22,4,1
50000,20000,10.62,0.4,4,0
44400,7100,6.99,0.16,3,1
95000,7100,6.99,0.07,2,0
96000,7075,5.99,0.07,4,0
50000,2500,7.51,0.05,4,0
30500,7025,6.54,0.23,4,1
50000,18000,7.88,0.36,2,0
50000,6000,14.22,0.12,2,0
17000,7000,10.62,0.41,2,1
18000,7000,10.65,0.39,2,1
50000,6000,6.76,0.12,3,0
18000,7000,7.88,0.39,4,1
18000,7000,11.14,0.39,4,1
50000,6250,7.88,0.13,2,0
18500,7000,7.66,0.38,4,1
19200,7000,14.35,0.36,2,1
19200,7000,16.82,0.36,3,1
50000,21000,10.62,0.42,4,0
21600,7000,6.62,0.32,2,1
21600,7000,13.98,0.32,3,1
22480,7000,8.0,0.31,4,1
22500,7000,10.38,0.31,3,1
22680,7000,10.62,0.31,3,1
22776,7000,9.91,0.31,4,1
50000,7000,13.48,0.14,2,0
22884,7000,7.51,0.31,4,1
44000,2000,19.13,0.05,3,1
50000,9000,11.14,0.18,2,0
50000,10000,7.74,0.2,2,0
23000,7000,12.49,0.3,4,1
50000,2500,12.18,0.05,4,0
24000,7000,12.42,0.29,2,0
24000,7000,12.99,0.29,3,0
24000,7000,15.62,0.29,2,1
50000,2000,12.18,0.04,3,0
50000,5000,8.94,0.1,3,0
50000,6000,8.94,0.12,2,0
50000,5000,7.4,0.1,2,0
44000,15000,15.31,0.34,2,1
24000,7000,16.45,0.29,2,1
24996,7000,11.86,0.28,2,0
25000,7000,12.69,0.28,2,0
50000,10500,14.26,0.21,2,0
63000,6000,11.49,0.1,2,0
63000,6000,13.23,0.1,2,0
63402,6000,13.22,0.09,4,0
57500,6000,11.28,0.1,2,1
58668,6000,15.05,0.1,4,1
65000,6000,15.23,0.09,3,0
65000,6000,11.99,0.09,2,0
65000,6000,16.49,0.09,2,0
59000,6000,15.23,0.1,3,1
44000,15000,12.18,0.34,3,1
50000,11000,8.94,0.22,4,0
65000,6000,13.06,0.09,3,0
59000,6000,16.0,0.1,4,1
65000,6000,9.63,0.09,3,0
65004,6000,12.87,0.09,4,0
65004,6000,7.68,0.09,3,0
50000,20000,11.48,0.4,2,0
65100,6000,16.2,0.09,4,0
66000,6000,9.99,0.09,4,0
44000,5550,14.11,0.13,4,1
66400,6000,7.29,0.09,4,0
67644,6000,6.99,0.09,3,0
50000,3000,13.47,0.06,2,0
62065,6000,11.12,0.1,3,1
44000,12000,18.84,0.27,3,1
68250,6000,19.13,0.09,3,0
50000,12500,9.32,0.25,2,0
68496,6000,8.0,0.09,3,0
69000,6000,7.49,0.09,4,0
44000,16000,14.74,0.36,3,1
69000,6000,7.88,0.09,2,0
63400,6000,15.21,0.09,2,1
69500,6000,10.65,0.09,4,0
50000,9800,16.32,0.2,3,0
69528,6000,12.99,0.09,3,0
69780,6000,9.32,0.09,3,0
69996,6000,13.06,0.09,2,0
70000,6000,8.49,0.09,4,0
44000,15000,16.0,0.34,2,1
70000,6000,7.49,0.09,2,0
50000,6400,8.0,0.13,2,0
50000,15000,16.0,0.3,3,0
70000,6000,9.25,0.09,4,0
70000,6000,6.17,0.09,4,0
50000,6000,9.63,0.12,3,0
50000,11400,12.53,0.23,2,0
70000,6000,11.49,0.09,4,0
70000,6000,11.89,0.09,2,0
50000,4000,10.95,0.08,4,0
50000,8600,11.26,0.17,3,0
50000,10000,13.47,0.2,2,0
50000,10200,9.63,0.2,4,0
50000,1000,14.42,0.02,3,0
65074,6000,14.42,0.09,3,1
50000,5000,7.68,0.1,3,0
50000,7500,13.8,0.15,4,0
44000,7500,16.33,0.17,2,1
66000,6000,13.49,0.09,2,1
50000,14000,10.33,0.28,2,0
72000,6000,5.42,0.08,4,0
72000,6000,7.66,0.08,3,0
44000,7500,10.08,0.17,2,1
44000,7500,12.92,0.17,4,1
72000,6000,11.86,0.08,3,0
50000,16000,9.45,0.32,4,0
73000,6000,12.53,0.08,4,0
50000,13000,11.97,0.26,3,0
73500,6000,14.96,0.08,4,0
50000,15000,8.63,0.3,2,0
57800,6000,10.99,0.09,4,1
44000,6000,12.61,0.14,3,1
50000,6400,8.32,0.13,3,0
50000,20000,13.3,0.4,3,0
74000,6000,5.79,0.08,3,0
74500,6000,9.99,0.08,4,0
74970,6000,7.88,0.08,2,0
75000,6000,12.42,0.08,3,0
75000,6000,6.03,0.08,4,0
75000,6000,6.99,0.08,4,0
50004,2700,5.99,0.05,2,0
69000,6000,16.02,0.09,2,1
50004,10000,7.29,0.2,3,0
75000,6000,13.98,0.08,2,0
75000,6000,11.48,0.08,2,0
50004,10000,11.12,0.2,2,0
50004,14000,15.58,0.28,4,0
78000,6000,9.99,0.08,2,0
78000,6000,9.63,0.08,4,0
50004,16000,11.83,0.32,2,0
50004,5000,14.26,0.1,4,0
50004,5000,9.32,0.1,2,0
44004,9000,14.11,0.2,3,1
80000,6000,8.0,0.07,4,0
80490,6000,10.59,0.07,3,0
50004,12000,7.37,0.24,2,0
44004,11000,15.68,0.25,4,1
80607,6000,12.21,0.07,2,0
50004,2500,12.53,0.05,2,0
50004,5000,9.32,0.1,2,0
82000,6000,9.91,0.07,2,0
82000,6000,7.88,0.07,3,0
50004,2000,11.91,0.04,2,0
50004,11000,13.87,0.22,4,0
84000,6000,6.99,0.07,3,0
50031,2000,5.99,0.04,2,0
84000,6000,8.94,0.07,2,0
50052,15000,9.63,0.3,4,0
84996,6000,6.03,0.07,3,0
50112,1000,5.42,0.02,2,0
50129,11400,7.29,0.23,2,0
85000,6000,10.0,0.07,3,0
50205,5300,5.42,0.11,4,0
73000,6000,14.96,0.08,4,1
86000,6000,10.0,0.07,4,0
50280,10000,9.63,0.2,2,0
50285,7000,13.11,0.14,4,0
50300,1000,18.39,0.02,3,0
86000,6000,5.42,0.07,3,0
50364,6000,6.03,0.12,3,0
50400,8375,7.51,0.17,2,0
50400,24000,9.91,0.48,3,0
50400,12000,7.9,0.24,3,0
50400,3000,14.65,0.06,3,0
89772,6000,13.92,0.07,3,0
90000,6000,13.49,0.07,4,0
78000,6000,12.68,0.08,2,1
44400,6000,12.99,0.14,4,1
50400,7000,15.99,0.14,2,0
50400,2500,10.99,0.05,4,0
50400,11200,7.42,0.22,3,0
90000,6000,7.88,0.07,3,0
90000,6000,10.25,0.07,3,0
79650,6000,16.35,0.08,3,1
92000,6000,12.42,0.07,3,0
81000,6000,7.51,0.07,2,1
50400,12000,9.62,0.24,4,0
50400,12000,14.09,0.24,2,0
50400,6000,7.14,0.12,4,0
95000,6000,10.99,0.06,2,0
95000,6000,10.99,0.06,4,0
50400,6000,14.59,0.12,2,0
50400,6725,10.62,0.13,4,0
96000,6000,6.99,0.06,4,0
96500,6000,7.66,0.06,2,0
98000,6000,10.99,0.06,3,0
100000,6000,5.42,0.06,4,0
50460,6000,13.49,0.12,3,0
50496,3000,11.99,0.06,3,0
100000,6000,11.99,0.06,4,0
100000,6000,12.98,0.06,2,0
100000,6000,14.42,0.06,3,0
92000,6000,15.58,0.07,3,1
105000,6000,9.99,0.06,2,0
50500,6000,11.83,0.12,2,0
93000,6000,8.94,0.06,4,1
105500,6000,11.99,0.06,4,0
95000,6000,16.49,0.06,4,1
50508,7500,10.83,0.15,4,0
50600,3000,7.51,0.06,2,0
50648,8000,6.76,0.16,4,0
50700,4500,8.9,0.09,4,0
120000,6000,10.99,0.05,3,0
120000,6000,9.88,0.05,2,0
125000,6000,12.53,0.05,2,0
140000,6000,11.36,0.04,4,0
150000,6000,13.48,0.04,2,0
50750,10000,9.63,0.2,4,0
38000,6025,10.99,0.16,3,0
42000,6025,9.63,0.14,4,0
50000,6075,10.0,0.12,2,0
50988,4200,9.99,0.08,3,0
51000,16000,7.9,0.31,3,0
19200,6150,11.46,0.32,3,1
35713,6150,11.03,0.17,3,0
45000,10625,14.27,0.24,2,1
77385,6150,5.99,0.08,4,0
51000,4000,6.03,0.08,2,0
51000,10000,6.03,0.2,3,0
51000,9000,9.99,0.18,3,0
20000,6200,5.99,0.31,4,1
51000,6000,5.42,0.12,4,0
26000,6200,14.11,0.24,4,1
51000,10000,8.49,0.2,3,0
29004,6200,15.23,0.21,4,0
39996,6200,13.79,0.16,2,0
40000,6200,12.69,0.15,3,0
42500,6200,13.92,0.15,2,0
45000,6200,13.79,0.14,3,0
51000,8000,7.49,0.16,3,0
51000,4000,5.99,0.08,4,0
46200,6200,12.42,0.13,3,0
51000,15825,6.99,0.31,3,0
51000,3000,13.99,0.06,2,0
51000,2400,7.49,0.05,3,0
56000,6200,8.49,0.11,2,0
60000,6200,10.65,0.1,3,0
51000,4200,7.29,0.08,2,0
51000,12000,7.29,0.24,4,0
45000,5000,10.74,0.11,2,1
51000,16750,16.4,0.33,4,0
65000,6200,8.9,0.1,2,0
69000,6200,7.88,0.09,3,0
51000,6000,5.79,0.12,2,0
51000,12000,6.17,0.24,4,0
72000,6200,5.99,0.09,2,0
51000,7600,12.23,0.15,3,0
45000,6225,11.54,0.14,4,0
63250,6225,10.99,0.1,4,0
51000,7000,11.12,0.14,3,0
51000,10000,7.14,0.2,2,0
16000,6250,9.91,0.39,2,1
51000,9000,7.14,0.18,3,0
19200,6250,7.51,0.33,3,1
19200,6250,15.31,0.33,2,1
51000,6000,10.75,0.12,2,0
19250,6250,16.82,0.32,4,1
51000,13000,13.48,0.25,3,0
21000,6250,13.85,0.3,3,0
23000,6250,13.48,0.27,3,0
23000,6250,12.73,0.27,2,0
51000,7000,7.88,0.14,4,0
51000,16000,13.11,0.31,3,0
24000,6250,13.72,0.26,3,0
24000,6250,12.53,0.26,3,0
26000,6250,6.91,0.24,4,0
51000,6000,7.88,0.12,2,0
27000,6250,15.99,0.23,4,1
55000,7000,6.91,0.13,4,0
51000,3600,7.14,0.07,2,0
55000,7000,7.88,0.13,4,0
51000,15200,10.99,0.3,4,0
51000,10000,15.31,0.2,2,0
51000,10000,7.74,0.2,3,0
56000,7000,11.36,0.13,2,0
45000,8000,15.31,0.18,3,1
56000,7000,8.59,0.13,3,0
51000,8500,8.94,0.17,3,0
56000,7000,9.07,0.13,3,0
50000,7000,15.57,0.14,3,1
56004,7000,14.22,0.12,4,0
57960,7000,13.04,0.12,4,0
52000,7000,13.85,0.13,4,1
51000,8000,10.96,0.16,3,0
60000,7000,13.49,0.12,2,0
51024,2000,12.99,0.04,4,0
51036,15000,13.16,0.29,4,0
60000,7000,14.65,0.12,2,0
60000,7000,6.03,0.12,3,0
51072,13000,10.95,0.25,2,0
54000,7000,20.89,0.13,3,1
51168,15500,10.99,0.3,3,0
54000,7000,15.99,0.13,3,1
60000,7000,15.62,0.12,4,0
60000,7000,6.92,0.12,2,0
60000,7000,5.79,0.12,3,0
60000,7000,6.91,0.12,2,0
51300,11000,5.99,0.21,3,0
60000,7000,9.25,0.12,2,0
60000,7000,6.54,0.12,4,0
51300,11200,15.31,0.22,3,0
60000,7000,10.36,0.12,4,0
51319,20000,10.37,0.39,3,0
60000,7000,6.91,0.12,2,0
60000,7000,9.99,0.12,4,0
54000,7000,14.96,0.13,4,1
60000,7000,7.88,0.12,3,0
54000,7000,14.96,0.13,3,1
60000,7000,9.32,0.12,3,0
60140,7000,8.59,0.12,3,0
51480,12000,7.88,0.23,2,0
51480,3000,11.83,0.06,2,0
45480,4400,13.16,0.1,3,1
51492,13800,10.38,0.27,4,0
60500,7000,12.84,0.12,2,0
51500,15000,6.92,0.29,2,0
51500,6300,5.79,0.12,3,0
62000,7000,9.91,0.11,4,0
51500,9600,15.21,0.19,4,0
51500,4000,7.51,0.08,2,0
51500,7500,9.88,0.15,3,0
62000,7000,7.49,0.11,4,0
51600,7200,10.65,0.14,3,0
63000,7000,14.84,0.11,2,0
64000,7000,5.79,0.11,3,0
51600,4200,10.59,0.08,3,0
51600,5000,10.59,0.1,3,0
64600,7000,11.86,0.11,3,0
64800,7000,12.73,0.11,2,0
65000,7000,14.27,0.11,4,0
51600,7000,12.98,0.14,2,0
65000,7000,15.99,0.11,3,0
65000,7000,12.99,0.11,2,0
51600,15000,9.88,0.29,3,0
51600,20000,12.87,0.39,4,0
65000,7000,10.75,0.11,4,0
51669,12000,10.37,0.23,4,0
51684,4000,15.99,0.08,4,0
51700,13200,7.51,0.26,4,0
51800,7200,11.71,0.14,3,0
51800,5000,9.99,0.1,3,0
65000,7000,11.83,0.11,2,0
51852,10000,8.59,0.19,2,0
65000,7000,10.71,0.11,2,0
51900,14100,11.49,0.27,2,0
66000,7000,7.66,0.11,3,0
51992,15000,13.98,0.29,3,0
66000,7000,9.99,0.11,4,0
51996,7000,7.49,0.13,3,0
66000,7000,11.49,0.11,3,0
60000,7000,7.51,0.12,4,1
51996,18000,8.49,0.35,2,0
51996,18000,8.49,0.35,3,0
51996,5000,6.92,0.1,3,0
51996,12000,10.74,0.23,3,0
67000,7000,8.94,0.1,4,0
45996,11000,12.68,0.24,2,1
67550,7000,8.9,0.1,2,0
67752,7000,6.62,0.1,4,0
51996,8400,12.98,0.16,4,0
68700,7000,12.53,0.1,4,0
69500,7000,10.78,0.1,3,0
70000,7000,13.79,0.1,3,0
51996,6000,7.88,0.12,4,0
70356,7000,7.29,0.1,4,0
51996,6000,10.75,0.12,2,0
51996,9600,7.14,0.18,4,0
72000,7000,7.9,0.1,2,0
72000,7000,13.11,0.1,4,0
72000,7000,9.32,0.1,2,0
66348,7000,17.04,0.11,4,1
45996,17000,13.16,0.37,4,1
72700,7000,14.84,0.1,2,0
51996,1500,9.7,0.03,3,0
75000,7000,6.0,0.09,3,0
75000,7000,8.9,0.09,4,0
75000,7000,7.49,0.09,2,0
75000,7000,10.74,0.09,3,0
46000,9500,12.69,0.21,4,1
75000,7000,10.99,0.09,2,0
52000,12000,6.62,0.23,3,0
75800,7000,6.54,0.09,2,0
76000,7000,11.12,0.09,2,0
52000,6000,7.9,0.12,4,0
78300,7000,6.03,0.09,3,0
52000,18000,11.71,0.35,3,0
79000,7000,12.54,0.09,3,0
80000,7000,6.62,0.09,3,0
74000,7000,6.03,0.09,3,1
80000,7000,7.51,0.09,2,0
80000,7000,7.14,0.09,2,0
80400,7000,10.65,0.09,2,0
52000,12800,10.65,0.25,2,0
82000,7000,10.0,0.09,4,0
52000,14500,10.65,0.28,4,0
76000,7000,14.96,0.09,4,1
52000,22000,7.51,0.42,2,0
83000,7000,13.49,0.08,3,0
52000,8400,8.9,0.16,2,0
52000,13200,12.42,0.25,2,0
52000,6000,8.9,0.12,4,0
52000,10000,8.9,0.19,3,0
83236,7000,6.92,0.08,2,0
52000,5000,7.9,0.1,3,0
66300,7000,9.25,0.09,3,1
52000,2000,15.62,0.04,4,0
52000,13250,5.99,0.25,2,0
52000,3300,10.99,0.06,2,0
85000,7000,12.42,0.08,4,0
27311,6250,12.87,0.23,4,0
52000,6000,8.49,0.12,3,0
28500,6250,14.84,0.22,4,1
29000,6250,10.99,0.22,2,0
29100,6250,16.07,0.21,3,1
29120,6250,15.96,0.21,3,0
46000,7000,9.99,0.15,3,1
46000,10000,15.99,0.22,3,1
46000,6000,10.99,0.13,3,1
38400,6250,8.9,0.16,4,0
52000,8000,8.49,0.15,3,0
54000,6250,6.99,0.12,3,0
30000,6300,11.71,0.21,3,0
90000,7000,13.99,0.08,4,0
90000,7000,8.88,0.08,3,0
52000,20000,13.99,0.38,3,0
52000,2650,12.99,0.05,3,0
90000,7000,13.16,0.08,2,0
95000,7000,6.99,0.07,2,0
70550,7000,15.88,0.08,3,1
96000,7000,9.91,0.07,2,0
97000,7000,7.91,0.07,4,0
99100,7000,7.49,0.07,3,0
100840,7000,9.99,0.07,3,0
52000,9000,5.79,0.17,2,0
105000,7000,7.74,0.07,3,0
110000,7000,7.51,0.06,2,0
52000,3000,7.66,0.06,4,0
52000,15000,10.0,0.29,2,0
111000,7000,8.0,0.06,3,0
52000,14500,7.29,0.28,4,0
115200,7000,7.66,0.06,2,0
52000,8500,10.74,0.16,3,0
52000,9750,13.06,0.19,3,0
52000,5000,15.65,0.1,4,0
118000,7000,8.49,0.06,2,0
52000,6500,10.74,0.13,2,0
120000,7000,10.75,0.06,2,0
52000,6000,7.66,0.12,2,0
150000,7000,9.63,0.05,4,0
28000,6975,12.29,0.25,4,0
52000,10750,9.62,0.21,2,0
25000,6950,14.42,0.28,3,1
30000,6300,14.35,0.21,4,0
52000,7000,14.09,0.13,4,0
30000,6300,13.22,0.21,3,0
37000,6300,10.99,0.17,3,0
42504,6300,6.99,0.15,3,0
46000,12000,14.83,0.26,3,1
50724,6300,15.96,0.12,4,0
52000,1200,13.98,0.02,2,0
46000,12000,7.88,0.26,4,1
52000,12000,7.88,0.23,3,0
52000,3000,14.35,0.06,2,0
54503,6300,7.51,0.12,2,0
58650,6300,14.91,0.09,2,1
84000,6300,7.88,0.07,3,0
25000,6325,8.9,0.25,4,0
55000,6325,10.65,0.12,4,0
60200,6325,7.51,0.11,3,0
74415,6350,12.92,0.09,3,1
32000,6375,10.74,0.2,2,0
52000,6000,10.75,0.12,4,0
20000,6500,10.99,0.33,2,1
52000,12000,13.85,0.23,4,0
21000,6500,11.89,0.31,4,1
52000,18000,9.88,0.35,4,0
21600,6500,14.79,0.3,4,1
52000,5000,14.22,0.1,2,0
52000,10000,9.88,0.19,4,0
52000,6500,6.76,0.13,4,0
52000,4000,10.62,0.08,4,0
52000,2500,14.59,0.05,4,0
24000,6500,11.36,0.27,2,0
52000,3900,7.51,0.07,3,0
52000,7800,11.36,0.15,3,0
52000,5000,10.99,0.1,3,0
24000,6500,12.53,0.27,2,0
25000,6500,14.09,0.26,2,1
52000,3500,6.76,0.07,3,0
52000,10000,7.88,0.19,3,0
25596,6500,9.99,0.25,4,0
52000,8400,10.99,0.16,4,0
46000,19750,16.7,0.43,4,1
46000,8000,12.53,0.17,3,1
52000,10000,11.14,0.19,2,0
52000,5000,7.4,0.1,2,0
28000,6500,7.51,0.23,3,0
30000,6500,10.99,0.22,3,0
30000,6500,13.85,0.22,3,0
52000,3000,7.05,0.06,2,0
31000,6500,8.32,0.21,3,0
32000,6500,14.22,0.2,2,0
32000,6500,7.88,0.2,4,0
32200,6500,11.83,0.2,2,0
33000,6500,6.17,0.2,4,0
33000,6500,7.51,0.2,2,0
46000,15250,12.53,0.33,2,1
35000,6500,12.68,0.19,2,0
52000,4800,8.59,0.09,2,0
52000,16000,12.87,0.31,4,0
46000,5000,19.16,0.11,3,1
38000,6500,11.34,0.17,3,0
52000,3600,11.89,0.07,2,0
52000,6000,9.32,0.12,2,0
52000,3000,9.63,0.06,3,0
52000,7000,13.47,0.13,3,0
52000,9250,13.16,0.18,3,0
34000,6500,13.22,0.19,3,1
52000,3600,10.51,0.07,3,0
40000,6500,11.89,0.16,4,0
40116,6500,5.79,0.16,3,0
52000,5000,8.32,0.1,2,0
52000,6400,11.34,0.12,4,0
35325,6500,15.95,0.18,2,1
42000,6500,11.71,0.15,2,0
42000,6500,13.49,0.15,3,0
36000,6500,17.49,0.18,2,1
42000,6500,5.99,0.15,2,0
42000,6500,10.37,0.15,3,0
52160,1750,11.89,0.03,2,0
52176,7500,10.59,0.14,3,0
43000,6500,12.73,0.15,3,0
52250,4750,13.35,0.09,4,0
44724,6500,10.96,0.15,3,0
45000,6500,10.74,0.14,2,0
45600,6500,10.99,0.14,4,0
46320,15000,12.86,0.32,4,1
52360,15000,16.49,0.29,2,0
46500,9500,12.69,0.2,4,1
52500,4000,10.65,0.08,4,0
45012,6500,13.99,0.14,2,1
52500,8000,15.23,0.15,3,0
46500,5000,7.49,0.11,3,1
53000,6500,10.65,0.12,4,0
55404,6500,13.98,0.12,4,0
59000,6500,10.95,0.11,3,0
52500,15250,9.63,0.29,2,0
52500,7000,5.79,0.13,4,0
60000,6500,9.25,0.11,2,0
52500,9000,7.88,0.17,4,0
63211,6500,11.86,0.1,2,0
66000,6500,10.25,0.1,3,0
52584,6400,14.54,0.12,4,0
46645,2000,12.69,0.04,3,1
70000,6500,13.23,0.09,3,0
72600,6500,7.74,0.09,2,0
52700,4000,7.4,0.08,3,0
52700,5000,9.63,0.09,4,0
52704,11000,8.94,0.21,3,0
52739,8000,9.38,0.15,2,0
52780,8000,7.51,0.15,2,0
75000,6500,13.57,0.09,2,0
52800,2625,11.71,0.05,3,0
80000,6500,7.51,0.08,3,0
84000,6500,11.89,0.08,4,0
52800,3600,7.9,0.07,3,0
85296,6500,12.98,0.08,4,0
46800,6000,5.42,0.13,4,1
52800,4000,10.99,0.08,2,0
52800,4800,17.49,0.09,3,0
91700,6500,9.88,0.07,3,0
92000,6500,8.0,0.07,2,0
52800,7000,6.99,0.13,4,0
95000,6500,8.49,0.07,2,0
52800,1925,6.76,0.04,4,0
52800,7000,6.76,0.13,2,0
52800,4000,7.88,0.08,4,0
52800,6000,13.98,0.11,3,0
47000,6550,10.65,0.14,2,0
45000,6575,8.0,0.15,4,0
86000,6575,6.99,0.08,3,0
21600,6600,12.68,0.31,4,1
46800,5000,12.87,0.11,4,1
21888,6600,11.11,0.3,2,0
30000,6600,13.06,0.22,2,1
30004,6600,10.33,0.22,2,0
34800,6600,7.49,0.19,3,0
35000,6600,8.59,0.19,4,0
36000,6600,11.49,0.18,4,0
53000,7200,9.91,0.14,3,0
53000,6000,6.62,0.11,3,0
41000,6600,13.85,0.16,4,0
41000,6600,8.0,0.16,2,0
42000,6600,10.65,0.16,4,0
41838,6600,16.89,0.16,3,1
48000,6600,11.11,0.14,2,0
53000,2500,9.91,0.05,2,0
52000,6600,7.49,0.13,3,0
53000,8000,6.03,0.15,2,0
47000,12000,6.62,0.26,2,1
53000,1000,15.27,0.02,4,0
53000,3000,7.51,0.06,4,0
53000,11500,14.65,0.22,4,0
54000,6600,11.97,0.12,4,0
60000,6600,10.59,0.11,2,0
53000,10800,7.51,0.2,2,0
60000,6600,10.99,0.11,2,0
53000,2800,6.03,0.05,4,0
64000,6600,8.9,0.1,3,0
53000,12000,5.99,0.23,4,0
53000,5025,7.49,0.09,3,0
70000,6600,12.84,0.09,3,0
53000,6000,9.99,0.11,2,0
101877,6600,10.99,0.06,2,0
53000,12375,13.49,0.23,3,0
53000,7350,14.79,0.14,4,0
28000,6625,13.06,0.24,2,1
47000,24000,10.37,0.51,4,1
28000,6625,12.92,0.24,2,0
53000,6850,6.92,0.13,2,0
53000,5000,5.42,0.09,3,0
50000,6625,11.22,0.13,2,0
53000,10000,14.91,0.19,4,0
57100,6625,11.22,0.12,4,0
34000,6650,8.9,0.2,3,0
56000,6650,12.69,0.12,2,0
53000,18000,13.8,0.34,3,0
21600,6700,6.92,0.31,4,1
24996,6700,13.8,0.27,3,0
53000,6600,14.46,0.12,4,0
27600,6700,15.31,0.24,3,1
36050,6700,14.11,0.19,4,1
53000,8000,16.82,0.15,4,0
48000,6700,11.99,0.14,3,0
72204,6700,13.47,0.09,3,0
53000,8000,7.88,0.15,2,0
85000,6700,15.23,0.08,2,0
47000,16000,14.35,0.34,3,1
53000,7750,7.14,0.15,4,0
53000,14400,11.36,0.27,3,0
53000,8000,16.07,0.15,4,0
70000,6725,6.62,0.1,2,0
41000,6750,5.99,0.16,3,0
42000,6750,17.27,0.16,2,1
75000,6775,7.9,0.09,4,0
53000,16000,10.25,0.3,2,0
53000,9800,7.51,0.18,4,0
27600,6800,8.9,0.25,3,0
53000,2250,10.62,0.04,3,0
27800,6800,8.49,0.24,3,0
53000,3350,6.76,0.06,2,0
28800,6800,9.63,0.24,3,0
29120,6800,10.59,0.23,2,0
53000,10000,17.39,0.19,3,0
37000,6800,7.14,0.18,2,0
53000,2500,7.4,0.05,3,0
53000,10750,11.14,0.2,2,0
53000,16000,12.53,0.3,2,0
31500,6800,14.11,0.22,2,1
38112,6800,7.68,0.18,3,0
53000,7200,14.42,0.14,3,0
41196,6800,11.59,0.17,2,0
45000,6800,5.79,0.15,3,0
53000,6400,13.67,0.12,2,0
46000,6800,15.65,0.15,4,1
46852,6800,10.65,0.15,2,1
53000,4000,10.39,0.08,2,0
53000,6800,9.91,0.13,4,0
53000,12000,13.24,0.23,2,0
53004,21000,10.65,0.4,4,0
53004,4800,5.42,0.09,2,0
53004,5000,10.0,0.09,4,0
54000,6800,10.59,0.13,3,0
53004,10000,5.79,0.19,3,0
53004,2400,10.36,0.05,2,0
53004,2000,10.75,0.04,4,0
48000,6800,6.54,0.14,4,1
53004,1500,13.79,0.03,2,0
55000,6800,11.49,0.12,2,0
55000,6800,11.99,0.12,2,0
60000,6800,7.51,0.11,2,0
65700,6800,10.37,0.1,3,0
53100,13000,7.9,0.24,3,0
68004,6800,8.49,0.1,4,0
53124,6500,13.61,0.12,3,0
53155,4000,6.76,0.08,3,0
53160,7000,7.49,0.13,3,0
53184,13500,10.99,0.25,4,0
70000,6800,5.42,0.1,2,0
77182,6800,13.22,0.09,3,0
96050,6500,14.61,0.06,2,1
25000,6475,9.91,0.26,3,0
53000,6475,10.59,0.12,4,0
80000,6475,6.99,0.08,3,1
47360,6000,14.61,0.13,3,1
53400,13600,10.99,0.25,4,0
31000,6450,14.42,0.21,3,1
53481,15000,6.03,0.28,3,0
70000,6425,13.72,0.09,2,0
53500,2000,9.62,0.04,4,0
20000,6400,10.99,0.32,3,1
24000,6400,10.95,0.27,3,0
25000,6400,12.84,0.26,3,0
26400,6400,10.37,0.24,3,0
28000,6400,14.75,0.23,2,0
29120,6400,16.29,0.22,2,1
30000,6400,6.99,0.21,4,0
53595,6000,7.88,0.11,2,0
30000,6400,15.99,0.21,2,1
53664,15000,10.75,0.28,4,0
53684,16000,15.65,0.3,4,0
30000,6400,16.0,0.21,3,1
53724,8600,6.03,0.16,3,0
53742,10750,5.79,0.2,2,0
30500,6400,11.49,0.21,4,0
31200,6400,7.51,0.21,3,0
53800,6000,10.99,0.11,2,0
47800,18000,10.95,0.38,3,1
53808,6000,8.9,0.11,2,0
31224,6400,9.32,0.2,4,0
53832,11700,12.87,0.22,2,0
53851,12000,10.0,0.22,2,0
53876,2700,14.72,0.05,4,0
53913,11500,5.99,0.21,4,0
53947,6400,9.62,0.12,4,0
53976,2000,10.74,0.04,3,0
31836,6400,14.35,0.2,4,0
54000,5000,6.03,0.09,2,0
32000,6400,8.9,0.2,4,0
33000,6400,9.99,0.19,2,0
34200,6400,17.49,0.19,3,1
54000,5000,6.62,0.09,2,0
35000,6400,12.69,0.18,4,0
29000,6400,15.95,0.22,4,1
54000,15750,6.62,0.29,4,0
54000,9600,6.62,0.18,3,0
54000,4800,12.42,0.09,2,0
36000,6400,5.99,0.18,3,0
54000,6000,6.03,0.11,4,0
37850,6400,9.88,0.17,2,0
54000,7000,6.62,0.13,3,0
54000,7000,10.65,0.13,4,0
54000,8500,12.42,0.16,2,0
38000,6400,7.88,0.17,3,0
39500,6400,10.36,0.16,2,0
41508,6400,14.79,0.15,3,0
38000,6400,20.62,0.17,3,1
54000,7000,18.64,0.13,3,0
46000,6400,9.67,0.14,4,0
54000,15000,11.99,0.28,2,0
54000,5000,9.99,0.09,3,0
48000,15000,5.99,0.31,2,1
54000,5000,5.42,0.09,4,0
48000,6500,15.99,0.14,2,1
54000,5500,10.59,0.1,4,0
48000,6400,13.47,0.13,3,0
54000,1400,5.42,0.03,4,0
50000,6400,9.91,0.13,4,0
48000,2250,8.49,0.05,3,1
50000,6400,20.2,0.13,2,0
54000,13000,7.49,0.24,2,0
48000,18000,15.62,0.38,3,1
50000,6400,6.91,0.13,2,0
54000,8500,10.99,0.16,3,0
55000,6400,10.71,0.12,3,0
54000,5000,15.62,0.09,2,0
54000,2000,10.99,0.04,3,0
54000,12000,16.49,0.22,3,0
54000,8000,7.49,0.15,4,0
54000,8000,10.99,0.15,3,0
54000,8800,10.99,0.16,4,0
62502,6400,11.71,0.1,3,0
62758,6400,8.49,0.1,3,0
54000,4000,5.42,0.07,2,0
54000,2000,5.42,0.04,2,0
54000,11000,5.42,0.2,2,0
65000,6400,10.65,0.1,2,0
65000,6400,9.99,0.1,4,0
54000,3000,5.42,0.06,2,0
70000,6400,17.49,0.09,4,0
54000,3000,10.0,0.06,3,0
54000,13000,6.92,0.24,4,0
71500,6400,13.11,0.09,2,0
72000,6400,6.91,0.09,2,0
54000,5000,5.79,0.09,3,0
75000,6400,15.99,0.09,2,0
69000,6400,16.4,0.09,4,1
54000,7200,5.42,0.13,2,0
54000,4000,11.11,0.07,3,0
75000,6400,10.36,0.09,4,0
76800,6400,7.51,0.08,3,0
54000,8000,6.92,0.15,4,0
54000,8400,11.11,0.16,4,0
80000,6400,7.49,0.08,4,0
54000,20000,10.74,0.37,2,0
54000,5100,9.62,0.09,4,0
93500,6400,13.23,0.07,3,0
110000,6400,9.32,0.06,4,0
54000,6000,6.17,0.11,4,0
110500,6400,13.67,0.06,3,0
112000,6400,6.62,0.06,2,0
54000,13200,9.99,0.24,4,0
54000,12000,12.23,0.22,3,0
48000,1400,14.83,0.03,2,1
77500,6800,10.99,0.09,3,0
54000,4000,9.99,0.07,4,0
54000,10000,8.88,0.19,4,0
74000,6800,20.3,0.09,2,1
48000,5000,7.14,0.1,2,1
87360,6800,12.99,0.08,3,0
54000,2700,11.86,0.05,3,0
54000,4000,13.98,0.07,4,0
124000,6800,6.03,0.05,2,0
24000,6825,5.42,0.28,4,0
37000,6825,7.49,0.18,2,0
73000,6825,10.99,0.09,3,0
47000,6850,10.65,0.15,4,1
54000,10000,11.49,0.19,4,0
60000,6850,7.14,0.11,2,0
80266,6875,11.86,0.09,2,0
54000,15600,13.61,0.29,4,0
28000,6900,9.99,0.25,3,0
33000,6900,17.56,0.21,3,1
47480,6900,9.88,0.15,2,0
58000,6900,7.66,0.12,4,0
54000,6000,7.51,0.11,3,0
48000,16800,14.59,0.35,2,1
54000,10000,7.51,0.19,3,0
54000,10000,9.88,0.19,2,0
25000,6925,11.71,0.28,3,0
54000,14000,7.88,0.26,3,0
34000,6925,15.99,0.2,3,1
78000,6925,9.62,0.09,4,0
48000,3500,10.25,0.07,3,1
54000,10800,7.88,0.2,3,0
25000,7000,13.85,0.28,3,0
54000,1200,13.11,0.02,3,0
54000,13000,7.51,0.24,4,0
25000,7000,12.87,0.28,2,0
26004,7000,6.92,0.27,3,0
54000,10000,10.99,0.19,3,0
54000,9000,7.51,0.17,3,0
54000,8000,11.83,0.15,3,0
54000,8525,8.59,0.16,4,0
26400,7000,14.84,0.27,3,1
54000,8700,7.05,0.16,4,0
26400,7000,7.4,0.27,2,0
27000,7000,13.79,0.26,2,0
54000,9000,11.14,0.17,4,0
27600,7000,5.99,0.25,2,0
54000,3000,7.05,0.06,2,0
54000,7000,8.94,0.13,2,0
27600,7000,15.62,0.25,4,1
48000,12000,16.0,0.25,4,1
54000,9000,8.94,0.17,4,0
27600,7000,9.76,0.25,4,0
28000,7000,10.62,0.25,2,0
28038,7000,7.88,0.25,4,0
54000,2800,14.42,0.05,3,0
28500,7000,10.0,0.25,3,0
28608,7000,6.92,0.24,3,0
54000,13500,9.63,0.25,2,0
28685,7000,12.73,0.24,2,0
28800,7000,5.42,0.24,4,0
28800,7000,7.49,0.24,4,0
30000,7000,12.69,0.23,2,0
30000,7000,8.9,0.23,4,0
30000,7000,10.99,0.23,2,1
54036,8000,11.36,0.15,2,0
30000,7000,16.49,0.23,3,1
54080,5000,7.51,0.09,3,0
54080,8000,8.63,0.15,4,0
30000,7000,9.62,0.23,4,1
30000,7000,10.62,0.23,3,0
54200,7000,7.49,0.13,3,0
30000,7000,7.74,0.23,2,0
30000,7000,17.58,0.23,2,1
54252,3500,6.39,0.06,2,0
30000,7000,10.71,0.23,4,0
54300,8000,6.92,0.15,4,0
30600,7000,7.29,0.23,2,0
30996,7000,16.63,0.23,4,0
31000,7000,7.51,0.23,4,0
31200,7000,7.88,0.22,2,0
31221,7000,11.83,0.22,4,0
32000,7000,11.49,0.22,2,0
54400,3300,7.66,0.06,2,0
48442,9800,15.7,0.2,2,1
54499,12000,9.63,0.22,4,0
54500,7500,10.59,0.14,3,0
32000,7000,14.26,0.22,4,1
32340,7000,6.62,0.22,2,0
32400,7000,13.98,0.22,2,0
32769,7000,7.29,0.21,3,0
54528,10000,8.94,0.18,3,0
54566,4000,12.53,0.07,2,0
54578,24250,12.18,0.44,4,0
33000,7000,6.62,0.21,2,0
33000,7000,7.9,0.21,2,0
33000,7000,13.61,0.21,4,0
48600,12000,12.42,0.25,4,1
33198,7000,14.27,0.21,3,1
33600,7000,13.61,0.21,4,0
33996,7000,8.0,0.21,2,0
33996,7000,13.16,0.21,3,1
34482,7000,10.99,0.2,4,0
34800,7000,11.99,0.2,2,1
34800,7000,13.61,0.2,2,0
35000,7000,12.69,0.2,2,0
54828,5000,16.82,0.09,4,0
35000,7000,6.03,0.2,2,0
54870,1000,8.59,0.02,2,0
54900,3000,10.99,0.05,2,0
48902,6000,15.23,0.12,3,1
35000,7000,5.99,0.2,2,0
35000,7000,10.99,0.2,4,0
54960,5500,6.03,0.1,3,0
35000,7000,10.99,0.2,3,0
54996,25000,12.42,0.45,2,0
35000,7000,8.94,0.2,3,0
54996,2100,11.49,0.04,3,0
35000,7000,11.34,0.2,3,0
29000,7000,12.61,0.24,2,1
54996,1925,10.59,0.04,4,0
35350,7000,9.99,0.2,3,0
54996,5500,5.99,0.1,4,0
29654,7000,14.22,0.24,3,1
36000,7000,6.03,0.19,3,0
36000,7000,7.9,0.19,4,0
36000,7000,10.65,0.19,2,0
36000,7000,9.99,0.19,3,0
54996,12000,9.63,0.22,2,0
54996,10000,10.37,0.18,4,0
36000,7000,8.94,0.19,3,0
36120,7000,14.22,0.19,4,0
37000,7000,9.99,0.19,2,0
37000,7000,7.51,0.19,4,0
54996,5000,10.75,0.09,3,0
37000,7000,10.95,0.19,4,0
37200,7000,12.42,0.19,3,0
37200,7000,7.14,0.19,4,0
48996,15000,15.58,0.31,3,1
37200,7000,10.99,0.19,3,0
54996,8000,14.35,0.15,4,0
48996,5000,9.88,0.1,2,1
37500,7000,12.69,0.19,4,0
54996,10000,8.94,0.18,2,0
38000,7000,7.51,0.18,3,0
38400,7000,9.99,0.18,2,0
38500,7000,11.14,0.18,2,0
39600,7000,14.96,0.18,2,0
39996,7000,9.63,0.18,4,0
48996,10000,14.11,0.2,4,1
54996,12000,11.26,0.22,3,0
54996,19000,10.83,0.35,3,0
39996,7000,13.11,0.18,3,0
40000,7000,10.65,0.17,2,0
40000,7000,7.9,0.17,2,0
40000,7000,11.99,0.17,4,0
40000,7000,11.11,0.17,3,0
40000,7000,14.46,0.17,3,0
40000,7000,7.88,0.17,4,0
40000,7000,11.14,0.17,4,0
55000,20000,11.71,0.36,2,0
40000,7000,8.94,0.17,3,0
34000,7000,17.04,0.21,2,1
55000,7200,11.71,0.13,3,0
55000,7500,7.51,0.14,2,0
40000,7000,11.58,0.17,3,0
40000,7000,11.34,0.17,2,0
40040,7000,13.23,0.17,3,0
34320,7000,18.3,0.2,3,1
55000,15000,9.91,0.27,3,0
55000,15000,15.27,0.27,3,0
40800,7000,11.86,0.17,2,0
41000,7000,5.79,0.17,3,0
55000,11100,16.77,0.2,2,0
55000,3100,11.71,0.06,2,0
55000,1400,13.49,0.03,3,0
35000,7000,18.09,0.2,2,1
55000,5200,8.9,0.09,4,0
55000,11500,8.9,0.21,4,0
41000,7000,12.53,0.17,2,0
55000,8000,6.03,0.15,4,0
55000,3250,13.49,0.06,4,0
55000,5225,9.91,0.1,4,0
42000,7000,14.27,0.17,2,0
55000,3775,11.71,0.07,3,0
55000,6400,6.03,0.12,3,0
42000,7000,12.68,0.17,2,0
55000,7500,7.51,0.14,4,0
42000,7000,5.79,0.17,2,0
55000,6500,7.9,0.12,3,0
55000,6625,16.77,0.12,3,0
36000,7000,13.98,0.19,2,1
42000,7000,13.61,0.17,2,0
36000,7000,14.96,0.19,4,1
42000,7000,7.88,0.17,3,0
55000,5000,9.91,0.09,4,0
42000,7000,8.63,0.17,4,0
55000,15000,6.62,0.27,3,0
36614,7000,9.99,0.19,4,1
55000,4500,8.49,0.08,3,0
55000,12375,9.91,0.23,3,0
43000,7000,9.99,0.16,3,0
49000,18200,11.99,0.37,4,1
55000,6500,10.99,0.12,2,0
55000,6300,11.49,0.11,3,0
55000,4400,10.59,0.08,3,0
43000,7000,7.29,0.16,4,0
55000,12000,5.42,0.22,2,0
37200,7000,7.9,0.19,4,1
55000,4800,11.99,0.09,2,0
55000,15000,13.49,0.27,2,0
49000,11400,17.99,0.23,4,1
55000,5000,15.99,0.09,4,0
55000,10000,10.99,0.18,3,0
55000,6500,7.49,0.12,3,0
55000,9500,7.49,0.17,3,0
44500,7000,8.0,0.16,2,0
45000,7000,8.9,0.16,4,0
39000,7000,8.9,0.18,3,1
55000,1800,7.49,0.03,4,0
55000,24200,8.49,0.44,3,0
39000,7000,16.77,0.18,3,1
45000,7000,7.51,0.16,3,0
55000,3000,5.99,0.05,4,0
55000,10000,7.49,0.18,2,0
49000,2000,11.99,0.04,2,1
55000,2800,13.49,0.05,2,0
55000,4200,15.23,0.08,3,0
45000,7000,7.51,0.16,4,0
55000,4000,5.42,0.07,3,0
45000,7000,10.99,0.16,2,0
55000,11075,13.49,0.2,3,0
45000,7000,5.42,0.16,4,0
55000,9000,16.49,0.16,2,0
39000,7000,14.42,0.18,4,1
45600,7000,9.99,0.15,3,0
46000,7000,8.49,0.15,3,0
46000,7000,10.25,0.15,3,0
46000,7000,7.4,0.15,4,0
55000,13500,9.67,0.25,2,0
46000,7000,9.07,0.15,3,0
46800,7000,8.63,0.15,3,0
55000,3850,5.42,0.07,2,0
47000,7000,6.62,0.15,3,0
55000,8000,8.49,0.15,3,0
55000,1500,11.49,0.03,3,0
47000,7000,6.54,0.15,4,0
55000,6000,15.23,0.11,3,0
55000,8000,7.49,0.15,4,0
47000,7000,14.96,0.15,3,0
55000,8000,7.49,0.15,4,0
55000,10000,13.99,0.18,3,0
41500,7000,15.7,0.17,3,1
48000,7000,12.69,0.15,2,0
48000,7000,5.79,0.15,3,0
48000,7000,8.94,0.15,3,0
48000,7000,9.63,0.15,2,0
55000,5000,11.11,0.09,2,0
48226,7000,7.9,0.15,3,0
50000,7000,15.27,0.14,4,0
50000,7000,11.71,0.14,3,0
55000,11300,7.29,0.21,4,0
55000,5000,7.66,0.09,2,0
55000,5000,6.92,0.09,3,0
50000,7000,10.37,0.14,4,0
50000,7000,7.66,0.14,3,0
55000,10000,10.0,0.18,2,0
55000,12000,9.63,0.22,4,0
55000,10000,5.79,0.18,3,0
55000,25000,10.74,0.45,2,0
50000,7000,7.51,0.14,4,0
55000,12000,9.99,0.22,4,0
50000,7000,9.63,0.14,2,0
50000,7000,9.32,0.14,3,0
55000,15000,6.17,0.27,2,0
49000,10000,5.79,0.2,4,1
44004,7000,11.46,0.16,2,1
55000,7750,6.17,0.14,4,0
51000,7000,6.99,0.14,3,0
45000,7000,14.96,0.16,4,1
51000,7000,12.18,0.14,2,0
52000,7000,10.65,0.13,2,0
55000,6000,5.42,0.11,3,0
52000,7000,10.59,0.13,2,0
55000,4800,12.98,0.09,4,0
55000,12000,6.54,0.22,4,0
52000,7000,7.49,0.13,4,0
52000,7000,7.88,0.13,3,0
55000,10500,5.79,0.19,2,0
52000,7000,7.74,0.13,4,0
55000,2200,5.42,0.04,3,0
52000,7000,12.53,0.13,3,0
55000,1275,6.91,0.02,3,0
52800,7000,17.58,0.13,3,0
55000,17000,6.91,0.31,4,0
49000,13000,16.45,0.27,3,1
55000,1000,11.49,0.02,4,0
54000,7000,13.61,0.13,4,0
55000,15000,7.88,0.27,2,0
54000,7000,13.47,0.13,2,0
55000,3000,11.12,0.05,2,0
54008,7000,9.91,0.13,3,0
49000,7000,7.49,0.14,3,1
55000,10000,10.75,0.18,4,0
55000,11000,10.38,0.2,3,0
55000,10000,14.72,0.18,2,0
85000,7000,10.74,0.08,3,0
49000,5000,15.21,0.1,2,1
89000,7000,10.99,0.08,3,0
55000,9800,7.88,0.18,3,0
55000,7500,14.84,0.14,2,0
90000,7000,10.65,0.08,2,0
90000,7000,13.49,0.08,3,0
50000,7150,12.69,0.14,2,0
55000,13000,13.98,0.24,3,0
61200,7150,6.99,0.12,2,0
55000,7000,13.23,0.13,2,0
55000,3000,6.76,0.05,2,0
85000,7175,7.49,0.08,4,0
55000,5000,7.88,0.09,4,0
20800,7200,6.91,0.35,4,1
55000,10500,7.51,0.19,3,0
21600,7200,10.38,0.33,3,1
22000,7200,5.79,0.33,2,1
23000,7200,12.69,0.31,2,1
55000,8000,13.85,0.15,4,0
25000,7200,12.68,0.29,4,0
55000,10000,10.25,0.18,2,0
55000,10000,10.62,0.18,2,0
25200,7200,11.86,0.29,4,1
55000,14500,12.73,0.26,2,0
27600,7200,9.99,0.26,2,0
27600,7200,10.59,0.26,3,0
49000,8000,10.25,0.16,4,1
55000,6000,7.51,0.11,4,0
55000,8000,9.88,0.15,3,0
30000,7200,11.71,0.24,3,0
30000,7200,8.9,0.24,2,1
55000,13000,13.85,0.24,3,0
31700,7200,11.71,0.23,4,1
31944,7200,13.79,0.23,2,0
32000,7200,5.42,0.23,4,0
32004,7200,12.84,0.22,4,0
32496,7200,9.51,0.22,4,0
55000,5000,14.61,0.09,2,0
55000,1000,8.59,0.02,3,0
34000,7200,7.9,0.21,4,0
49000,15000,19.82,0.31,2,1
34099,7200,12.73,0.21,3,0
35000,7200,8.9,0.21,3,0
55000,7000,8.59,0.13,2,0
55000,5500,8.59,0.1,3,0
55000,10200,8.94,0.19,3,0
55000,10000,13.57,0.18,2,0
55000,2000,7.4,0.04,3,0
35000,7200,12.69,0.21,3,0
35004,7200,9.99,0.21,4,0
31000,7200,14.54,0.23,3,1
37000,7200,11.34,0.19,2,0
37200,7200,7.9,0.19,2,0
37245,7200,8.9,0.19,4,0
38000,7200,7.9,0.19,4,0
49000,5000,12.18,0.1,3,1
38400,7200,9.91,0.19,2,0
38896,7200,13.48,0.19,3,0
40000,7200,17.58,0.18,2,0
40000,7200,18.79,0.18,3,0
55000,7000,12.53,0.13,4,0
55000,12500,8.94,0.23,2,0
40000,7200,9.88,0.18,4,0
55000,2000,13.22,0.04,2,0
41000,7200,12.53,0.18,2,0
55000,4000,9.32,0.07,4,0
42000,7200,5.42,0.17,4,0
55000,18500,13.16,0.34,4,0
42996,7200,8.0,0.17,2,0
55000,8000,8.0,0.15,2,0
43200,7200,13.49,0.17,4,0
55000,6000,8.0,0.11,2,0
55000,8500,12.21,0.15,2,0
45000,7200,10.65,0.16,4,0
45000,7200,9.38,0.16,4,0
39000,7200,9.45,0.18,3,1
48000,7200,12.42,0.15,4,0
48000,7200,14.27,0.15,3,0
48000,7200,11.71,0.15,2,0
55000,14000,15.68,0.25,4,0
48000,7200,12.69,0.15,2,0
48000,7200,9.62,0.15,4,0
49000,10000,8.0,0.2,2,1
48000,7200,11.36,0.15,3,0
55000,1600,13.79,0.03,2,0
49920,7200,13.06,0.14,3,0
55000,4000,9.32,0.07,2,0
50000,7200,11.71,0.14,2,0
49000,5000,11.28,0.1,4,1
50000,7200,8.49,0.14,2,0
50000,7200,7.29,0.14,4,0
50004,7200,12.84,0.14,3,0
55000,3600,11.34,0.07,4,0
49000,20000,11.34,0.41,4,1
55000,15000,9.2,0.27,4,0
52000,7200,12.69,0.14,3,0
55000,5275,8.07,0.1,4,0
54600,7200,12.53,0.13,2,0
55004,9600,14.74,0.17,2,0
54990,7200,15.27,0.13,3,0
55008,10500,13.16,0.19,4,0
54996,7200,7.66,0.13,2,0
55000,7200,7.9,0.13,2,0
49700,7200,10.38,0.14,2,1
50000,7200,17.58,0.14,2,1
51000,7200,14.67,0.14,3,1
59000,7200,8.0,0.12,3,0
55152,16000,11.49,0.29,2,0
60000,7200,8.49,0.12,2,0
55200,4225,12.42,0.08,2,0
60000,7200,11.14,0.12,2,0
60000,7200,13.48,0.12,4,0
60000,7200,12.87,0.12,3,0
49200,6500,12.68,0.13,2,1
60000,7200,13.22,0.12,4,0
55200,8900,6.17,0.16,2,0
60036,7200,9.91,0.12,4,0
60675,7200,14.72,0.12,2,0
61490,7200,10.99,0.12,3,0
55200,2000,11.86,0.04,3,0
55200,4000,10.08,0.07,4,0
63000,7200,7.88,0.11,3,0
64000,7200,15.96,0.11,3,0
55316,6000,5.42,0.11,3,0
67500,7200,7.88,0.11,4,0
55400,11000,7.29,0.2,3,0
62000,7200,7.9,0.12,3,1
68400,7200,14.72,0.11,2,0
49493,15250,13.11,0.31,3,1
71604,7200,10.95,0.1,4,0
75000,7200,13.61,0.1,4,0
55500,3000,7.37,0.05,2,0
55530,8000,5.99,0.14,4,0
55530,3200,6.62,0.06,4,0
49530,16000,14.54,0.32,2,1
76668,7200,9.63,0.09,3,0
80000,7200,8.9,0.09,2,0
80500,7200,9.25,0.09,4,0
84000,7200,8.49,0.09,2,0
55600,11700,13.57,0.21,2,0
55605,6500,10.99,0.12,2,0
49635,12000,7.29,0.24,3,1
55680,7875,10.65,0.14,3,0
73000,7200,14.96,0.1,3,1
88500,7200,13.47,0.08,3,0
55800,3500,14.17,0.06,3,0
55800,4000,10.75,0.07,2,0
55800,3200,7.68,0.06,3,0
55812,21825,11.36,0.39,2,0
90000,7200,9.91,0.08,2,0
55900,18200,14.26,0.33,4,0
49963,2100,11.49,0.04,3,1
49980,4800,10.37,0.1,2,1
93000,7200,6.92,0.08,2,0
105000,7200,11.71,0.07,4,0
56000,10075,16.29,0.18,4,0
56000,10250,14.65,0.18,4,0
111000,7200,12.18,0.06,3,0
56000,10000,12.42,0.18,2,0
56000,7200,6.03,0.13,2,0
56000,12250,6.03,0.22,4,0
135000,7200,9.91,0.05,3,0
62467,7250,10.65,0.12,4,0
56000,6000,15.23,0.11,4,0
80000,7250,5.42,0.09,2,0
56000,2000,6.99,0.04,3,0
26729,7300,11.14,0.27,3,0
56000,13600,15.23,0.24,4,0
56000,2000,10.99,0.04,4,0
56000,19125,13.99,0.34,3,0
50000,12800,7.49,0.26,4,1
56000,9000,10.59,0.16,2,0
37086,7300,7.88,0.2,4,0
56000,15000,8.49,0.27,2,0
41400,7300,9.45,0.18,4,0
56000,10000,7.49,0.18,3,0
45999,7300,7.88,0.16,2,0
50000,7500,15.62,0.15,3,1
56000,5000,5.42,0.09,3,0
56000,12375,11.49,0.22,4,0
50000,7300,11.71,0.15,3,0
56000,5250,12.87,0.09,2,0
56000,17400,5.99,0.31,2,0
53600,7300,8.0,0.14,4,0
96000,7300,8.49,0.08,4,0
56000,6000,5.99,0.11,2,0
56000,20000,10.99,0.36,4,0
42000,7325,12.69,0.17,3,0
32500,7350,13.43,0.23,3,0
33000,7350,11.71,0.22,3,0
42000,7400,16.32,0.18,4,1
43995,7400,13.99,0.17,4,1
56000,5600,10.37,0.1,4,0
57996,7400,10.36,0.13,2,0
62000,7400,6.99,0.12,2,0
56000,6000,5.42,0.11,4,0
72000,7400,15.65,0.1,3,0
56000,15000,14.35,0.27,2,0
34359,7475,9.63,0.22,2,0
56000,3000,6.76,0.05,3,0
56000,2000,11.49,0.04,2,0
56000,4750,7.14,0.08,2,0
20796,7500,7.88,0.36,3,1
56000,5500,7.51,0.1,4,0
56000,12000,10.99,0.21,2,0
21000,7500,6.91,0.36,4,1
56000,15000,10.62,0.27,3,0
21360,7500,7.14,0.35,3,1
21500,7500,11.34,0.35,2,1
22596,7500,9.76,0.33,4,1
23196,7500,13.24,0.32,2,1
24996,7500,12.98,0.3,3,0
56000,8000,11.14,0.14,4,0
25000,7500,7.51,0.3,4,0
56000,13000,8.94,0.23,3,0
25200,7500,14.96,0.3,3,1
26000,7500,12.18,0.29,2,0
56000,10000,8.59,0.18,3,0
56000,13750,18.43,0.25,2,0
26400,7500,12.73,0.28,4,0
27600,7500,6.76,0.27,4,0
28128,7500,15.33,0.27,3,1
30000,7500,9.99,0.25,4,0
30000,7500,5.79,0.25,2,0
56000,4500,11.83,0.08,4,0
56000,12000,11.89,0.21,3,0
30000,7500,11.83,0.25,4,0
30000,7500,14.75,0.25,3,1
30000,7500,13.24,0.25,3,1
56000,7500,13.79,0.13,3,0
30028,7500,10.75,0.25,4,0
31200,7500,9.91,0.24,4,0
31875,7500,13.11,0.24,2,0
32000,7500,13.79,0.23,3,0
34000,7500,7.9,0.22,3,1
56004,10000,13.61,0.18,4,0
56004,6000,11.86,0.11,3,0
56004,6000,7.88,0.11,4,0
56004,12000,13.98,0.21,3,0
56004,2000,7.51,0.04,4,0
34404,7500,15.05,0.22,2,1
56004,20000,13.57,0.36,4,0
56004,13000,8.59,0.23,3,0
56004,10000,9.32,0.18,3,0
34780,7500,12.61,0.22,4,0
35000,7500,10.99,0.21,2,0
50160,6000,15.62,0.12,2,1
56160,3050,10.59,0.05,2,0
36000,7500,13.49,0.21,4,0
36000,7500,10.59,0.21,3,0
30320,7500,12.18,0.25,3,1
56368,6000,12.99,0.11,2,0
36750,7500,14.84,0.2,3,0
50400,12000,16.89,0.24,4,1
56400,17300,15.62,0.31,4,0
56400,5000,6.54,0.09,2,0
56400,4000,11.49,0.07,4,0
37676,7500,8.32,0.2,4,0
38000,7500,5.79,0.2,4,0
38000,7500,7.88,0.2,4,0
38400,7500,17.58,0.2,2,0
32400,7500,14.27,0.23,2,1
39996,7500,11.86,0.19,3,0
40000,7500,12.69,0.19,2,0
56532,16000,7.88,0.28,3,0
56533,20000,11.11,0.35,2,0
56600,12000,10.38,0.21,2,0
40000,7500,5.79,0.19,4,0
56650,6500,10.65,0.11,2,0
56655,20000,13.61,0.35,2,0
56700,12000,5.42,0.21,2,0
56700,6000,9.63,0.11,4,0
40000,7500,11.36,0.19,4,0
34000,7500,12.53,0.22,4,1
56900,25000,7.51,0.44,3,0
56902,12000,7.14,0.21,4,0
56996,9575,9.63,0.17,4,0
40906,7500,9.63,0.18,2,0
42000,7500,10.25,0.18,4,0
57000,8000,10.65,0.14,3,0
57000,12875,7.9,0.23,2,0
57000,2400,12.69,0.04,4,0
42000,7500,10.33,0.18,4,0
36000,7500,12.61,0.21,2,1
57000,11425,9.91,0.2,4,0
42500,7500,7.9,0.18,2,0
37260,7500,14.84,0.2,2,1
57000,13000,8.9,0.23,2,0
44000,7500,8.32,0.17,3,0
51000,5500,16.77,0.11,2,1
57000,5950,13.49,0.1,3,0
39000,7500,15.62,0.19,2,1
57000,9000,12.99,0.16,4,0
57000,14000,5.42,0.25,4,0
57000,19725,9.99,0.35,2,0
45000,7500,15.37,0.17,4,0
57000,6000,5.99,0.11,3,0
57000,12000,13.49,0.21,2,0
57000,3200,5.99,0.06,4,0
45450,7500,11.14,0.17,3,0
57000,20000,11.99,0.35,2,0
46800,7500,9.99,0.16,3,0
47500,7500,10.99,0.16,2,0
57000,9250,5.99,0.16,4,0
57000,12000,10.59,0.21,3,0
48000,7500,5.79,0.16,4,0
42000,7500,17.04,0.18,2,1
48000,7500,12.53,0.16,3,0
57000,4200,12.68,0.07,4,0
57000,8000,5.42,0.14,3,0
57000,14000,14.91,0.25,4,0
57000,18000,11.11,0.32,2,0
49000,7500,6.62,0.15,3,0
57000,11200,14.46,0.2,4,0
43000,7500,14.96,0.17,3,1
44000,7500,7.9,0.17,3,1
50000,7500,10.99,0.15,2,0
57000,17500,14.09,0.31,3,0
44000,7500,16.4,0.17,3,1
50000,7500,8.94,0.15,3,0
44000,7500,13.92,0.17,3,1
44000,7500,16.0,0.17,4,1
51000,12000,11.86,0.24,3,1
50000,7500,10.01,0.15,3,0
57000,7000,7.14,0.12,3,0
57000,12000,13.23,0.21,3,0
50000,7500,8.32,0.15,4,0
51000,7000,15.21,0.14,4,1
57000,7500,11.86,0.13,3,0
44400,7500,8.49,0.17,4,1
57000,7500,10.25,0.13,2,0
50663,7500,13.22,0.15,3,0
51000,13000,15.33,0.25,3,1
51000,7500,5.99,0.15,2,0
57000,11400,12.53,0.2,3,0
52000,7500,10.38,0.14,2,0
53000,7500,10.39,0.14,4,0
55000,7500,6.03,0.14,3,0
55000,7500,6.03,0.14,2,0
57000,2500,11.58,0.04,3,0
57000,9000,8.0,0.16,4,0
55000,7500,7.88,0.14,2,0
57000,5500,8.0,0.1,3,0
57000,4200,10.51,0.07,3,0
55000,7500,12.53,0.14,2,0
57000,900,8.63,0.02,4,0
57000,25000,9.01,0.44,2,0
57000,7250,10.59,0.13,4,0
57006,6000,6.17,0.11,2,0
57000,7500,11.97,0.13,4,0
57600,7500,13.85,0.13,3,0
57068,1600,15.23,0.03,4,0
57120,25000,10.99,0.44,4,0
57188,17450,6.62,0.31,3,0
57192,8000,7.49,0.14,3,0
59000,7500,6.54,0.13,2,0
53000,7500,12.92,0.14,4,1
57200,8000,6.03,0.14,2,0
57200,7500,7.51,0.13,3,0
57200,2400,7.49,0.04,2,0
57200,7000,7.51,0.12,2,0
60000,7500,14.27,0.13,2,0
57204,9000,15.58,0.16,3,0
60000,7500,9.99,0.13,3,0
60000,7500,7.66,0.13,2,0
57400,8475,6.99,0.15,2,0
57400,10500,7.75,0.18,3,0
57431,4000,6.76,0.07,3,0
60000,7500,6.17,0.13,3,0
57468,14075,9.91,0.24,2,0
60000,7500,9.07,0.13,2,0
57500,4000,7.9,0.07,3,0
60000,7500,11.34,0.13,4,0
61000,7500,10.39,0.12,2,0
64000,7500,9.83,0.12,3,0
57500,7750,6.76,0.13,3,0
51500,13000,16.07,0.25,2,1
66000,7500,6.62,0.11,2,0
67000,7500,12.18,0.11,4,0
57504,9000,6.54,0.16,3,0
57504,10000,8.59,0.17,2,0
57550,3500,5.42,0.06,4,0
57564,21000,11.48,0.36,3,0
67500,7500,9.76,0.11,2,0
68000,7500,11.99,0.11,2,0
68000,7500,11.49,0.11,3,0
57600,10500,6.62,0.18,3,0
57600,1800,12.42,0.03,3,0
57600,10000,6.03,0.17,4,0
57600,6500,7.49,0.11,3,0
57600,1500,5.99,0.03,3,0
51600,4800,10.99,0.09,3,1
57600,3300,5.42,0.06,4,0
62844,7500,11.97,0.12,4,1
57600,6000,10.74,0.1,3,0
69996,7500,7.49,0.11,2,0
64000,7500,13.55,0.12,3,1
57600,6000,10.0,0.1,2,0
57600,4000,5.42,0.07,2,0
57600,5000,5.79,0.09,3,0
72000,7500,13.22,0.1,3,0
72000,7500,11.41,0.1,3,0
75000,7500,13.48,0.1,3,0
75000,7500,11.83,0.1,2,0
57600,7000,7.88,0.12,3,0
57600,10000,13.11,0.17,3,0
58650,7500,15.37,0.11,4,1
79992,7500,10.71,0.09,4,0
57664,10000,6.62,0.17,4,0
74004,7500,12.61,0.1,4,1
57700,3500,10.65,0.06,4,0
57700,13500,9.91,0.23,2,0
76500,7500,13.24,0.1,4,1
57738,7000,7.14,0.12,4,0
57744,2500,10.37,0.04,2,0
87000,7500,10.33,0.09,2,0
90000,7500,15.58,0.08,3,0
66300,7500,14.96,0.1,2,1
90000,7500,11.03,0.08,4,0
57850,4000,10.99,0.07,2,0
57860,20000,11.41,0.35,3,0
57900,4850,8.49,0.08,2,0
79500,7500,16.89,0.09,4,1
57996,21250,6.91,0.37,4,0
100300,7500,11.49,0.07,4,0
57996,8800,7.51,0.15,2,0
115275,7500,11.28,0.07,4,0
116600,7500,11.59,0.06,3,0
57996,2500,12.53,0.04,3,0
108000,7500,16.77,0.07,3,1
57996,2400,11.89,0.04,4,0
125000,7500,12.69,0.06,4,0
51996,6500,15.68,0.13,4,1
230000,7500,8.0,0.03,2,0
50000,7525,11.49,0.15,2,0
20400,7550,14.79,0.37,4,1
58000,7200,11.71,0.12,3,0
58000,15700,7.9,0.27,3,0
58000,11000,16.77,0.19,4,0
70000,7550,7.51,0.11,2,0
56950,7550,9.99,0.11,3,1
54000,7575,6.99,0.14,4,0
58000,20000,11.99,0.34,4,0
58000,11600,11.99,0.2,3,0
52000,14825,15.62,0.29,3,1
41412,7600,11.12,0.18,3,0
39000,7600,12.84,0.19,3,1
49000,7600,15.62,0.16,4,1
60000,7600,12.21,0.13,4,0
67000,7600,10.0,0.11,4,0
58000,7000,6.99,0.12,4,0
61680,7600,13.23,0.12,4,1
58000,6000,5.42,0.1,4,0
58000,3000,5.42,0.05,4,0
58000,4500,6.92,0.08,4,0
76554,7600,12.61,0.1,2,0
57000,7650,11.71,0.13,4,0
58000,3000,6.92,0.05,4,0
65000,7675,15.33,0.12,3,0
23400,7700,5.99,0.33,2,1
52000,5000,15.28,0.1,4,1
24000,7700,8.9,0.32,3,1
58000,8000,13.43,0.14,4,0
58000,4000,7.29,0.07,3,0
29772,7700,16.77,0.26,4,1
58000,10000,14.83,0.17,2,0
58000,11050,6.54,0.19,4,0
58000,8500,7.14,0.15,3,0
96408,7700,12.53,0.08,4,0
19680,7750,14.83,0.39,3,1
24000,7750,17.27,0.32,3,1
58000,8000,13.61,0.14,3,0
24000,7750,14.35,0.32,3,1
58000,6400,13.48,0.11,3,0
26000,7750,16.7,0.3,2,1
58000,17500,13.11,0.3,4,0
26000,7750,13.16,0.3,3,0
58000,15000,10.25,0.26,3,0
58000,5000,10.62,0.09,2,0
58000,5000,7.14,0.09,2,0
29760,7750,9.62,0.26,4,0
29000,7750,14.59,0.27,3,1
58000,9600,7.51,0.17,3,0
58000,10400,12.18,0.18,2,0
52000,5000,11.48,0.1,2,1
48000,7750,7.74,0.16,2,0
49000,7750,9.63,0.16,4,0
100000,7750,9.99,0.08,4,1
58000,2200,7.4,0.04,3,0
33000,7800,10.99,0.24,3,0
58000,3500,7.68,0.06,2,0
33000,7800,10.95,0.24,2,1
33600,7800,16.49,0.23,4,1
58000,17000,10.95,0.29,4,0
58000,4500,13.16,0.08,2,0
34000,7800,13.79,0.23,2,1
36000,7800,14.27,0.22,2,0
58000,16000,12.21,0.28,4,0
58000,15000,13.79,0.26,4,0
38000,7800,12.53,0.21,4,0
58000,12000,13.16,0.21,4,0
58000,2750,12.86,0.05,4,0
58000,10000,13.24,0.17,4,0
52000,10000,13.87,0.19,2,1
43000,7800,7.14,0.18,3,0
58000,3150,6.17,0.05,4,0
43000,7800,7.88,0.18,2,0
43955,7800,15.62,0.18,3,0
45000,7800,12.69,0.17,4,0
45000,7800,7.51,0.17,3,0
54000,7800,7.9,0.14,4,0
58125,6000,10.25,0.1,2,0
49000,7800,15.62,0.16,2,1
59000,7800,12.21,0.13,2,0
60000,7800,15.21,0.13,4,0
58200,10000,12.53,0.17,2,0
59004,7800,15.99,0.13,3,1
78000,7800,16.77,0.1,3,0
80000,7800,9.99,0.1,2,0
85757,7800,11.83,0.09,3,0
100000,7800,7.88,0.08,2,0
26000,7850,9.96,0.3,2,0
32000,7875,14.91,0.25,2,1
58500,4000,8.0,0.07,2,0
58560,5000,10.59,0.09,4,0
58560,8000,12.21,0.14,3,0
58600,7800,7.9,0.13,4,0
28000,7900,9.99,0.28,2,0
58608,12000,6.03,0.2,4,0
52650,19200,17.26,0.36,4,1
30000,7925,15.27,0.26,4,0
52704,3000,10.95,0.06,4,1
58750,6000,15.33,0.1,3,0
50700,7950,10.99,0.16,3,0
58800,5100,10.99,0.09,4,0
58800,25000,14.09,0.43,2,0
58896,9500,6.76,0.16,3,0
19200,8000,13.61,0.42,3,1
58900,6400,8.63,0.11,3,0
58951,3000,7.51,0.05,4,0
20000,8000,10.99,0.4,4,1
20000,8000,12.21,0.4,4,1
59000,6000,7.51,0.1,4,0
20000,8000,12.41,0.4,4,1
59000,3600,7.51,0.06,2,0
53000,6000,10.65,0.11,3,1
59000,6000,6.99,0.1,3,0
59000,10000,10.99,0.17,4,0
21000,8000,16.77,0.38,2,1
59000,13000,5.42,0.22,4,0
59000,2000,5.42,0.03,2,0
59000,7800,6.99,0.13,2,0
59000,15000,5.99,0.25,3,0
21600,8000,11.49,0.37,3,1
53000,5000,15.62,0.09,4,1
59000,9000,8.49,0.15,3,0
53000,14400,7.49,0.27,2,1
21996,8000,13.98,0.36,2,1
22100,8000,13.23,0.36,2,1
59000,13375,6.92,0.23,4,0
53000,25000,13.8,0.47,3,1
23000,8000,13.49,0.35,4,1
23000,8000,14.46,0.35,2,1
23400,8000,8.59,0.34,2,1
59000,20000,6.91,0.34,4,0
59000,8000,6.54,0.14,4,0
59000,5000,6.17,0.08,2,0
24000,8000,7.29,0.33,2,1
59000,5600,11.49,0.09,4,0
59000,25000,10.62,0.42,3,0
59000,3500,10.99,0.06,2,0
25000,8000,11.71,0.32,4,1
25000,8000,12.42,0.32,3,1
25000,8000,10.74,0.32,4,1
59000,21600,11.89,0.37,2,0
25000,8000,13.61,0.32,4,1
25000,8000,11.36,0.32,2,1
59000,500,9.76,0.01,2,0
59000,5100,8.32,0.09,3,0
59004,4000,6.99,0.07,3,0
25200,8000,12.73,0.32,4,1
59020,7000,10.0,0.12,2,0
26000,8000,11.99,0.31,4,1
26000,8000,12.87,0.31,4,1
27000,8000,8.9,0.3,4,0
27000,8000,11.11,0.3,4,0
27024,8000,8.49,0.3,3,0
27996,8000,17.58,0.29,4,1
59393,2400,12.69,0.04,4,0
59400,18500,12.73,0.31,2,0
59436,7500,6.76,0.13,3,0
28000,8000,14.65,0.29,4,0
59500,12000,6.62,0.2,3,0
59500,4200,10.59,0.07,2,0
59500,5100,10.37,0.09,4,0
28000,8000,7.51,0.29,4,0
28000,8000,10.99,0.29,2,1
28000,8000,7.74,0.29,4,0
28000,8000,12.84,0.29,4,0
59600,6000,5.42,0.1,3,0
59650,10000,13.61,0.17,2,0
28590,8000,15.65,0.28,2,0
59700,15000,10.99,0.25,4,0
59760,6000,9.99,0.1,2,0
53774,8600,19.42,0.16,2,1
28800,8000,11.49,0.28,2,0
59796,7000,9.63,0.12,2,0
59800,15000,15.96,0.25,3,0
28800,8000,13.72,0.28,2,0
53826,8500,14.79,0.16,3,1
59928,18000,6.91,0.3,3,0
53950,15000,16.63,0.28,2,1
28800,8000,9.88,0.28,2,0
30000,8000,12.42,0.27,2,0
30000,8000,9.91,0.27,2,1
30000,8000,13.49,0.27,2,0
30000,8000,5.42,0.27,4,0
54000,3600,12.69,0.07,4,1
30000,8000,12.99,0.27,2,0
60000,10000,11.71,0.17,4,0
60000,7200,13.49,0.12,2,0
30000,8000,10.74,0.27,3,0
30000,8000,10.0,0.27,3,0
30000,8000,9.25,0.27,2,0
30000,8000,12.61,0.27,4,0
60000,18000,7.9,0.3,3,0
60000,25850,7.9,0.43,4,0
30000,8000,13.61,0.27,3,0
30000,8000,13.98,0.27,2,0
60000,12000,7.51,0.2,3,0
30000,8000,14.26,0.27,2,0
30000,8000,12.53,0.27,2,0
30000,8000,12.87,0.27,4,0
30000,8000,12.18,0.27,2,0
60000,1200,13.49,0.02,4,0
60000,10000,6.03,0.17,3,0
60000,10000,6.03,0.17,3,0
30000,8000,9.32,0.27,4,0
60000,21000,11.71,0.35,4,0
30188,8000,14.65,0.27,2,0
30996,8000,11.49,0.26,2,0
60000,12000,15.27,0.2,4,0
60000,18000,13.49,0.3,4,0
31000,8000,14.27,0.26,3,1
60000,20000,12.69,0.33,2,0
31200,8000,11.49,0.26,2,0
31200,8000,11.49,0.26,4,0
31416,8000,12.61,0.25,4,0
54000,21200,12.42,0.39,2,1
60000,12000,10.65,0.2,2,0
60000,16000,14.27,0.27,4,0
32000,8000,10.62,0.25,3,0
60000,20000,7.9,0.33,4,0
32400,8000,7.9,0.25,2,0
60000,10000,6.03,0.17,4,0
54000,6300,14.65,0.12,2,1
33996,8000,10.51,0.24,3,1
34000,8000,9.91,0.24,4,0
60000,7000,7.9,0.12,4,0
60000,12000,7.9,0.2,3,0
60000,7000,11.71,0.12,2,0
29000,8000,12.42,0.28,2,1
60000,3000,8.9,0.05,4,0
60000,12000,10.65,0.2,2,0
60000,10000,8.9,0.17,4,0
60000,8000,7.51,0.13,2,0
35000,8000,14.27,0.23,3,0
35000,8000,6.03,0.23,2,0
60000,10000,16.77,0.17,3,0
60000,12000,16.77,0.2,4,0
35000,8000,7.29,0.23,2,0
60000,5000,6.03,0.08,3,0
60000,12000,7.9,0.2,3,0
60000,15000,7.9,0.25,3,0
29000,8000,18.3,0.28,2,1
29000,8000,12.73,0.28,3,1
60000,10000,7.9,0.17,4,0
35000,8000,12.41,0.23,3,0
60000,8000,16.77,0.13,2,0
60000,14000,7.9,0.23,2,0
60000,4000,12.69,0.07,2,0
35000,8000,9.2,0.23,3,0
60000,10000,8.9,0.17,2,0
29570,8000,14.42,0.27,4,1
60000,3950,10.65,0.07,2,0
60000,5000,7.9,0.08,2,0
60000,16000,7.9,0.27,2,0
36000,8000,7.51,0.22,2,0
30000,8000,11.11,0.27,3,1
60000,9000,9.91,0.15,3,0
60000,3000,10.65,0.05,2,0
30000,8000,16.45,0.27,2,1
60000,1500,12.42,0.03,2,0
36000,8000,15.33,0.22,2,0
60000,23275,12.42,0.39,3,0
60000,6000,9.91,0.1,4,0
60000,10000,11.71,0.17,2,0
60000,3000,7.51,0.05,4,0
60000,5000,15.27,0.08,2,0
36000,8000,11.48,0.22,4,0
60000,9600,6.03,0.16,3,0
60000,4000,7.9,0.07,3,0
36903,8000,12.21,0.22,2,0
30996,8000,7.14,0.26,4,1
60000,8650,7.51,0.14,2,0
37000,8000,8.94,0.22,2,0
60000,6000,8.9,0.1,4,0
60000,13250,7.9,0.22,3,0
60000,1200,6.03,0.02,3,0
31200,8000,14.3,0.26,3,1
37440,8000,14.18,0.21,2,0
37500,8000,14.26,0.21,4,0
37648,8000,7.29,0.21,2,0
60000,1000,10.99,0.02,2,0
60000,15000,16.49,0.25,2,0
54000,1500,5.42,0.03,3,1
60000,16800,11.99,0.28,3,0
37876,8000,9.63,0.21,2,0
60000,12000,5.99,0.2,3,0
60000,18000,12.99,0.3,2,0
60000,2500,15.99,0.04,3,0
60000,6750,10.99,0.11,4,0
60000,8400,16.89,0.14,3,0
38000,8000,10.65,0.21,3,0
60000,16000,7.49,0.27,3,0
38000,8000,12.69,0.21,4,0
38000,8000,11.49,0.21,2,0
60000,6900,9.99,0.12,3,0
60000,10000,11.49,0.17,2,0
60000,8000,6.99,0.13,4,0
60000,8850,6.99,0.15,3,0
54000,8500,5.42,0.16,3,1
38000,8000,6.17,0.21,2,0
38004,8000,11.36,0.21,3,0
38400,8000,7.88,0.21,4,0
32698,8000,18.43,0.24,3,1
60000,7000,12.99,0.12,4,0
39000,8000,6.62,0.21,2,0
60000,15000,8.49,0.25,3,0
54000,4000,15.62,0.07,3,1
60000,8000,13.49,0.13,2,0
54000,4800,11.49,0.09,2,1
60000,3500,9.99,0.06,2,0
39860,8000,11.11,0.2,3,0
39996,8000,7.14,0.2,4,0
60000,17000,7.49,0.28,2,0
60000,5200,5.99,0.09,2,0
33996,8000,10.95,0.24,3,1
40000,8000,12.42,0.2,2,0
60000,5000,9.99,0.08,2,0
40000,8000,7.9,0.2,4,0
60000,3600,5.99,0.06,3,0
40000,8000,12.99,0.2,2,0
60000,5600,7.49,0.09,3,0
34000,8000,16.49,0.24,3,1
40000,8000,11.49,0.2,3,0
60000,5600,10.99,0.09,2,0
40000,8000,9.63,0.2,2,0
54000,5200,13.99,0.1,3,1
40000,8000,9.63,0.2,3,0
40000,8000,6.17,0.2,2,0
40000,8000,11.36,0.2,4,0
60000,20000,7.49,0.33,3,0
40000,8000,10.25,0.2,4,0
60000,15000,16.89,0.25,2,0
40000,8000,12.18,0.2,4,0
60000,4000,5.42,0.07,2,0
40560,8000,7.66,0.2,2,0
60000,10000,16.49,0.17,3,0
60000,6000,5.42,0.1,3,0
41000,8000,10.99,0.2,4,0
35000,8000,19.79,0.23,4,1
60000,10425,8.49,0.17,4,0
35000,8000,15.31,0.23,2,1
60000,10000,5.99,0.17,2,0
60000,12500,11.49,0.21,2,0
60000,8500,10.59,0.14,3,0
41579,8000,13.92,0.19,3,0
54000,5000,15.62,0.09,4,1
41600,8000,10.59,0.19,4,0
60000,9600,12.99,0.16,2,0
60000,5000,12.99,0.08,2,0
36000,8000,7.51,0.22,2,1
60000,10000,5.99,0.17,2,0
60000,1800,8.49,0.03,4,0
36000,8000,12.12,0.22,4,1
54000,10000,16.89,0.19,2,1
42000,8000,5.99,0.19,2,0
60000,4000,5.99,0.07,4,0
60000,2800,10.99,0.05,4,0
36000,8000,15.28,0.22,3,1
60000,5000,5.99,0.08,4,0
60000,6000,6.62,0.1,3,0
60000,10000,5.42,0.17,4,0
42000,8000,9.25,0.19,3,0
36000,8000,12.73,0.22,2,1
60000,4800,7.49,0.08,3,0
60000,2000,15.23,0.03,2,0
36000,8000,14.96,0.22,2,1
42000,8000,12.84,0.19,4,0
36816,8000,10.65,0.22,4,1
42996,8000,11.11,0.19,2,0
43000,8000,10.37,0.19,4,0
60000,2500,6.99,0.04,3,0
60000,3000,5.99,0.05,4,0
60000,12000,9.99,0.2,2,0
43000,8000,12.87,0.19,3,0
43200,8000,5.99,0.19,3,0
60000,10000,5.42,0.17,2,0
43300,8000,7.29,0.18,4,0
43800,8000,17.93,0.18,3,0
60000,15000,7.49,0.25,4,0
44000,8000,13.8,0.18,3,0
44684,8000,12.04,0.18,2,0
60000,12000,13.99,0.2,3,0
54000,12000,17.49,0.22,4,1
45000,8000,18.25,0.18,2,0
60000,3200,5.42,0.05,4,0
39000,8000,16.49,0.21,3,1
60000,3800,5.42,0.06,3,0
45000,8000,10.38,0.18,3,0
60000,7875,7.66,0.13,3,0
45000,8000,15.33,0.18,4,0
39000,8000,11.36,0.21,3,1
45000,8000,12.73,0.18,4,0
60000,10950,11.11,0.18,3,0
60000,13000,7.29,0.22,2,0
60000,10000,6.92,0.17,4,0
60000,8800,10.37,0.15,4,0
60000,4000,7.66,0.07,2,0
45000,8000,12.84,0.18,3,0
45000,8000,13.47,0.18,4,0
39000,8000,11.34,0.21,2,1
45286,8000,7.29,0.18,4,0
45996,8000,7.51,0.17,3,0
60000,6500,5.79,0.11,4,0
46000,8000,6.17,0.17,2,0
60000,5000,7.29,0.08,2,0
60000,5000,6.92,0.08,4,0
60000,12000,7.29,0.2,3,0
60000,22000,13.06,0.37,3,0
40000,8000,9.88,0.2,2,1
60000,12500,6.92,0.21,2,0
46330,8000,10.65,0.17,4,0
46700,8000,15.65,0.17,3,0
41000,8000,9.91,0.2,4,1
47000,8000,10.0,0.17,4,0
47000,8000,12.18,0.17,4,0
60000,15000,10.37,0.25,4,0
60000,13000,14.17,0.22,3,0
60000,10000,10.37,0.17,4,0
60000,3050,7.29,0.05,3,0
60000,20000,10.74,0.33,4,0
60000,7800,7.29,0.13,2,0
47004,8000,12.53,0.17,4,0
42000,8000,16.29,0.19,4,1
48000,8000,8.49,0.17,2,0
48000,8000,12.99,0.17,3,0
60000,15850,11.11,0.26,3,0
60000,11200,5.79,0.19,4,0
48000,8000,10.59,0.17,4,0
48000,8000,12.99,0.17,4,0
60000,5000,7.29,0.08,4,0
60000,12000,10.0,0.2,3,0
48000,8000,7.51,0.17,4,0
48000,8000,14.35,0.17,2,0
42000,8000,15.58,0.19,2,1
60000,5500,10.74,0.09,2,0
48000,8000,13.11,0.17,4,0
48000,8000,9.96,0.17,3,0
48500,8000,15.96,0.16,3,0
60000,6125,6.17,0.1,3,0
48701,8000,11.48,0.16,4,0
49244,8000,8.0,0.16,3,0
49992,8000,15.95,0.16,2,0
44000,8000,16.29,0.18,3,1
50000,8000,15.96,0.16,3,0
50000,8000,12.42,0.16,2,0
50000,8000,14.27,0.16,4,0
50000,8000,6.62,0.16,3,0
50000,8000,6.62,0.16,3,0
60000,5000,6.54,0.08,4,0
50000,8000,7.9,0.16,4,0
44000,8000,13.49,0.18,2,1
60000,6500,6.17,0.11,3,0
60000,2000,12.61,0.03,2,0
60000,9000,6.91,0.15,3,0
50000,8000,7.49,0.16,4,0
50000,8000,9.99,0.16,2,0
60000,5000,5.79,0.08,3,0
44000,8000,15.21,0.18,2,1
60000,12000,9.62,0.2,4,0
60000,8000,12.23,0.13,3,0
60000,7800,9.99,0.13,2,0
60000,2000,6.54,0.03,3,0
50000,8000,13.85,0.16,3,0
60000,9700,8.88,0.16,3,0
50000,8000,12.18,0.16,4,0
60000,2000,10.36,0.03,2,0
50000,8000,7.74,0.16,4,0
60000,7000,6.54,0.12,3,0
50000,8000,13.16,0.16,2,0
44000,8000,12.92,0.18,4,1
60000,6000,6.91,0.1,4,0
60000,20000,6.54,0.33,3,0
60000,8000,5.79,0.13,2,0
50004,8000,12.73,0.16,4,0
50049,8000,12.99,0.16,3,0
50400,8000,15.62,0.16,2,0
60000,7000,9.62,0.12,3,0
60000,13000,6.91,0.22,2,0
60000,10000,10.36,0.17,4,0
51996,8000,10.37,0.15,2,0
52000,8000,10.99,0.15,4,0
52000,8000,7.51,0.15,4,0
52000,8000,10.25,0.15,4,0
52000,8000,13.22,0.15,2,0
46000,8000,14.42,0.17,2,1
60000,8700,15.58,0.14,4,0
52000,8000,11.78,0.15,3,0
46000,8000,11.86,0.17,3,1
60000,10000,11.49,0.17,4,0
60000,20000,7.88,0.33,2,0
60000,16000,7.88,0.27,4,0
46500,8000,15.23,0.17,2,1
52800,8000,12.87,0.15,3,0
53000,8000,12.23,0.15,3,0
53000,8000,14.26,0.15,4,0
60000,12000,7.88,0.2,2,0
60000,20000,11.12,0.33,3,0
53688,8000,5.42,0.15,4,0
54000,8000,10.99,0.15,4,0
48000,8000,15.58,0.17,2,1
54000,8000,7.88,0.15,3,0
60000,17500,7.88,0.29,4,0
54000,8000,8.07,0.15,4,0
54000,10000,16.45,0.19,3,1
54600,8000,7.51,0.15,2,0
54600,8000,13.8,0.15,4,0
48996,8000,14.96,0.16,2,1
60000,15000,15.21,0.25,3,0
54000,7500,15.58,0.14,2,1
55000,8000,10.65,0.15,2,0
54000,7750,10.38,0.14,4,1
55000,8000,11.71,0.15,3,0
55000,8000,5.42,0.15,4,0
54000,6000,13.98,0.11,3,1
60000,2000,11.12,0.03,4,0
60000,14000,7.51,0.23,2,0
60000,5900,11.12,0.1,2,0
55000,8000,13.8,0.15,2,0
55000,8000,9.25,0.15,2,0
60000,7000,13.61,0.12,3,0
60000,2400,13.61,0.04,4,0
49000,8000,6.91,0.16,2,1
55000,8000,13.11,0.15,3,0
60000,8000,7.14,0.13,2,0
60000,4000,6.39,0.07,4,0
60000,2600,11.49,0.04,4,0
49161,8000,13.17,0.16,4,1
56000,8000,5.99,0.14,2,0
60000,14000,11.12,0.23,2,0
50000,8000,16.02,0.16,3,1
60000,6000,10.38,0.1,2,0
56000,8000,10.0,0.14,3,0
56000,8000,7.51,0.14,3,0
54000,16000,7.51,0.3,2,1
60000,4000,11.86,0.07,2,0
60000,7000,7.14,0.12,2,0
60000,5000,7.88,0.08,4,0
60000,20000,7.88,0.33,4,0
57600,8000,7.66,0.14,2,0
57750,8000,7.49,0.14,3,0
57996,8000,7.14,0.14,2,0
60000,3000,14.59,0.05,3,0
60000,12000,10.99,0.2,2,0
60000,1400,14.22,0.02,3,0
52000,8000,13.99,0.15,2,1
58000,8000,10.37,0.14,4,0
52000,8000,15.58,0.15,3,1
60000,25000,10.99,0.42,3,0
58033,8000,10.62,0.14,2,0
60000,14000,7.88,0.23,2,0
60000,6000,10.62,0.1,4,0
54000,8000,9.91,0.15,2,1
60000,8000,13.49,0.13,3,0
60000,8000,10.0,0.13,4,0
60000,8000,5.42,0.13,2,0
60000,8000,9.63,0.13,3,0
60000,8000,11.86,0.13,4,0
60000,13000,7.88,0.22,4,0
60000,8000,13.61,0.13,4,0
60000,8000,14.72,0.13,2,0
54000,8000,11.49,0.15,4,1
60000,8000,10.25,0.13,3,0
60000,8000,7.88,0.13,2,0
54000,8000,13.48,0.15,3,1
60000,3000,6.76,0.05,4,0
54000,8400,14.59,0.16,2,1
60000,8000,14.59,0.13,3,0
60000,8000,8.94,0.13,3,0
60000,8000,11.14,0.13,3,0
60000,12000,11.36,0.2,3,0
60000,4000,7.14,0.07,3,0
60000,8000,11.26,0.13,3,0
60000,5000,7.14,0.08,2,0
60000,8000,12.21,0.13,4,0
60000,8000,11.14,0.13,3,0
60228,8000,12.98,0.13,2,0
60400,8000,9.25,0.13,4,0
54780,8000,10.65,0.15,4,1
60000,10750,7.88,0.18,3,0
54000,12000,12.73,0.22,4,1
61000,8000,13.22,0.13,2,0
55000,8000,15.31,0.15,4,1
55000,8000,14.61,0.15,2,1
60000,3250,12.73,0.05,4,0
60000,12500,13.11,0.21,2,0
61440,8000,10.36,0.13,4,0
55700,8000,13.49,0.14,4,1
61995,8000,9.99,0.13,4,0
46000,5200,17.27,0.11,4,1
54000,5000,14.96,0.09,2,1
54000,5200,11.71,0.1,2,0
54000,5200,10.37,0.1,3,1
60000,7000,7.14,0.12,3,0
62000,5200,15.96,0.08,4,0
54000,12000,13.48,0.22,2,1
60000,11500,7.88,0.19,2,0
65000,5200,9.99,0.08,3,0
15000,5175,12.18,0.34,2,1
21000,5175,12.53,0.25,2,1
60000,1200,13.85,0.02,2,0
54000,5125,5.99,0.09,4,1
60000,5000,13.48,0.08,2,0
60000,6000,13.11,0.1,4,0
60000,5125,11.86,0.09,3,0
28000,5100,11.89,0.18,4,0
60000,18500,15.33,0.31,2,0
60000,5500,10.99,0.09,2,0
32000,5100,8.38,0.16,3,0
35368,5100,12.99,0.14,2,0
37200,5100,7.49,0.14,4,0
60000,11500,7.88,0.19,2,0
45000,5100,10.0,0.11,4,0
60000,5000,11.83,0.08,4,0
60000,24250,15.31,0.4,2,0
53000,5100,7.9,0.1,2,0
56000,5100,8.0,0.09,4,0
60000,2450,11.48,0.04,2,0
60000,3000,19.13,0.05,2,0
33600,5075,5.79,0.15,2,0
60000,8000,12.53,0.13,2,0
34000,5050,16.89,0.15,4,1
66000,5050,11.49,0.08,2,0
60000,15000,11.83,0.25,4,0
60000,4500,7.4,0.07,3,0
74000,5050,5.42,0.07,3,0
40000,5025,13.43,0.13,2,0
60000,2000,7.4,0.03,2,0
60000,20000,12.18,0.33,4,0
60000,2000,14.26,0.03,3,0
14400,5000,13.72,0.35,4,1
14400,5000,6.91,0.35,3,1
60000,1200,7.4,0.02,4,0
60000,16000,13.57,0.27,4,0
60000,10200,13.92,0.17,4,0
60000,10000,13.22,0.17,4,0
60000,4000,12.18,0.07,2,0
54000,10000,14.61,0.19,4,1
15600,5000,5.99,0.32,3,1
60000,5000,14.61,0.08,3,0
60000,8000,16.0,0.13,2,0
15600,5000,10.75,0.32,3,1
60000,9500,12.53,0.16,2,0
16120,5000,11.58,0.31,3,1
60000,6000,8.94,0.1,4,0
16320,5000,12.53,0.31,2,1
60000,8000,15.65,0.13,3,0
60000,14000,8.94,0.23,2,0
60000,6000,11.83,0.1,2,0
16800,5000,14.22,0.3,4,1
54000,4000,11.14,0.07,3,1
54000,12000,12.53,0.22,4,1
17004,5000,6.54,0.29,2,1
17220,5000,10.37,0.29,3,1
60000,5000,11.14,0.08,3,0
17720,5000,9.62,0.28,4,1
60000,12900,11.14,0.21,4,0
18000,5000,8.59,0.28,4,1
18492,5000,12.92,0.27,3,1
60000,13200,13.16,0.22,2,0
18720,5000,16.32,0.27,3,1
19140,5000,8.49,0.26,4,1
60000,1800,12.21,0.03,2,0
19200,5000,10.99,0.26,3,1
60000,20000,12.21,0.33,3,0
19200,5000,9.62,0.26,2,1
19800,5000,13.49,0.25,4,1
60000,11500,11.26,0.19,2,0
60000,10000,14.42,0.17,4,0
60000,10000,9.63,0.17,2,0
60000,2800,9.32,0.05,4,0
60000,3000,13.79,0.05,2,0
60000,9000,13.79,0.15,2,0
20000,5000,11.86,0.25,4,0
20000,5000,10.39,0.25,2,0
54000,1500,14.42,0.03,2,1
60000,16750,12.53,0.28,2,0
60000,10000,8.0,0.17,4,0
20400,5000,12.42,0.25,2,0
54000,10000,9.63,0.19,2,1
21000,5000,6.99,0.24,3,0
21000,5000,6.91,0.24,4,0
54000,16000,16.32,0.3,3,1
21000,5000,8.63,0.24,2,0
21120,5000,11.71,0.24,2,1
21600,5000,17.58,0.23,3,1
60000,15000,11.89,0.25,2,0
21600,5000,9.99,0.23,4,0
60000,10000,12.21,0.17,3,0
21600,5000,13.06,0.23,4,1
21648,5000,6.99,0.23,3,0
54000,8000,11.89,0.15,2,1
60000,3000,13.16,0.05,2,0
60000,10000,11.26,0.17,3,0
22000,5000,15.7,0.23,3,0
60000,1000,9.63,0.02,3,0
22000,5000,16.32,0.23,3,1
60000,10000,10.83,0.17,4,0
22800,5000,13.85,0.22,2,0
22800,5000,13.57,0.22,4,0
22944,5000,11.11,0.22,3,0
22992,5000,13.06,0.22,3,1
23484,5000,7.49,0.21,2,0
24000,5000,14.27,0.21,2,1
60000,1600,11.66,0.03,4,0
24000,5000,8.9,0.21,2,0
24000,5000,7.51,0.21,2,0
24000,5000,6.62,0.21,4,0
24000,5000,16.49,0.21,4,0
54000,7500,11.03,0.14,3,1
60000,7500,8.0,0.13,2,0
60000,9900,9.76,0.17,3,0
60000,7500,11.66,0.13,2,0
60000,6000,9.45,0.1,2,0
24000,5000,6.92,0.21,4,0
60000,17000,9.45,0.28,4,0
60000,9800,7.75,0.16,3,0
60000,8000,8.07,0.13,4,0
24000,5000,12.98,0.21,2,0
24000,5000,12.61,0.21,3,0
24000,5000,10.75,0.21,3,0
24000,5000,10.62,0.21,4,0
24000,5000,11.48,0.21,4,0
24000,5000,8.94,0.21,3,0
24044,5000,8.9,0.21,3,0
60204,10000,7.49,0.17,4,0
24996,5000,16.45,0.2,4,1
25000,5000,12.69,0.2,3,0
60400,24000,6.54,0.4,3,0
60400,5500,8.0,0.09,2,0
54417,9525,11.66,0.18,3,1
25000,5000,10.99,0.2,4,0
60500,17000,12.42,0.28,2,0
60500,5000,14.27,0.08,3,0
25000,5000,6.91,0.2,3,0
54500,8000,17.49,0.15,4,1
25000,5000,7.14,0.2,2,0
60500,12000,8.94,0.2,3,0
25000,5000,10.62,0.2,3,0
60500,6000,7.68,0.1,4,0
25000,5000,8.94,0.2,2,1
60612,18000,13.72,0.3,3,0
25000,5000,12.86,0.2,2,1
60626,2500,6.92,0.04,3,0
60635,6800,13.49,0.11,2,0
60785,10625,13.99,0.17,2,0
26000,5000,11.99,0.19,2,0
60996,12000,12.21,0.2,4,0
26400,5000,7.9,0.19,4,0
26400,5000,13.49,0.19,2,0
61000,15000,14.65,0.25,3,0
26400,5000,15.99,0.19,3,0
61000,12000,13.49,0.2,2,0
27000,5000,5.42,0.19,3,0
55000,9000,16.77,0.16,2,1
61000,12000,11.71,0.2,2,0
27000,5000,16.77,0.19,2,1
61000,2100,6.62,0.03,3,0
55000,6000,11.99,0.11,2,1
27000,5000,9.32,0.19,2,0
27000,5000,10.08,0.19,2,0
27096,5000,7.9,0.18,2,1
61000,8000,11.49,0.13,2,0
61000,18400,19.29,0.3,2,0
61000,12000,10.99,0.2,3,0
61000,12000,7.49,0.2,2,0
61000,8000,7.49,0.13,2,0
27264,5000,13.11,0.18,3,0
61000,3000,15.62,0.05,3,0
61000,10000,6.99,0.16,2,0
27360,5000,7.51,0.18,2,0
27500,5000,15.07,0.18,4,1
61000,4200,7.29,0.07,4,0
61000,12000,7.29,0.2,3,0
62000,8000,5.42,0.13,3,0
61000,10000,15.65,0.16,3,0
61000,7000,5.79,0.11,4,0
61000,8000,5.79,0.13,4,0
62000,8000,12.99,0.13,4,0
55000,10000,7.51,0.18,3,1
61000,18200,7.51,0.3,4,0
62000,8000,12.68,0.13,4,0
55000,10000,15.33,0.18,2,1
61000,15000,9.88,0.25,2,0
55000,7000,7.14,0.13,3,1
61000,7500,10.25,0.12,4,0
62000,8000,11.14,0.13,4,0
61000,21000,14.26,0.34,4,0
56400,8000,14.96,0.14,2,1
61000,19200,11.48,0.31,3,0
63000,8000,12.53,0.13,2,0
63900,8000,6.03,0.13,2,0
64000,8000,7.9,0.13,2,0
61080,25000,10.59,0.41,3,0
64000,8000,10.0,0.13,2,0
61147,17000,6.03,0.28,4,0
65000,8000,6.62,0.12,4,0
61193,6400,8.59,0.1,3,0
65000,8000,12.69,0.12,3,0
65000,8000,10.59,0.12,2,0
65000,8000,6.92,0.12,4,0
65000,8000,9.63,0.12,3,0
61200,5650,7.66,0.09,4,0
61200,5200,5.42,0.08,4,0
65000,8000,6.54,0.12,4,0
61200,10000,7.88,0.16,3,0
55200,15250,15.68,0.28,2,1
55200,6000,14.42,0.11,2,1
61200,1500,12.84,0.02,2,0
61200,5100,10.51,0.08,2,0
55200,9600,10.78,0.17,4,1
65000,8000,14.72,0.12,2,0
65000,8000,9.32,0.12,3,0
61289,2000,11.49,0.03,4,0
61300,9000,16.49,0.15,3,0
61300,13000,9.63,0.21,3,0
61360,6125,8.59,0.1,4,0
65004,8000,8.49,0.12,2,0
55400,5000,14.27,0.09,4,1
55400,5500,14.61,0.1,2,1
61402,10800,9.99,0.18,2,0
65500,8000,12.84,0.12,2,0
61498,5000,11.36,0.08,2,0
67000,8000,7.14,0.12,2,0
61500,3200,11.49,0.05,2,0
61547,24250,14.96,0.39,3,0
61615,13000,10.62,0.21,4,0
61650,6500,6.03,0.11,4,0
70000,8000,15.96,0.11,3,0
61717,3200,7.68,0.05,4,0
61781,17800,10.25,0.29,3,0
70000,8000,11.71,0.11,3,0
61800,1500,6.54,0.02,2,0
61800,4000,7.75,0.06,4,0
70000,8000,7.9,0.11,4,0
70000,8000,15.96,0.11,3,0
70000,8000,6.99,0.11,2,0
70000,8000,11.99,0.11,4,0
64000,8000,15.28,0.13,4,1
70000,8000,16.02,0.11,2,0
62000,12000,7.9,0.19,2,0
70000,8000,7.66,0.11,4,0
62000,4000,8.9,0.06,2,0
64000,8000,14.84,0.13,2,1
70000,8000,14.72,0.11,3,0
70000,8000,14.26,0.11,4,0
62000,8400,6.62,0.14,4,0
71000,8000,13.49,0.11,4,0
62000,1800,11.71,0.03,3,0
62000,13000,15.27,0.21,2,0
72000,8000,7.9,0.11,4,0
72000,8000,7.9,0.11,4,0
62000,15075,6.03,0.24,2,0
66000,8000,14.65,0.12,4,1
62000,5875,6.03,0.09,2,0
72000,8000,7.9,0.11,4,0
62000,6000,7.51,0.1,2,0
62000,2000,6.03,0.03,3,0
62000,10000,7.9,0.16,3,0
62000,5000,6.03,0.08,4,0
62000,10000,13.99,0.16,4,0
62000,12000,5.42,0.19,2,0
72000,8000,10.0,0.11,3,0
62000,8500,10.99,0.14,2,0
74000,8000,15.62,0.11,2,0
74000,8000,13.92,0.11,3,0
62000,5000,5.42,0.08,3,0
75000,8000,7.9,0.11,4,0
62000,10000,7.49,0.16,3,0
75000,8000,5.99,0.11,3,0
75000,8000,10.74,0.11,3,0
62000,3000,12.99,0.05,2,0
75000,8000,13.79,0.11,3,0
75000,8000,15.37,0.11,3,0
62000,10000,5.99,0.16,4,0
69000,8000,13.99,0.12,2,1
75638,8000,5.99,0.11,4,0
76000,8000,13.11,0.11,3,0
76460,8000,6.03,0.1,3,0
77000,8000,7.51,0.1,3,0
62000,9000,10.0,0.15,2,0
78000,8000,13.79,0.1,4,0
62000,10000,13.43,0.16,2,0
56000,8000,14.54,0.14,2,1
79000,8000,11.49,0.1,2,0
80000,8000,7.9,0.1,3,0
62000,10000,10.74,0.16,2,0
62000,7750,10.0,0.13,2,0
80000,8000,18.39,0.1,3,0
80000,8000,5.99,0.1,2,0
74000,8000,7.29,0.11,3,1
62000,18000,14.46,0.29,3,0
62000,1500,6.91,0.02,2,0
80000,8000,12.73,0.1,3,0
62000,17000,6.91,0.27,3,0
81600,8000,12.84,0.1,2,0
82000,8000,10.99,0.1,3,0
62000,10000,7.88,0.16,2,0
76000,8000,13.48,0.11,4,1
56000,2000,11.49,0.04,3,1
62000,4000,6.76,0.06,4,0
62000,20000,10.38,0.32,4,0
62000,2100,11.86,0.03,2,0
56000,10000,14.35,0.18,4,1
66300,8000,18.39,0.1,4,1
84996,8000,13.92,0.09,3,0
62000,6000,7.88,0.1,4,0
85000,8000,13.06,0.09,2,0
62000,10000,7.88,0.16,3,0
62000,11200,7.88,0.18,4,0
56000,18000,10.25,0.32,2,1
86004,8000,13.92,0.09,2,0
86502,8000,10.36,0.09,3,0
62000,5000,8.59,0.08,4,0
87000,8000,10.37,0.09,2,0
62000,3500,13.57,0.06,4,0
62000,10000,12.18,0.16,2,0
62000,6000,13.92,0.1,4,0
62000,5000,13.57,0.08,3,0
76500,8000,14.26,0.1,4,1
90000,8000,14.27,0.09,3,0
62000,20000,16.7,0.32,2,0
90000,8000,7.49,0.09,3,0
62000,6500,10.95,0.1,3,0
62000,10000,11.58,0.16,2,0
90000,8000,6.92,0.09,3,0
90000,8000,13.35,0.09,3,0
56000,15000,16.0,0.27,4,1
91000,8000,6.92,0.09,4,0
91000,8000,11.86,0.09,3,0
92004,8000,11.49,0.09,4,0
62000,7500,13.87,0.12,3,0
62000,6400,10.08,0.1,2,0
62000,8000,10.08,0.13,3,0
62000,9600,9.2,0.15,2,0
95000,8000,15.23,0.08,4,0
95000,8000,10.99,0.08,3,0
95000,8000,13.8,0.08,3,0
95000,8000,10.36,0.08,3,0
62000,3000,8.7,0.05,3,0
95004,8000,12.61,0.08,4,0
84000,8000,12.61,0.1,4,1
56004,8000,11.71,0.14,3,1
84000,8000,16.45,0.1,2,1
96500,8000,13.61,0.08,3,0
56004,6000,10.0,0.11,3,1
97000,8000,15.31,0.08,3,0
62004,4000,9.99,0.06,2,0
99996,8000,16.32,0.08,3,0
99996,8000,7.14,0.08,4,0
56004,15000,11.26,0.27,2,1
62004,9600,10.95,0.15,3,0
100000,8000,6.54,0.08,3,0
62004,15000,13.47,0.24,4,0
62004,3600,7.37,0.06,2,0
62004,10000,9.07,0.16,4,0
89000,8000,14.74,0.09,3,1
62100,9600,11.71,0.15,4,0
105000,8000,7.51,0.08,3,0
62100,1600,12.61,0.03,4,0
62100,6000,12.53,0.1,2,0
81600,8000,16.29,0.08,3,1
108000,8000,9.88,0.07,4,0
62200,18000,16.63,0.29,3,0
110000,8000,5.99,0.07,3,0
115000,8000,11.71,0.07,4,0
56208,12000,16.29,0.21,2,1
116664,8000,16.49,0.07,3,0
62236,5000,9.99,0.08,4,0
108000,8000,16.29,0.07,2,1
108000,8000,16.77,0.07,3,1
62316,10000,7.66,0.16,4,0
62361,21650,12.69,0.35,4,0
120000,8000,14.61,0.07,4,0
123000,8000,12.53,0.07,3,0
62400,15000,17.58,0.24,4,0
125000,8000,9.63,0.06,3,0
126000,8000,13.23,0.06,3,0
62400,7200,8.9,0.12,4,0
62400,4000,8.9,0.06,4,0
130000,8000,11.99,0.06,3,0
62400,7000,13.06,0.11,4,0
56400,8400,14.91,0.15,2,1
56400,25000,16.4,0.44,3,1
131400,8000,15.99,0.06,2,1
62400,9500,6.54,0.15,2,0
62400,2400,14.46,0.04,2,0
62400,12600,13.85,0.2,2,0
62400,12500,14.96,0.2,3,0
62400,2000,10.99,0.03,4,0
183700,8000,15.62,0.04,4,1
30000,8050,12.69,0.27,2,1
48000,8050,10.0,0.17,2,0
50000,8075,6.17,0.16,2,0
54000,8075,13.06,0.15,3,0
62471,12000,6.91,0.19,2,0
78000,8100,7.29,0.1,2,0
25000,8125,7.9,0.33,3,1
62496,8000,7.51,0.13,2,0
30000,8125,12.68,0.27,3,0
62496,5000,12.53,0.08,3,0
62500,13200,7.9,0.21,3,0
62500,23525,7.9,0.38,3,0
56000,8150,12.87,0.15,4,0
60500,8150,17.27,0.13,3,1
62500,8000,11.49,0.13,2,0
62500,10000,5.99,0.16,3,0
34000,8200,12.21,0.24,4,0
62500,6000,5.79,0.1,2,0
40000,8200,6.62,0.2,4,0
40944,8200,11.36,0.2,2,0
55000,8200,13.11,0.15,3,0
62500,16000,10.38,0.26,3,0
150000,8200,6.99,0.05,3,0
25200,8250,7.49,0.33,4,1
30000,8250,7.51,0.28,4,0
62500,9600,13.22,0.15,3,0
62500,6500,13.22,0.1,2,0
62500,15000,6.0,0.24,3,0
62500,4000,7.43,0.06,3,0
62510,12000,10.74,0.19,4,0
62589,7000,13.35,0.11,2,0
70000,8250,13.61,0.12,4,1
62677,6000,10.2,0.1,2,0
26000,8300,9.99,0.32,4,1
30000,8300,8.9,0.28,3,1
45020,8300,10.99,0.18,4,0
50000,8300,8.9,0.17,4,0
83000,8300,7.88,0.1,2,0
62892,9600,11.03,0.15,4,0
62916,15000,11.49,0.24,4,0
56920,10000,14.59,0.18,2,1
56972,15000,16.4,0.26,4,1
63000,14000,12.42,0.22,2,0
31200,8325,13.49,0.27,3,0
77100,8350,6.99,0.11,3,0
30000,8400,6.03,0.28,3,0
63000,20000,7.9,0.32,2,0
63000,6000,9.91,0.1,4,0
31200,8400,13.23,0.27,3,0
32000,8400,16.77,0.26,4,1
63000,20000,8.49,0.32,4,0
32000,8400,11.49,0.26,4,0
63000,20000,11.49,0.32,3,0
63000,10000,10.59,0.16,2,0
63000,7300,7.49,0.12,2,0
63000,10000,10.59,0.16,2,0
63000,20000,9.99,0.32,2,0
35000,8400,12.87,0.24,4,0
63000,9700,5.99,0.15,4,0
63000,11200,10.99,0.18,4,0
35960,8400,11.49,0.23,3,0
36000,8400,18.64,0.23,4,0
63000,10800,5.99,0.17,2,0
36100,8400,11.26,0.23,4,0
63000,6800,7.66,0.11,4,0
41000,8400,8.94,0.2,2,0
63000,8400,7.29,0.13,4,0
63000,12000,7.66,0.19,3,0
63000,10000,6.91,0.16,2,0
35500,8400,17.27,0.24,4,1
63000,4500,5.42,0.07,2,0
42000,8400,14.35,0.2,4,0
63000,10000,9.25,0.16,3,0
63000,3700,5.42,0.06,4,0
63000,25000,11.49,0.4,2,0
63000,6300,11.49,0.1,4,0
45000,8400,7.9,0.19,3,0
39000,8400,13.79,0.22,2,1
47000,8400,11.83,0.18,4,0
63000,8400,12.73,0.13,4,0
48000,8400,11.12,0.17,2,0
50000,8400,14.72,0.17,3,0
63000,8950,10.99,0.14,4,0
50000,8400,13.22,0.17,3,0
44000,8400,14.5,0.19,3,1
51300,8400,11.99,0.16,3,0
51420,8400,11.97,0.16,3,0
51996,8400,13.99,0.16,2,0
63000,17600,8.94,0.28,4,0
52000,8400,6.17,0.16,3,0
46500,8400,16.89,0.18,3,1
63000,10000,8.94,0.16,4,0
63000,20000,19.13,0.32,3,0
49000,8400,18.25,0.17,4,1
55000,8400,13.72,0.15,3,0
55000,8400,7.88,0.15,2,0
63000,3000,13.47,0.05,2,0
55000,8400,8.94,0.15,3,0
63000,3500,7.68,0.06,4,0
56000,8400,10.99,0.15,2,0
63000,11400,13.79,0.18,4,0
63000,14100,8.0,0.22,2,0
63000,15000,13.47,0.24,4,0
60000,8400,13.99,0.14,3,0
60000,8400,7.49,0.14,3,0
63000,24000,11.46,0.38,4,0
60000,8400,7.29,0.14,2,0
57000,6500,13.04,0.11,4,1
63000,25000,13.87,0.4,2,0
60000,8400,6.17,0.14,3,0
63000,3800,12.04,0.06,4,0
63096,4200,5.99,0.07,3,0
62000,8400,13.47,0.14,2,0
63132,10000,6.03,0.16,3,0
63150,12000,9.91,0.19,2,0
62004,8400,15.62,0.14,4,0
63180,5825,13.43,0.09,2,0
63189,8000,10.74,0.13,2,0
63200,27250,8.9,0.43,4,0
63200,4800,12.53,0.08,4,0
65004,8400,7.51,0.13,3,0
61000,8400,14.84,0.14,2,1
68000,8400,7.88,0.12,3,0
68926,8400,17.27,0.12,2,0
63300,17600,12.53,0.28,4,0
63400,10500,9.99,0.17,2,0
63400,20000,9.62,0.32,3,0
73500,8400,6.54,0.11,4,0
75000,8400,12.69,0.11,4,0
78600,8400,13.48,0.11,3,0
100000,8400,13.06,0.08,4,0
100300,8400,14.84,0.07,2,1
140000,8400,12.53,0.06,2,0
63554,2500,7.51,0.04,2,0
63600,2475,5.79,0.04,3,0
63600,4000,6.76,0.06,2,0
57655,9925,15.58,0.17,2,1
63720,12500,7.51,0.2,3,0
63800,25000,11.36,0.39,4,0
42000,8550,11.99,0.2,2,0
36000,8550,10.25,0.24,2,1
66000,8550,7.88,0.13,4,0
63834,17000,11.12,0.27,3,0
32000,8575,15.62,0.27,2,1
63996,4000,5.42,0.06,4,0
63996,6000,10.75,0.09,3,0
63996,3250,7.88,0.05,4,0
55000,8575,14.65,0.16,3,0
63996,14400,9.63,0.23,4,0
64000,5000,6.62,0.08,2,0
30500,8600,14.96,0.28,4,1
40000,8600,7.66,0.21,2,0
64000,12000,11.71,0.19,3,0
64000,12000,16.77,0.19,2,0
95000,8600,8.59,0.09,2,0
64000,6625,6.62,0.1,2,0
60626,8625,7.9,0.14,4,0
69000,8650,11.49,0.13,3,0
42000,8675,15.99,0.21,2,0
28000,8700,6.03,0.31,2,1
64000,2100,6.03,0.03,2,0
64000,5200,7.9,0.08,3,0
64000,9000,5.99,0.14,2,0
64000,6000,10.99,0.09,3,0
64000,8000,10.99,0.13,2,0
64000,15000,17.49,0.23,4,0
64000,9600,8.49,0.15,3,0
29004,8725,12.18,0.3,2,0
64000,4000,10.0,0.06,2,0
64000,5550,7.29,0.09,4,0
64000,10000,7.66,0.16,3,0
150000,8750,7.74,0.06,4,0
64000,13225,10.37,0.21,3,0
64000,5000,7.29,0.08,2,0
64000,1200,10.74,0.02,4,0
64000,7000,10.38,0.11,4,0
64000,15000,10.38,0.23,3,0
46104,8775,7.29,0.19,2,0
64000,15000,13.23,0.23,3,0
64000,14000,13.23,0.22,3,0
64000,5500,7.14,0.09,3,0
21600,9000,9.83,0.42,4,1
25000,9000,11.49,0.36,2,1
64000,25000,11.83,0.39,4,0
64000,12000,8.59,0.19,3,0
25000,9000,11.48,0.36,2,1
25600,9000,8.9,0.35,4,1
25920,9000,10.59,0.35,2,1
26000,9000,12.73,0.35,4,1
64000,8000,14.96,0.13,2,0
26400,9000,11.49,0.34,3,1
64000,4800,12.21,0.07,4,0
64000,2000,9.32,0.03,4,0
26785,9000,7.9,0.34,4,1
58000,25000,13.55,0.43,4,1
58000,7200,11.97,0.12,3,1
26976,9000,7.51,0.33,4,1
27600,9000,13.98,0.33,3,1
28800,9000,10.99,0.31,2,1
30000,9000,13.49,0.3,4,1
30000,9000,17.58,0.3,4,1
30000,9000,12.99,0.3,2,0
30000,9000,5.99,0.3,2,1
64212,9600,14.27,0.15,2,0
64260,9200,13.43,0.14,3,0
64260,4500,8.94,0.07,2,0
64312,5000,14.91,0.08,4,0
30000,9000,14.61,0.3,4,1
31200,9000,10.38,0.29,4,0
64500,7000,10.99,0.11,2,0
64500,1200,14.72,0.02,2,0
64500,12000,13.48,0.19,4,0
64500,10000,12.18,0.16,4,0
64500,15000,11.83,0.23,2,0
33000,9000,12.69,0.27,3,0
33000,9000,11.99,0.27,4,0
33000,9000,5.79,0.27,3,0
33000,9000,7.14,0.27,2,0
33600,9000,11.86,0.27,4,1
34000,9000,11.83,0.26,4,0
64656,14500,10.99,0.22,4,0
34000,9000,13.16,0.26,3,0
34320,9000,6.62,0.26,2,1
29000,9000,11.71,0.31,2,1
64800,4500,10.65,0.07,2,0
35000,9000,8.94,0.26,3,0
64800,2000,11.99,0.03,4,0
64800,4000,13.99,0.06,2,0
36000,9000,9.99,0.25,2,0
64800,11000,5.79,0.17,3,0
36000,9000,11.11,0.25,3,0
64800,2400,13.23,0.04,2,0
58800,23500,15.33,0.4,2,1
30000,9000,15.58,0.3,3,1
64956,7500,13.47,0.12,3,0
64992,4000,9.63,0.06,4,0
64999,15000,10.99,0.23,2,0
64999,10000,13.98,0.15,3,0
64999,2500,14.61,0.04,2,0
65000,3000,18.25,0.05,4,0
30000,9000,15.65,0.3,4,1
36000,9000,10.78,0.25,4,0
65000,10500,6.03,0.16,4,0
36120,9000,10.39,0.25,2,0
59000,3000,16.29,0.05,3,1
37000,9000,7.14,0.24,2,0
65000,10000,6.62,0.15,3,0
37500,9000,9.63,0.24,4,0
65000,12000,12.69,0.18,4,0
65000,8200,6.62,0.13,4,0
65000,12000,7.9,0.18,4,0
65000,6000,10.65,0.09,2,0
65000,10200,7.9,0.16,3,0
38400,9000,7.9,0.23,2,0
38500,9000,10.83,0.23,2,0
39600,9000,11.99,0.23,3,0
33996,9000,16.0,0.26,2,1
65000,17000,9.91,0.26,2,0
40000,9000,11.99,0.23,4,0
40000,9000,10.59,0.23,4,0
65000,12000,9.91,0.18,3,0
40000,9000,7.49,0.23,3,0
40000,9000,12.61,0.23,2,0
34000,9000,17.06,0.26,4,1
65000,6300,11.71,0.1,2,0
65000,7200,8.9,0.11,2,0
40000,9000,12.53,0.23,2,0
65000,12000,7.9,0.18,2,0
65000,12000,7.9,0.18,3,0
65000,6000,6.03,0.09,3,0
35500,9000,15.99,0.25,2,1
65000,6600,10.65,0.1,2,0
65000,7200,17.58,0.11,4,0
59000,5000,6.03,0.08,2,1
65000,5000,7.51,0.08,2,0
65000,10000,6.03,0.15,3,0
42000,9000,8.49,0.21,4,0
65000,8000,12.69,0.12,2,0
65000,2200,12.42,0.03,3,0
42000,9000,7.51,0.21,4,0
65000,7425,6.03,0.11,4,0
36140,9000,8.94,0.25,2,1
42600,9000,14.96,0.21,2,0
42900,9000,6.76,0.21,4,0
65000,4200,15.27,0.06,2,0
65000,8000,17.27,0.12,3,0
43000,9000,13.85,0.21,4,0
43200,9000,14.54,0.21,4,0
65000,7000,7.9,0.11,4,0
43200,9000,6.17,0.21,3,0
65000,3300,7.51,0.05,4,0
44000,9000,10.99,0.2,2,0
44000,9000,7.29,0.2,3,0
44000,9000,8.94,0.2,3,0
44640,9000,10.65,0.2,4,0
45000,9000,10.65,0.2,2,0
65000,10000,12.99,0.15,2,0
45000,9000,7.9,0.2,3,0
45000,9000,5.99,0.2,3,0
45000,9000,8.49,0.2,3,0
45000,9000,14.26,0.2,3,0
65000,12800,5.99,0.2,4,0
65000,7000,8.49,0.11,4,0
65000,4800,13.49,0.07,2,0
45000,9000,11.48,0.2,4,0
59000,8000,15.99,0.14,2,1
45000,9000,10.39,0.2,2,0
45004,9000,14.35,0.2,4,0
65000,5000,5.42,0.08,4,0
39512,9000,15.23,0.23,4,1
65000,4000,11.49,0.06,4,0
65000,4400,16.89,0.07,2,0
65000,16500,7.49,0.25,3,0
65000,3600,7.49,0.06,3,0
45888,9000,5.79,0.2,3,0
46000,9000,7.14,0.2,3,0
46000,9000,13.22,0.2,3,0
46200,9000,9.99,0.19,3,0
46704,9000,11.49,0.19,4,0
47000,9000,7.51,0.19,3,0
47840,9000,12.53,0.19,4,0
65000,18000,9.99,0.28,4,0
48000,9000,7.88,0.19,2,0
65000,7000,11.49,0.11,4,0
65000,20500,6.99,0.32,2,0
48000,9000,8.94,0.19,3,0
48000,9000,13.79,0.19,2,0
49500,9000,14.35,0.18,4,0
65000,9600,11.99,0.15,3,0
50000,9000,12.69,0.18,3,0
65000,12000,7.49,0.18,4,0
65000,6000,10.99,0.09,2,0
65000,8000,6.99,0.12,3,0
65000,4800,9.99,0.07,2,0
50000,9000,12.18,0.18,4,0
50004,9000,6.17,0.18,4,0
50200,9000,7.66,0.18,3,0
50760,9000,8.94,0.18,2,0
65000,14000,8.49,0.22,3,0
65000,1200,10.99,0.02,2,0
65000,8000,10.99,0.12,3,0
51000,9000,10.99,0.18,2,0
51000,9000,5.79,0.18,3,0
51000,9000,15.33,0.18,4,0
65000,8500,15.23,0.13,3,0
51400,9000,13.61,0.18,2,0
65000,7000,6.99,0.11,4,0
65000,12000,10.99,0.18,4,0
51840,9000,8.0,0.17,4,0
52000,9000,12.69,0.17,2,0
65000,8000,5.99,0.12,2,0
52000,9000,10.65,0.17,3,0
65000,8000,6.99,0.12,3,0
65000,14400,9.99,0.22,3,0
65000,5400,8.9,0.08,3,0
65000,10000,7.49,0.15,2,0
65000,13600,15.62,0.21,2,0
52000,9000,11.83,0.17,4,0
52000,9000,14.11,0.17,3,0
65000,1525,5.42,0.02,3,0
52800,9000,7.9,0.17,2,0
52800,9000,7.49,0.17,4,0
53000,9000,12.09,0.17,3,0
53664,9000,12.21,0.17,4,0
65000,7000,8.49,0.11,3,0
65000,6000,6.99,0.09,2,0
54000,9000,15.96,0.17,3,0
65000,4000,5.42,0.06,3,0
65000,10000,11.99,0.15,4,0
65000,11500,7.49,0.18,4,0
48000,9000,15.05,0.19,3,1
65000,2000,5.42,0.03,3,0
59000,4900,15.62,0.08,4,1
55000,9000,10.99,0.16,4,0
55000,9000,11.11,0.16,2,0
59000,5000,9.99,0.08,2,1
65000,5500,5.79,0.08,3,0
65000,10000,7.29,0.15,3,0
65000,10000,5.79,0.15,2,0
55000,9000,14.72,0.16,2,0
65000,10800,10.0,0.17,4,0
45000,9050,7.29,0.2,3,0
38400,9100,15.37,0.24,2,0
43200,9100,13.24,0.21,2,1
57500,9100,11.49,0.16,4,0
65000,5000,7.29,0.08,4,0
30000,9150,10.59,0.3,2,0
65000,9000,7.29,0.14,4,0
22800,9200,9.88,0.4,2,1
65000,10000,7.66,0.15,4,0
65000,10000,11.11,0.15,3,0
29000,9200,7.49,0.32,3,1
30000,9200,6.62,0.31,3,1
65000,6000,5.42,0.09,3,0
43000,9200,8.94,0.21,2,0
65000,9600,14.17,0.15,4,0
50000,9200,6.92,0.18,4,0
50000,9200,15.68,0.18,2,0
65000,13750,9.62,0.21,3,0
65000,20000,14.09,0.31,3,0
65000,7300,9.99,0.11,3,0
62000,9200,12.98,0.15,3,0
66000,9200,11.86,0.14,2,0
77385,9200,6.03,0.12,3,0
65000,3000,10.36,0.05,3,0
59000,3600,12.98,0.06,3,1
59000,25000,9.99,0.42,4,1
82000,9200,6.03,0.11,3,0
63000,9225,5.99,0.15,4,0
65000,12000,6.17,0.18,4,0
65000,12000,12.61,0.18,4,0
24000,9250,6.54,0.39,3,1
24000,9250,8.94,0.39,2,1
24996,9250,8.59,0.37,4,1
25000,9250,10.75,0.37,3,1
25716,9250,6.54,0.36,3,1
65000,5000,5.79,0.08,4,0
65000,10000,13.35,0.15,4,0
65000,2000,9.62,0.03,3,0
65000,9000,7.88,0.14,3,0
27120,9250,13.11,0.34,4,1
65000,8400,11.86,0.13,4,0
65000,3500,6.76,0.05,4,0
65000,6250,6.76,0.1,2,0
27456,9250,12.87,0.34,3,1
65000,10000,13.98,0.15,4,0
65000,10000,10.75,0.15,4,0
65000,7000,14.72,0.11,3,0
65000,15000,11.12,0.23,4,0
28800,9250,14.35,0.32,3,1
65000,7000,13.61,0.11,3,0
28800,9250,13.57,0.32,3,1
65000,13000,10.38,0.2,2,0
65000,13000,14.35,0.2,4,0
31000,9250,14.11,0.3,4,1
32400,9250,14.46,0.29,4,1
36707,9250,16.32,0.25,4,0
65000,11000,11.49,0.17,2,0
39000,9250,9.91,0.24,4,0
65000,14400,7.51,0.22,3,0
65000,5500,7.88,0.08,3,0
40000,9250,16.07,0.23,2,0
65000,10950,7.88,0.17,2,0
65000,3800,11.12,0.06,4,0
65000,22000,17.19,0.34,2,0
59000,9800,11.49,0.17,4,1
65000,15000,11.86,0.23,3,0
65000,8700,7.88,0.13,3,0
65000,10000,7.88,0.15,2,0
70522,9325,10.91,0.13,3,0
65000,7000,7.14,0.11,3,0
50000,9350,7.49,0.19,3,0
65000,8000,7.51,0.12,4,0
30000,9375,11.71,0.31,2,1
65000,8100,13.11,0.12,4,0
59000,20000,11.36,0.34,2,1
59000,20000,13.48,0.34,3,1
65000,2500,6.39,0.04,3,0
45500,9400,9.91,0.21,2,0
44000,9400,16.32,0.21,3,1
65000,6000,11.36,0.09,4,0
65000,6000,11.36,0.09,2,0
65000,3000,12.73,0.05,3,0
50400,9400,9.99,0.19,4,0
45000,9425,13.49,0.21,2,0
65000,4400,11.36,0.07,4,0
25000,9450,6.62,0.38,4,1
65000,8000,7.14,0.12,4,0
26000,9450,16.77,0.36,2,1
65000,8500,7.51,0.13,2,0
33600,9450,7.66,0.28,2,1
65000,14000,15.31,0.22,4,0
34200,9450,15.62,0.28,3,1
65000,7000,13.92,0.11,3,0
65000,3000,13.92,0.05,4,0
65000,6000,11.48,0.09,4,0
65000,7500,8.59,0.12,3,0
27000,9500,15.33,0.35,3,1
28000,9500,5.99,0.34,3,1
28000,9500,8.94,0.34,4,1
30000,9500,13.92,0.32,2,1
32000,9500,13.57,0.3,3,0
65000,20000,12.18,0.31,4,0
37157,9500,10.99,0.26,2,0
65000,10000,8.59,0.15,3,0
59000,12000,17.74,0.2,2,1
65000,17000,8.94,0.26,2,0
41000,9500,7.88,0.23,2,0
44064,9500,11.26,0.22,2,0
46500,9500,6.76,0.2,3,0
40574,9500,14.74,0.23,4,1
47000,9500,12.87,0.2,4,0
65000,15000,11.48,0.23,4,0
65000,5000,15.37,0.08,4,0
48602,9500,12.73,0.2,4,0
59000,6800,12.53,0.12,4,1
65000,1500,9.32,0.02,2,0
50000,9500,6.99,0.19,2,0
52500,9500,14.79,0.18,3,0
54000,9500,14.65,0.18,2,0
54011,9500,16.29,0.18,2,0
55000,9500,9.63,0.17,4,0
65000,15000,10.95,0.23,3,0
65000,7500,13.47,0.12,4,0
56400,9500,8.9,0.17,4,0
59000,19750,14.11,0.33,3,1
57000,9500,6.17,0.17,4,0
57000,9500,12.53,0.17,4,0
65000,2000,7.37,0.03,2,0
65000,9000,9.63,0.14,3,0
61000,9500,7.51,0.16,2,0
68000,9500,7.14,0.14,3,0
65000,5000,11.89,0.08,4,0
65000,17600,12.72,0.27,3,0
58650,9500,16.49,0.14,3,1
69000,9500,15.33,0.14,4,1
65000,6000,9.07,0.09,3,0
70446,9550,7.49,0.14,3,0
65000,7500,10.08,0.12,4,0
65000,5125,10.71,0.08,4,0
65000,7000,11.66,0.11,4,0
43000,9575,6.62,0.22,3,0
24000,9600,11.71,0.4,4,1
24000,9600,14.27,0.4,4,1
24000,9600,9.99,0.4,4,1
65000,15000,14.5,0.23,4,0
65000,4000,7.75,0.06,2,0
65000,12800,8.38,0.2,2,0
65000,5000,7.43,0.08,4,0
65004,12500,6.03,0.19,4,0
65004,5500,6.03,0.08,2,0
65004,3600,13.49,0.06,4,0
28800,9600,10.37,0.33,3,1
65004,4000,10.99,0.06,3,0
65004,5000,9.99,0.08,3,0
33996,9600,9.88,0.28,2,0
65004,4500,6.92,0.07,2,0
65004,6500,9.25,0.1,4,0
65004,20000,10.36,0.31,3,0
34000,9600,7.88,0.28,4,0
34560,9600,16.02,0.28,3,1
34800,9600,19.16,0.28,2,1
35000,9600,9.91,0.27,2,0
65004,15000,7.88,0.23,3,0
35000,9600,11.99,0.27,4,0
35400,9600,11.89,0.27,2,0
65004,1500,7.88,0.02,4,0
30000,9600,14.91,0.32,4,1
65004,13000,13.23,0.2,2,0
36996,9600,11.97,0.26,4,0
31000,9600,16.77,0.31,3,1
65004,7000,12.87,0.11,2,0
37740,9600,13.11,0.25,4,0
65004,5000,11.58,0.08,3,0
31800,9600,13.48,0.3,3,1
65004,5000,13.47,0.08,3,0
40000,9600,14.65,0.24,4,0
40000,9600,14.27,0.24,4,0
34000,9600,14.54,0.28,2,1
65100,9000,14.79,0.14,4,0
65158,18000,10.25,0.28,4,0
40000,9600,14.72,0.24,2,0
65200,4000,7.14,0.06,4,0
65200,3000,11.26,0.05,3,0
65280,18000,10.99,0.28,4,0
65338,6500,11.71,0.1,4,0
65400,20000,15.05,0.31,4,0
36000,9600,17.27,0.27,4,1
65416,8000,6.92,0.12,2,0
65454,8400,11.99,0.13,2,0
65496,13250,10.37,0.2,4,0
42500,9600,11.22,0.23,2,0
37200,9600,5.99,0.26,4,1
39000,9600,16.77,0.25,2,1
45000,9600,12.73,0.21,3,0
65544,5000,10.74,0.08,2,0
65592,3600,15.99,0.05,3,0
45000,9600,10.25,0.21,2,0
45000,9600,12.18,0.21,3,0
59600,6000,16.45,0.1,4,1
59600,21000,16.45,0.35,2,1
65600,10000,11.78,0.15,2,0
65707,2000,14.59,0.03,3,0
46000,9600,10.99,0.21,4,0
65748,8800,9.63,0.13,3,0
65856,16800,13.92,0.26,2,0
48000,9600,12.73,0.2,3,0
50000,9600,7.51,0.19,3,0
59964,1275,10.99,0.02,4,1
50000,9600,14.26,0.19,3,0
66000,15000,18.25,0.23,4,0
45000,9600,15.31,0.21,3,1
66000,18000,13.49,0.27,3,0
60000,5000,7.9,0.08,2,1
53000,9600,11.71,0.18,2,0
53000,9600,7.66,0.18,4,0
66000,15000,6.03,0.23,4,0
66000,6000,7.9,0.09,3,0
54000,9600,7.9,0.18,4,0
66000,6000,7.51,0.09,2,0
66000,5000,7.9,0.08,4,0
66000,7500,17.58,0.11,4,0
60000,8000,14.27,0.13,3,1
66000,6000,6.62,0.09,2,0
49000,9600,7.51,0.2,2,1
55000,9600,8.9,0.17,4,0
55000,9600,7.49,0.17,2,0
55000,9600,7.66,0.17,2,0
60000,14000,7.49,0.23,2,1
66000,15000,7.49,0.23,4,0
66000,15000,14.79,0.23,3,0
58000,9600,13.99,0.17,4,0
60000,9600,14.65,0.16,2,0
60000,9600,7.9,0.16,3,0
60000,9600,7.9,0.16,2,0
66000,4000,11.99,0.06,2,0
66000,8750,9.99,0.13,2,0
54000,9600,20.62,0.18,2,1
54000,9600,15.62,0.18,2,1
66000,6600,11.49,0.1,4,0
66000,10000,11.49,0.15,3,0
66000,10000,5.42,0.15,3,0
66000,15500,7.49,0.23,2,0
66000,11200,13.99,0.17,2,0
66000,4500,7.49,0.07,2,0
63000,9600,14.46,0.15,4,0
66000,2700,10.74,0.04,3,0
66000,12000,5.79,0.18,3,0
65000,9600,12.99,0.15,4,0
59000,9600,7.49,0.16,3,1
66000,10000,9.63,0.15,4,0
65000,9600,11.97,0.15,2,0
66000,7000,9.63,0.11,2,0
65450,9600,8.49,0.15,2,0
66000,9600,11.26,0.15,3,0
66000,18000,6.91,0.27,3,0
68004,9600,7.51,0.14,2,0
66000,15000,6.54,0.23,4,0
69996,9600,11.71,0.14,4,0
64000,9600,11.97,0.15,4,1
66000,2700,6.76,0.04,3,0
70560,9600,7.9,0.14,4,0
66000,15000,14.35,0.23,4,0
66000,8500,7.51,0.13,2,0
66000,6000,7.88,0.09,2,0
66000,3000,7.51,0.05,3,0
66000,7800,7.88,0.12,3,0
71000,9600,5.79,0.14,4,0
72576,9600,7.29,0.13,3,0
73000,9600,13.92,0.13,3,0
75000,9600,12.69,0.13,3,0
75000,9600,10.0,0.13,4,0
66000,13000,10.25,0.2,2,0
66000,5000,9.88,0.08,4,0
66000,7000,7.88,0.11,2,0
66000,20000,10.25,0.3,4,0
60000,15000,14.59,0.25,4,1
60000,5600,14.22,0.09,4,1
80000,9600,7.88,0.12,4,0
66000,15000,9.88,0.23,4,0
66000,13200,11.14,0.2,4,0
80000,9600,12.21,0.12,4,0
66000,17500,11.48,0.27,3,0
81960,9600,7.29,0.12,2,0
83000,9600,10.99,0.12,2,0
77964,9600,14.42,0.12,2,1
85000,9600,10.99,0.11,4,0
60000,10000,12.21,0.17,4,1
66000,18500,12.21,0.28,2,0
73000,9600,8.94,0.13,3,1
85392,9600,7.29,0.11,3,0
88000,9600,5.79,0.11,3,0
66000,15000,11.72,0.23,2,0
66000,5875,10.91,0.09,4,0
90000,9600,13.85,0.11,4,0
66125,4000,12.53,0.06,4,0
78000,9600,14.11,0.12,4,1
94000,9600,12.99,0.1,2,0
94837,9600,11.99,0.1,2,0
66250,8700,6.92,0.13,3,0
66252,5000,12.53,0.08,4,0
66384,10000,7.88,0.15,4,0
66396,15000,13.48,0.23,2,0
97500,9600,10.37,0.1,3,0
66420,4000,12.18,0.06,3,0
66480,4000,8.32,0.06,2,0
66500,5000,9.63,0.08,3,0
120640,9600,14.22,0.08,4,0
28000,9700,11.34,0.35,2,1
66500,8800,8.59,0.13,4,0
66500,1400,12.53,0.02,4,0
70000,9700,12.53,0.14,4,0
66504,12000,12.53,0.18,3,0
60516,18000,11.26,0.3,4,1
66600,7200,10.65,0.11,4,0
66661,1500,11.49,0.02,3,0
66766,9000,6.99,0.13,2,0
66800,2500,11.49,0.04,4,0
66912,12000,5.42,0.18,3,0
66912,16000,12.73,0.24,3,0
30000,9950,8.49,0.33,4,1
66948,20000,10.95,0.3,4,0
66996,6000,10.37,0.09,3,0
66996,10000,9.62,0.15,2,0
66996,7000,14.72,0.1,3,0
66996,7000,7.88,0.1,4,0
66996,10000,9.32,0.15,3,0
66996,1000,9.32,0.01,4,0
67000,16000,12.69,0.24,4,0
67000,7500,16.29,0.11,3,0
67000,3000,7.9,0.04,3,0
67000,2500,11.71,0.04,3,0
67000,10400,8.9,0.16,4,0
67000,10400,5.99,0.16,2,0
67000,12000,11.99,0.18,4,0
67000,5600,7.49,0.08,2,0
23000,10000,9.88,0.43,2,1
67000,4000,7.49,0.06,3,0
23387,10000,7.51,0.43,4,1
23624,10000,9.88,0.42,2,1
23700,10000,9.32,0.42,4,1
24000,10000,9.91,0.42,4,1
24000,10000,10.38,0.42,4,1
67000,12150,10.37,0.18,3,0
67000,9250,5.79,0.14,2,0
67000,8800,7.51,0.13,2,0
67000,4000,6.76,0.06,3,0
24000,10000,13.48,0.42,2,1
67000,3250,6.76,0.05,2,0
24000,10000,10.99,0.42,4,1
67000,12000,8.59,0.18,2,0
24000,10000,8.7,0.42,2,1
67000,25000,15.65,0.37,2,0
24960,10000,9.64,0.4,4,1
24996,10000,8.94,0.4,4,1
67000,6000,9.32,0.09,2,0
67000,10000,12.21,0.15,3,0
67000,16000,16.32,0.24,2,0
61000,18000,12.09,0.3,3,1
67000,7000,8.63,0.1,3,0
25000,10000,7.66,0.4,4,1
25000,10000,11.36,0.4,2,1
25000,10000,11.83,0.4,3,1
61100,25000,17.49,0.41,3,1
67145,10000,10.62,0.15,4,0
25000,10000,8.59,0.4,2,1
25000,10000,14.11,0.4,2,1
67200,16000,6.03,0.24,2,0
67200,5525,6.99,0.08,4,0
67200,5000,9.99,0.07,2,0
67200,5000,13.8,0.07,2,0
25920,10000,15.58,0.39,2,1
67200,3250,11.49,0.05,2,0
26000,10000,10.65,0.38,3,1
67260,6500,7.14,0.1,2,0
26000,10000,10.99,0.38,4,1
52102,3500,10.75,0.06,3,1
67320,3900,14.35,0.06,4,0
26000,10000,16.63,0.38,2,1
67350,9600,14.96,0.14,4,0
67430,12000,12.87,0.18,4,0
67440,5500,10.25,0.08,4,0
26400,10000,13.49,0.38,3,1
61499,19600,15.65,0.32,2,1
26400,10000,7.49,0.38,3,1
67500,14400,11.71,0.21,2,0
26400,10000,16.02,0.38,2,1
26400,10000,6.54,0.38,4,1
67500,3000,7.88,0.04,4,0
26400,10000,9.88,0.38,2,1
27000,10000,10.65,0.37,3,1
27000,10000,12.73,0.37,2,1
27048,10000,12.61,0.37,4,1
27376,10000,10.28,0.37,3,1
28000,10000,5.42,0.36,3,1
28000,10000,6.91,0.36,3,1
67675,3000,14.35,0.04,3,0
28600,10000,11.34,0.35,3,1
29000,10000,7.49,0.34,2,1
29000,10000,7.29,0.34,3,1
67775,9600,14.79,0.14,4,0
29000,10000,10.74,0.34,2,1
29000,10000,10.0,0.34,4,1
67807,6400,7.14,0.09,3,0
61836,1700,16.77,0.03,4,1
67900,2400,8.49,0.04,4,0
29406,10000,11.71,0.34,4,1
67992,12000,10.75,0.18,2,0
68000,12000,7.51,0.18,3,0
68000,6500,16.29,0.1,3,0
30000,10000,15.27,0.33,4,1
68000,20000,16.77,0.29,4,0
68000,16000,7.9,0.24,4,0
30000,10000,13.99,0.33,2,1
30000,10000,11.99,0.33,4,1
30000,10000,19.29,0.33,3,1
30000,10000,7.49,0.33,2,1
30000,10000,6.99,0.33,4,1
68000,9000,15.27,0.13,2,0
52700,8000,16.29,0.13,2,1
68000,6000,12.42,0.09,4,0
68000,10000,9.91,0.15,4,0
52700,26400,16.49,0.43,3,1
68000,11000,6.99,0.16,4,0
68000,11500,9.99,0.17,3,0
30000,10000,10.37,0.33,4,1
30000,10000,5.79,0.33,4,1
68000,8000,7.49,0.12,4,0
30000,10000,7.51,0.33,2,1
68000,6500,5.99,0.1,4,0
30000,10000,11.86,0.33,2,1
68000,10000,7.49,0.15,2,0
68000,6500,12.99,0.1,3,0
30000,10000,14.35,0.33,3,1
30000,10000,13.98,0.33,2,1
68000,10000,8.49,0.15,3,0
68000,10000,10.74,0.15,2,0
68000,10000,5.79,0.15,2,0
30000,10000,7.51,0.33,3,1
68000,9750,10.37,0.14,3,0
30000,10000,11.48,0.33,4,1
30000,10000,12.18,0.33,3,1
68000,10000,10.37,0.15,2,0
30000,10000,11.14,0.33,2,1
30000,10000,11.14,0.33,2,1
68000,12000,5.42,0.18,4,0
30000,10000,11.14,0.33,2,1
30000,10000,14.61,0.33,3,1
68000,3600,6.54,0.05,3,0
68000,13000,7.88,0.19,2,0
30000,10000,9.63,0.33,4,1
68000,6000,7.88,0.09,2,0
30000,10000,12.53,0.33,4,1
68000,3500,6.39,0.05,4,0
30000,10000,11.66,0.33,2,1
30000,10000,8.38,0.33,2,1
30680,10000,10.37,0.33,4,1
30720,10000,11.49,0.33,3,1
30720,10000,10.37,0.33,2,1
68000,14800,9.88,0.22,4,0
30720,10000,7.88,0.33,2,1
31000,10000,8.9,0.32,4,1
68000,24250,12.18,0.36,4,0
68000,3600,7.74,0.05,4,0
31000,10000,14.65,0.32,2,1
68000,21000,13.92,0.31,4,0
31000,10000,19.42,0.32,2,1
31000,10000,7.51,0.32,2,1
62000,20000,17.04,0.32,3,1
31200,10000,9.91,0.32,4,1
68000,5500,15.68,0.08,4,0
68000,1000,8.0,0.01,3,0
31200,10000,12.73,0.32,4,1
68000,21000,12.84,0.31,2,0
52700,7500,13.8,0.12,2,1
62000,9000,11.03,0.15,2,1
68004,4200,5.42,0.06,4,0
32000,10000,6.99,0.31,3,1
68004,4000,6.39,0.06,3,0
52703,4000,11.89,0.06,4,1
68004,16000,11.26,0.24,3,0
32000,10000,7.29,0.31,3,1
32000,10000,13.11,0.31,4,1
32000,10000,16.07,0.31,2,1
32000,10000,13.22,0.31,3,1
32004,10000,13.79,0.31,3,1
32376,10000,13.61,0.31,4,1
32400,10000,11.48,0.31,2,1
68399,10500,6.91,0.15,3,0
62400,4000,18.39,0.06,2,1
68400,3000,5.42,0.04,4,0
32580,10000,11.14,0.31,3,1
32647,10000,11.48,0.31,3,1
68400,6000,6.54,0.09,4,0
68400,1800,8.88,0.03,4,0
33000,10000,7.51,0.3,4,0
33000,10000,11.71,0.3,3,0
33000,10000,14.65,0.3,3,0
33000,10000,11.99,0.3,4,0
33000,10000,5.42,0.3,3,0
33200,10000,11.49,0.3,2,0
33276,10000,11.83,0.3,3,0
33280,10000,7.51,0.3,4,0
68500,9000,7.88,0.13,4,0
33280,10000,12.53,0.3,4,0
62500,10000,15.7,0.16,3,1
33500,10000,10.25,0.3,3,0
68500,6500,11.14,0.09,2,0
68500,4200,11.66,0.06,4,0
33500,10000,13.16,0.3,3,0
33600,10000,9.88,0.3,4,1
33600,10000,10.25,0.3,3,0
33600,10000,11.03,0.3,4,0
62654,6000,14.74,0.1,4,1
68670,20000,6.91,0.29,3,0
33996,10000,12.53,0.29,2,1
34000,10000,9.91,0.29,4,0
34000,10000,13.61,0.29,4,0
34500,10000,13.79,0.29,2,0
68900,19500,11.83,0.28,2,0
53467,25000,15.7,0.4,4,1
34995,10000,7.88,0.29,2,0
69000,13250,6.62,0.19,2,0
63000,12000,15.27,0.19,2,1
69000,25000,6.99,0.36,2,0
69000,15000,8.49,0.22,2,0
35000,10000,7.29,0.29,4,0
35000,10000,7.66,0.29,3,0
35000,10000,5.79,0.29,2,0
29000,10000,17.93,0.34,3,1
35000,10000,13.48,0.29,4,0
69000,6500,5.99,0.09,2,0
69000,9000,5.99,0.13,3,0
69000,9600,7.49,0.14,3,0
69000,15000,7.49,0.22,3,0
69000,8325,13.49,0.12,4,0
69000,5000,14.17,0.07,4,0
69000,3000,11.11,0.04,2,0
35000,10000,12.73,0.29,4,0
35000,10000,13.22,0.29,2,0
35004,10000,12.84,0.29,4,0
69000,20000,10.75,0.29,2,0
69000,7200,7.88,0.1,2,0
69000,6000,7.14,0.09,3,0
35364,10000,9.32,0.28,3,0
69000,11000,10.62,0.16,3,0
69000,16000,15.7,0.23,4,0
69000,6000,7.88,0.09,2,0
69000,18000,14.22,0.26,4,0
69000,5200,17.19,0.08,2,0
69000,15900,13.22,0.23,3,0
69000,1000,7.4,0.01,2,0
69000,15000,11.58,0.22,3,0
69000,15000,14.42,0.22,2,0
36000,10000,12.42,0.28,4,0
69000,8000,10.95,0.12,2,0
69000,7800,12.41,0.11,3,0
36000,10000,6.03,0.28,3,0
69000,19000,9.51,0.28,2,0
69063,6625,7.66,0.1,4,0
69077,10000,7.51,0.14,3,0
36000,10000,9.99,0.28,4,0
36000,10000,5.99,0.28,3,0
36000,10000,13.49,0.28,2,0
36000,10000,7.49,0.28,4,0
69500,16800,7.51,0.24,3,0
69500,6000,13.48,0.09,2,0
36000,10000,11.11,0.28,2,0
36000,10000,14.72,0.28,2,0
69504,10000,7.66,0.14,4,0
63508,2500,11.14,0.04,4,1
69570,1500,7.74,0.02,2,0
63582,14000,13.85,0.22,3,1
69600,1925,9.91,0.03,4,0
36000,10000,10.62,0.28,3,0
36000,10000,13.48,0.28,4,0
69600,7000,11.49,0.1,2,0
69600,1200,6.99,0.02,3,0
63600,20000,10.99,0.31,3,1
36000,10000,13.22,0.28,4,0
69600,5000,11.66,0.07,4,0
36000,10000,11.48,0.28,4,0
36000,10000,11.14,0.28,3,0
69743,1000,14.11,0.01,3,0
30000,10000,15.31,0.33,4,1
36000,10000,8.59,0.28,2,0
30000,10000,16.0,0.33,4,1
69867,13000,11.14,0.19,2,0
69900,5050,5.42,0.07,2,0
69912,8000,6.99,0.11,2,0
69935,7200,7.49,0.1,3,0
69950,9750,14.65,0.14,2,0
36000,10000,11.46,0.28,4,0
36396,10000,5.42,0.27,3,0
30400,10000,12.8,0.33,2,1
30712,10000,15.65,0.33,4,1
69996,14000,13.49,0.2,2,0
36996,10000,7.51,0.27,4,0
69996,10000,10.0,0.14,4,0
37000,10000,13.23,0.27,3,0
69996,12000,11.11,0.17,2,0
37000,10000,8.59,0.27,2,0
69996,3000,6.39,0.04,4,0
37200,10000,6.92,0.27,3,0
37200,10000,12.92,0.27,4,0
37500,10000,15.96,0.27,4,0
37500,10000,14.91,0.27,3,0
37500,10000,8.94,0.27,3,0
31800,10000,15.33,0.31,4,1
69996,3000,6.39,0.04,3,0
38000,10000,13.49,0.26,2,0
69996,25000,10.62,0.36,3,0
32000,10000,12.99,0.31,2,1
38000,10000,10.99,0.26,2,0
69996,8000,12.84,0.11,4,0
38000,10000,7.49,0.26,4,0
69996,4000,8.0,0.06,2,0
38000,10000,7.66,0.26,3,0
38000,10000,7.51,0.26,4,0
69996,15000,13.47,0.21,4,0
69996,15000,12.21,0.21,2,0
69996,5000,10.2,0.07,2,0
38000,10000,12.18,0.26,3,0
70000,10000,6.62,0.14,4,0
70000,20000,14.27,0.29,4,0
38004,10000,10.74,0.26,3,0
38004,10000,10.37,0.26,4,0
38004,10000,10.75,0.26,2,0
38004,10000,13.48,0.26,3,0
32200,10000,16.77,0.31,4,1
38244,10000,7.88,0.26,3,0
70000,24000,8.9,0.34,4,0
32400,10000,8.49,0.31,3,1
38400,10000,7.66,0.26,4,0
38400,10000,10.38,0.26,3,0
64000,16000,14.65,0.25,2,1
32400,10000,13.23,0.31,4,1
70000,8000,13.49,0.11,2,0
70000,3500,6.03,0.05,3,0
70000,6000,6.03,0.09,2,0
70000,2000,13.49,0.03,2,0
38832,10000,10.37,0.26,2,0
33000,10000,12.42,0.3,3,1
70000,11300,14.65,0.16,2,0
33000,10000,15.96,0.3,3,1
64000,6100,18.64,0.1,4,1
70000,1000,12.69,0.01,2,0
70000,15600,11.71,0.22,3,0
70000,7750,6.62,0.11,3,0
64000,9000,18.64,0.14,4,1
70000,5000,6.03,0.07,2,0
39500,10000,5.99,0.25,2,0
39580,10000,9.99,0.25,2,0
39600,10000,11.71,0.25,2,0
33948,10000,8.32,0.29,2,1
70000,10000,12.42,0.14,4,0
39996,10000,10.99,0.25,4,0
39996,10000,8.59,0.25,4,0
70000,2000,7.9,0.03,3,0
70000,10000,13.49,0.14,4,0
40000,10000,11.71,0.25,4,0
70000,17000,7.51,0.24,4,0
64000,14400,11.71,0.23,2,1
70000,10500,7.51,0.15,2,0
40000,10000,14.27,0.25,3,0
70000,5000,6.03,0.07,3,0
70000,7000,6.03,0.1,3,0
70000,13000,5.42,0.19,3,0
34000,10000,12.69,0.29,2,1
40000,10000,7.9,0.25,3,0
34000,10000,6.62,0.29,4,1
70000,1250,5.42,0.02,4,0
70000,2500,16.49,0.04,3,0
70000,7000,9.99,0.1,4,0
40000,10000,16.89,0.25,3,0
54400,12000,15.62,0.19,3,1
40000,10000,11.99,0.25,3,0
64000,14500,5.42,0.23,2,1
70000,14000,5.42,0.2,3,0
70000,4800,6.99,0.07,4,0
40000,10000,8.49,0.25,3,0
70000,9750,8.49,0.14,4,0
34000,10000,15.28,0.29,3,1
70000,15000,8.49,0.21,2,0
40000,10000,10.37,0.25,2,0
40000,10000,5.79,0.25,2,0
40000,10000,10.0,0.25,4,0
34000,10000,10.36,0.29,4,1
40000,10000,10.75,0.25,4,0
70000,6000,15.23,0.09,4,0
70000,8000,6.99,0.11,4,0
40000,10000,7.88,0.25,3,0
70000,4000,8.49,0.06,2,0
70000,4500,5.42,0.06,2,0
40000,10000,7.14,0.25,4,0
40000,10000,7.51,0.25,4,0
34000,10000,13.11,0.29,3,1
70000,8000,7.49,0.11,3,0
40000,10000,13.48,0.25,3,0
40000,10000,13.22,0.25,4,0
40000,10000,12.18,0.25,3,0
70000,6000,5.42,0.09,2,0
40000,10000,12.21,0.25,2,0
70000,25000,10.59,0.36,3,0
70000,10000,14.79,0.14,2,0
70000,2000,11.49,0.03,4,0
70000,6000,11.49,0.09,2,0
40000,10000,9.63,0.25,4,0
40000,10000,12.84,0.25,4,0
70000,4000,7.42,0.06,2,0
34000,10000,13.79,0.29,4,1
70000,8400,6.99,0.12,4,0
40000,10000,8.0,0.25,4,0
70000,10000,5.42,0.14,4,0
70000,6000,5.42,0.09,2,0
70000,21000,11.99,0.3,4,0
41000,10000,6.99,0.24,4,0
41004,10000,11.14,0.24,2,0
70000,20000,10.59,0.29,2,0
70000,2500,11.99,0.04,2,0
70000,1600,10.99,0.02,3,0
70000,3600,10.59,0.05,4,0
36000,10000,15.27,0.28,2,1
42000,10000,12.42,0.24,4,0
42000,10000,13.49,0.24,4,0
42000,10000,14.27,0.24,2,0
42000,10000,12.99,0.24,2,0
70000,10000,7.29,0.14,3,0
42000,10000,5.42,0.24,3,0
70000,2000,10.74,0.03,2,0
42000,10000,10.99,0.24,4,0
42000,10000,6.92,0.24,2,0
70000,3500,5.42,0.05,2,0
42000,10000,6.54,0.24,4,0
42000,10000,6.17,0.24,3,0
42000,10000,13.98,0.24,2,0
36000,10000,11.36,0.28,2,1
70000,6300,10.37,0.09,4,0
42000,10000,10.99,0.24,2,0
42000,10000,7.88,0.24,3,0
42910,10000,18.25,0.23,3,0
70000,12000,10.37,0.17,4,0
70000,4000,6.92,0.06,2,0
70000,8000,10.0,0.11,2,0
43000,10000,14.65,0.23,4,0
70000,8000,13.35,0.11,2,0
70000,3525,6.91,0.05,3,0
43000,10000,5.79,0.23,2,0
43000,10000,7.66,0.23,3,0
43000,10000,9.63,0.23,3,0
70000,6000,5.42,0.09,3,0
43000,10000,9.25,0.23,3,0
43000,10000,13.16,0.23,4,0
70000,10000,10.36,0.14,2,0
70000,25000,9.62,0.36,2,0
70000,8000,5.79,0.11,3,0
44000,10000,10.65,0.23,4,0
70000,21000,8.88,0.3,3,0
70000,12000,5.79,0.17,2,0
44000,10000,7.49,0.23,2,0
70000,20000,6.17,0.29,2,0
44000,10000,12.68,0.23,4,0
70000,3200,9.25,0.05,4,0
44000,10000,15.95,0.23,4,0
44000,10000,14.74,0.23,4,0
44160,10000,14.27,0.23,3,0
44796,10000,11.48,0.22,2,0
70000,11000,7.14,0.16,4,0
64000,7000,15.95,0.11,2,1
45000,10000,6.62,0.22,4,0
45000,10000,12.69,0.22,2,0
45000,10000,10.65,0.22,3,0
70000,8000,7.88,0.11,4,0
45000,10000,6.62,0.22,3,0
64000,5000,7.88,0.08,4,1
70000,4000,13.98,0.06,4,0
45000,10000,9.91,0.22,2,0
70000,6000,7.88,0.09,3,0
70000,12000,7.51,0.17,4,0
45000,10000,6.62,0.22,4,0
70000,3500,14.35,0.05,3,0
70000,16000,14.35,0.23,3,0
70000,13750,10.75,0.2,3,0
45000,10000,7.51,0.22,3,0
39000,10000,11.99,0.26,3,1
70000,4400,6.76,0.06,4,0
70000,8000,14.84,0.11,3,0
70000,16000,16.32,0.23,2,0
70000,5000,11.12,0.07,3,0
70000,8000,11.12,0.11,3,0
45000,10000,12.98,0.22,2,0
70000,9800,7.14,0.14,4,0
70000,8400,7.88,0.12,2,0
70000,8000,15.95,0.11,2,0
70000,6000,7.51,0.09,2,0
39000,10000,15.2,0.26,3,1
45000,10000,6.54,0.22,3,0
70000,12000,11.36,0.17,4,0
70000,2500,10.99,0.04,3,0
45000,10000,7.51,0.22,2,0
45000,10000,7.51,0.22,2,0
70000,5000,9.88,0.07,4,0
39000,10000,16.07,0.26,2,1
70000,6000,7.14,0.09,4,0
70000,12000,14.59,0.17,2,0
70000,4500,7.51,0.06,4,0
45000,10000,17.93,0.22,2,0
45000,10000,10.25,0.22,2,0
70000,16000,10.62,0.23,2,0
70000,25000,10.62,0.36,2,0
70000,12000,17.56,0.17,3,0
70000,4800,11.36,0.07,2,0
45000,10000,13.11,0.22,4,0
70000,12800,13.11,0.18,4,0
70000,11000,11.36,0.16,3,0
70000,6000,7.88,0.09,3,0
45000,10000,12.87,0.22,3,0
39000,10000,14.11,0.26,3,1
45000,10000,11.89,0.22,3,0
70000,7000,7.88,0.1,4,0
70000,14000,10.25,0.2,4,0
70000,3000,7.51,0.04,4,0
70000,10000,10.99,0.14,4,0
45000,10000,14.11,0.22,2,0
70000,15000,12.18,0.21,2,0
70000,5000,8.59,0.07,3,0
23000,4325,11.11,0.19,3,0
48000,4325,5.42,0.09,4,0
23000,4300,11.86,0.19,3,0
30000,4300,9.63,0.14,4,0
70000,12000,12.53,0.17,2,0
108000,4300,11.83,0.04,4,0
30000,4275,11.86,0.14,4,0
27500,4250,10.99,0.15,2,0
70000,16000,12.18,0.23,4,0
35000,4250,6.99,0.12,2,0
70000,24250,12.18,0.35,2,0
50000,4250,12.69,0.09,4,0
70000,15000,11.14,0.21,4,0
70000,12000,8.94,0.17,2,0
48000,4225,9.83,0.09,2,0
70000,25000,15.31,0.36,4,0
70000,15000,13.92,0.21,2,0
45500,10000,5.99,0.22,4,0
70000,7000,14.26,0.1,4,0
39600,10000,10.36,0.25,3,1
70000,9000,11.83,0.13,3,0
70000,10000,7.74,0.14,3,0
45600,10000,14.61,0.22,4,0
45756,10000,7.29,0.22,2,0
70000,5400,12.53,0.08,4,0
70000,12000,11.26,0.17,4,0
70000,15000,11.26,0.21,3,0
70000,20000,12.21,0.29,4,0
70000,6000,13.16,0.09,4,0
70000,9600,15.37,0.14,2,0
46200,10000,7.29,0.22,3,0
46256,10000,11.48,0.22,3,0
46585,10000,13.57,0.21,4,0
70000,8400,8.0,0.12,3,0
70000,16000,16.63,0.23,3,0
70000,18000,14.42,0.26,3,0
30000,4200,6.92,0.14,4,0
30000,4200,12.23,0.14,4,0
70000,9000,9.63,0.13,2,0
30000,4200,15.31,0.14,2,1
70000,8950,11.89,0.13,3,0
31200,4200,8.9,0.13,3,0
31200,4200,13.57,0.13,2,0
34000,4200,16.82,0.12,3,1
70000,15000,11.46,0.21,2,0
34400,4200,8.9,0.12,3,0
70000,7500,8.32,0.11,2,0
29000,4200,6.62,0.14,2,1
29000,4200,15.62,0.14,3,1
35000,4200,10.37,0.12,4,0
36895,4200,9.32,0.11,3,0
64000,8000,12.17,0.13,4,1
36996,4200,11.11,0.11,3,0
38400,4200,6.76,0.11,4,0
40000,4200,7.51,0.1,4,0
40000,4200,9.63,0.1,2,0
70092,13950,11.14,0.2,2,0
41000,4200,14.54,0.1,3,0
70200,5000,7.14,0.07,2,0
42000,4200,7.9,0.1,2,0
70224,21000,13.22,0.3,4,0
70236,8700,13.47,0.12,4,0
36000,4200,9.91,0.12,2,1
36499,4200,10.99,0.12,4,1
70404,14075,14.74,0.2,4,0
47500,4200,8.9,0.09,4,0
70500,10500,13.92,0.15,4,0
48000,4200,6.92,0.09,3,0
70572,14500,5.99,0.21,3,0
70600,7450,13.06,0.11,4,0
55080,2500,7.66,0.04,3,1
70800,8500,6.54,0.12,3,0
70885,1000,6.39,0.01,4,0
55243,2900,9.62,0.04,2,1
53000,4200,14.22,0.08,4,0
71000,7200,6.62,0.1,4,0
55000,4200,9.91,0.08,3,0
71000,9600,7.51,0.14,4,0
65000,6000,8.9,0.09,2,1
71000,4400,5.42,0.06,4,0
71000,7500,9.99,0.11,3,0
71000,4800,13.49,0.07,3,0
71000,1500,15.23,0.02,2,0
54000,4200,10.99,0.08,2,1
71000,6000,15.62,0.08,3,0
71000,14000,10.99,0.2,3,0
61000,4200,6.03,0.07,4,0
71000,8500,5.79,0.12,2,0
62000,4200,5.42,0.07,3,0
63000,4200,14.22,0.07,4,0
71000,3250,5.79,0.05,2,0
71000,10000,10.36,0.14,4,0
71000,10000,5.79,0.14,3,0
71000,3500,11.49,0.05,2,0
65000,4200,7.29,0.06,2,0
60996,4200,15.58,0.07,2,1
55250,7400,14.84,0.11,2,1
69000,4200,6.62,0.06,3,0
71000,20000,11.36,0.28,2,0
71000,3200,7.4,0.05,2,0
72500,4200,11.71,0.06,3,0
30000,4150,6.76,0.14,3,0
100000,4150,10.65,0.04,2,0
22812,4125,14.54,0.18,2,0
20000,4100,13.49,0.2,4,0
30000,4100,14.26,0.14,3,0
71004,15000,13.47,0.21,3,0
38004,4100,11.49,0.11,4,0
42000,4100,7.88,0.1,2,0
71040,3000,5.79,0.04,2,0
71046,6500,10.99,0.09,4,0
48000,4100,11.99,0.09,3,0
57000,4100,10.59,0.07,3,0
71201,12000,11.71,0.17,4,0
70000,4075,5.42,0.06,3,0
14400,4050,6.91,0.28,4,1
50500,4050,7.88,0.08,4,0
71328,25000,14.96,0.35,3,0
71400,3000,10.99,0.04,3,0
82000,4050,9.99,0.05,2,0
25000,4025,9.91,0.16,4,0
54000,4025,6.76,0.07,2,0
71496,15000,15.95,0.21,3,0
71500,7500,10.99,0.1,3,0
12000,4000,10.65,0.33,4,1
71500,9250,12.53,0.13,4,0
12000,4000,13.8,0.33,3,1
12000,4000,10.99,0.33,3,1
71688,7500,13.17,0.1,4,0
46877,10000,5.42,0.21,2,0
71760,3000,19.91,0.04,3,0
46999,10000,10.99,0.21,3,0
47004,10000,15.05,0.21,2,0
72000,18000,7.9,0.25,2,0
48000,10000,6.03,0.21,3,0
72000,12000,16.29,0.17,2,0
48000,10000,15.62,0.21,2,0
48000,10000,13.49,0.21,4,0
72000,14000,12.42,0.19,2,0
42000,10000,13.8,0.24,3,1
72000,16000,12.42,0.22,3,0
72000,5000,6.03,0.07,3,0
72000,5000,12.69,0.07,3,0
42000,10000,14.91,0.24,3,1
48000,10000,7.29,0.21,2,0
72000,4200,12.42,0.06,3,0
72000,5000,6.03,0.07,3,0
48000,10000,5.79,0.21,2,0
48000,10000,9.25,0.21,3,0
72000,2400,12.69,0.03,2,0
42000,10000,15.58,0.24,3,1
72000,12000,6.03,0.17,2,0
72000,7200,7.9,0.1,3,0
72000,17000,10.65,0.24,4,0
56100,6000,11.71,0.09,4,1
72000,15000,7.9,0.21,2,0
72000,18000,20.89,0.25,4,0
48000,10000,11.86,0.21,3,0
72000,4800,10.65,0.07,3,0
48000,10000,14.22,0.21,4,0
72000,1000,15.23,0.01,3,0
72000,6000,7.49,0.08,4,0
72000,5000,8.49,0.07,3,0
48000,10000,8.94,0.21,4,0
72000,24000,7.49,0.33,3,0
48000,10000,12.21,0.21,3,0
48000,10000,12.84,0.21,4,0
42000,10000,16.32,0.24,4,1
72000,20000,7.49,0.28,2,0
72000,15000,6.99,0.21,2,0
48000,10000,13.79,0.21,3,0
66000,4000,15.62,0.06,4,1
56100,5650,10.99,0.09,3,1
48132,10000,11.71,0.21,4,0
72000,9000,15.62,0.13,4,0
42720,10000,16.89,0.23,4,1
48720,10000,13.85,0.21,4,0
48996,10000,12.87,0.2,2,0
43000,10000,16.77,0.23,2,1
72000,8400,5.42,0.12,2,0
49200,10000,13.49,0.2,3,0
72000,6000,13.49,0.08,2,0
43500,10000,13.62,0.23,3,1
72000,9000,7.49,0.13,4,0
49571,10000,13.11,0.2,3,0
72000,16000,10.59,0.22,3,0
49920,10000,11.14,0.2,2,0
72000,12000,5.42,0.17,2,0
72000,11200,7.29,0.16,4,0
50000,10000,11.71,0.2,3,0
72000,10500,15.28,0.15,2,0
50000,10000,7.51,0.2,3,0
72000,2100,7.66,0.03,3,0
72000,18000,7.66,0.25,3,0
72000,6000,16.77,0.08,3,0
50000,10000,9.91,0.2,3,0
72000,16000,17.14,0.22,3,0
50000,10000,11.71,0.2,3,0
50000,10000,6.03,0.2,4,0
50000,10000,7.51,0.2,4,0
50000,10000,14.27,0.2,4,0
72000,16000,10.37,0.22,3,0
72000,2000,7.66,0.03,4,0
50000,10000,11.71,0.2,2,0
50000,10000,8.49,0.2,3,0
50000,10000,6.99,0.2,4,0
50000,10000,7.49,0.2,2,0
50000,10000,12.99,0.2,4,0
50000,10000,7.49,0.2,3,0
50000,10000,10.99,0.2,2,0
50000,10000,13.99,0.2,2,0
72000,10000,12.98,0.14,4,0
72000,5000,6.54,0.07,4,0
72000,2000,6.54,0.03,2,0
72000,10800,6.91,0.15,3,0
72000,5000,9.25,0.07,2,0
50000,10000,7.29,0.2,4,0
44000,10000,15.65,0.23,4,1
72000,3500,5.42,0.05,4,0
50000,10000,9.63,0.2,3,0
50000,10000,6.92,0.2,2,0
72000,7000,6.17,0.1,3,0
72000,6000,6.17,0.08,3,0
72000,6000,9.99,0.08,2,0
50000,10000,6.91,0.2,2,0
56100,4900,15.95,0.07,4,1
72000,5000,11.86,0.07,2,0
72000,15000,7.88,0.21,3,0
72000,8700,6.76,0.12,4,0
72000,8000,13.61,0.11,2,0
72000,9000,6.76,0.13,2,0
50000,10000,6.17,0.2,2,0
72000,6400,7.51,0.09,2,0
72000,8000,7.88,0.11,4,0
44000,10000,15.58,0.23,3,1
50000,10000,7.88,0.2,3,0
72000,18000,11.86,0.25,4,0
72000,15000,16.32,0.21,4,0
50000,10000,16.82,0.2,2,0
72000,11875,10.38,0.16,3,0
50000,10000,7.88,0.2,3,0
50000,10000,13.57,0.2,3,0
72000,12000,14.84,0.17,4,0
72000,6000,7.14,0.08,4,0
50000,10000,8.94,0.2,3,0
50000,10000,10.95,0.2,4,0
50000,10000,10.95,0.2,3,0
50000,10000,9.32,0.2,2,0
72000,10000,14.96,0.14,3,0
50004,10000,6.17,0.2,4,0
72000,3200,6.39,0.04,3,0
72000,8000,16.45,0.11,4,0
50004,10000,12.21,0.2,2,0
50004,10000,13.79,0.2,4,0
56100,18000,14.22,0.27,2,1
72000,18000,16.82,0.25,2,0
44307,10000,11.36,0.23,2,1
50500,10000,13.85,0.2,2,0
72000,16000,10.25,0.22,3,0
45000,10000,15.96,0.22,2,1
72000,15000,10.25,0.21,3,0
72000,8200,7.88,0.11,4,0
45000,10000,11.86,0.22,4,1
51000,10000,11.83,0.2,2,0
72000,16000,7.4,0.22,3,0
72000,10000,7.74,0.14,4,0
51160,10000,10.75,0.2,3,0
72000,20000,11.83,0.28,4,0
72000,20000,13.57,0.28,3,0
51400,10000,10.65,0.19,3,0
51600,10000,9.51,0.19,3,0
72000,5000,12.18,0.07,3,0
51996,10000,13.23,0.19,4,0
52000,10000,9.91,0.19,2,0
52000,10000,12.42,0.19,2,0
72000,25000,11.89,0.35,2,0
72000,8000,12.21,0.11,4,0
52000,10000,11.71,0.19,3,0
52000,10000,11.99,0.19,4,0
46000,10000,13.43,0.22,4,1
66000,15000,14.42,0.23,2,1
52000,10000,6.91,0.19,2,0
52000,10000,5.79,0.19,3,0
72000,15000,11.58,0.21,2,0
72000,4000,9.32,0.06,4,0
52000,10000,6.54,0.19,2,0
52000,10000,7.88,0.19,4,0
72000,25000,9.83,0.35,3,0
72000,5000,13.93,0.07,2,0
46000,10000,12.61,0.22,2,1
46500,10000,14.26,0.22,3,1
72060,5500,11.71,0.08,3,0
53000,10000,9.99,0.19,4,0
53000,10000,7.51,0.19,4,0
53000,10000,10.62,0.19,3,0
72100,16000,10.25,0.22,4,0
53000,10000,8.59,0.19,4,0
72204,18000,12.53,0.25,3,0
72252,8000,6.99,0.11,2,0
53004,10000,9.32,0.19,4,0
47292,10000,16.32,0.21,3,1
53500,10000,9.99,0.19,3,0
72400,25000,17.99,0.35,2,0
72400,8000,17.39,0.11,3,0
72444,25000,10.74,0.35,4,0
47520,10000,15.33,0.21,4,1
54000,10000,6.62,0.19,4,0
54000,10000,7.9,0.19,2,0
48000,10000,17.99,0.21,4,1
72500,13200,7.29,0.18,3,0
66500,22000,8.88,0.33,2,1
54000,10000,13.35,0.19,4,0
54000,10000,11.46,0.19,4,0
54316,10000,11.86,0.18,2,0
54480,10000,11.89,0.18,3,0
72600,4500,7.74,0.06,2,0
54996,10000,12.99,0.18,2,0
48996,10000,14.54,0.2,2,1
54996,10000,7.51,0.18,3,0
72800,2300,10.62,0.03,4,0
66800,12000,9.63,0.18,4,1
72800,11200,13.79,0.15,2,0
72893,20000,13.22,0.27,2,0
72972,10000,12.99,0.14,3,0
72996,15000,10.38,0.21,4,0
55000,10000,15.27,0.18,3,0
73000,22000,15.96,0.3,4,0
49000,10000,6.62,0.2,4,1
73000,10625,6.03,0.15,4,0
73000,6500,6.03,0.09,3,0
55000,10000,10.59,0.18,4,0
73000,7000,7.49,0.1,2,0
73000,7000,10.59,0.1,2,0
73000,12000,16.89,0.16,2,0
73000,10000,11.99,0.14,2,0
55000,10000,5.42,0.18,4,0
55000,10000,10.59,0.18,2,0
55000,10000,10.37,0.18,4,0
55000,10000,10.37,0.18,2,0
73000,5000,7.49,0.07,2,0
73000,17000,11.99,0.23,3,0
73000,10000,7.49,0.14,3,0
55000,10000,5.79,0.18,3,0
55000,10000,5.42,0.18,2,0
56950,4500,10.0,0.07,3,1
73000,6500,5.42,0.09,2,0
73000,7000,10.74,0.1,3,0
49000,10000,16.45,0.2,2,1
73000,3500,13.23,0.05,2,0
73000,9000,11.86,0.12,4,0
73000,14400,13.61,0.2,4,0
55000,10000,8.59,0.18,3,0
73000,8000,13.23,0.11,2,0
55000,10000,8.94,0.18,3,0
67000,5000,16.45,0.07,3,1
73000,16000,7.88,0.22,4,0
55008,10000,14.93,0.18,3,0
55016,10000,13.16,0.18,2,0
56000,10000,6.03,0.18,4,0
73000,7500,13.22,0.1,2,0
73000,14400,8.94,0.2,2,0
56000,10000,12.21,0.18,2,0
67000,6500,14.11,0.1,2,1
56004,10000,11.83,0.18,3,0
56950,25000,10.91,0.37,3,1
73163,25000,16.45,0.34,3,0
73164,1000,10.36,0.01,2,0
57000,10000,7.9,0.18,4,0
57000,10000,14.27,0.18,4,0
67400,20000,17.74,0.3,2,1
73440,7000,6.99,0.1,2,0
67476,25000,13.49,0.37,3,1
51000,10000,5.42,0.2,4,1
51000,10000,17.19,0.2,2,1
73500,10000,6.92,0.14,4,0
57000,10000,11.48,0.18,4,0
57600,10000,6.62,0.17,4,0
57600,10000,15.58,0.17,4,0
57996,10000,9.25,0.17,4,0
57996,10000,13.23,0.17,3,0
67524,10000,9.99,0.15,2,1
73600,24000,11.36,0.33,2,0
58000,10000,6.54,0.17,2,0
67700,15000,14.11,0.22,3,1
58000,10000,7.88,0.17,2,0
73909,3900,5.99,0.05,4,0
58216,10000,7.49,0.17,4,0
58608,10000,7.51,0.17,4,0
52800,10000,12.8,0.19,3,1
59000,10000,14.17,0.17,3,0
74000,12000,6.03,0.16,3,0
74000,10000,6.62,0.14,4,0
74000,25000,12.69,0.34,3,0
74000,1200,12.69,0.02,2,0
74000,2500,6.62,0.03,3,0
74000,15000,11.99,0.2,3,0
74000,4000,6.99,0.05,4,0
59600,10000,5.99,0.17,3,0
74000,16000,8.49,0.22,3,0
74000,4475,9.99,0.06,4,0
74000,15000,15.99,0.2,4,0
60000,10000,9.91,0.17,3,0
74000,10000,7.88,0.14,2,0
60000,10000,11.71,0.17,2,0
74000,3000,6.76,0.04,3,0
74000,10000,14.59,0.14,4,0
60000,10000,14.27,0.17,4,0
74000,1200,13.22,0.02,4,0
60000,10000,16.89,0.17,4,0
74000,20000,11.48,0.27,4,0
60000,10000,13.49,0.17,3,0
60000,10000,5.99,0.17,2,0
74000,12000,11.58,0.16,2,0
60000,10000,7.49,0.17,4,0
54000,10000,15.23,0.19,4,1
74000,5000,12.21,0.07,2,0
54000,10000,10.37,0.19,2,1
74004,3000,6.54,0.04,4,0
74004,5000,14.09,0.07,4,0
60000,10000,6.54,0.17,2,0
68100,17500,17.19,0.26,4,1
74196,17000,11.26,0.23,4,0
54000,10000,15.95,0.19,4,1
74263,11500,9.99,0.15,3,0
54000,10000,17.93,0.19,4,1
74400,15000,6.54,0.2,4,0
68400,10000,15.95,0.15,4,1
74500,8000,15.96,0.11,3,0
60000,10000,7.14,0.17,2,0
68500,9800,14.84,0.14,2,1
60000,10000,7.14,0.17,4,0
74500,8000,9.88,0.11,3,0
60000,10000,9.88,0.17,4,0
60000,10000,12.73,0.17,2,0
68551,4000,14.22,0.06,2,1
60000,10000,11.14,0.17,4,0
60000,10000,12.18,0.17,2,0
58313,5300,19.91,0.08,2,1
74678,4000,10.62,0.05,2,0
74700,12000,5.42,0.16,4,0
74700,19750,11.12,0.26,3,0
74758,11050,10.37,0.15,3,0
60000,10000,12.18,0.17,2,0
54000,10000,14.42,0.19,3,1
74880,8500,7.14,0.11,2,0
74900,18300,10.99,0.24,2,0
74900,3500,6.39,0.05,2,0
54000,10000,14.11,0.19,4,1
54000,10000,13.79,0.19,4,1
60000,10000,9.32,0.17,2,0
54000,10000,14.11,0.19,2,1
60000,10000,12.09,0.17,2,0
54000,10000,13.36,0.19,3,1
54000,10000,13.67,0.19,3,1
75000,4800,15.27,0.06,3,0
75000,24000,7.9,0.32,3,0
75000,5400,12.69,0.07,2,0
60629,10000,7.51,0.16,2,0
75000,5000,9.91,0.07,3,0
61500,10000,14.22,0.16,2,0
62000,10000,13.49,0.16,4,0
75000,10200,6.03,0.14,2,0
62000,10000,14.27,0.16,3,0
56000,10000,12.69,0.18,2,1
75000,6500,8.9,0.09,4,0
69000,15000,10.65,0.22,4,1
75000,10000,13.49,0.13,4,0
43200,4000,11.11,0.09,2,0
75000,5000,14.65,0.07,4,0
44000,4000,8.7,0.09,2,0
75000,12000,9.91,0.16,2,0
75000,11125,13.49,0.15,4,0
75000,8000,16.29,0.11,3,0
44700,4000,13.99,0.09,3,0
45000,4000,7.9,0.09,2,0
45000,4000,7.9,0.09,3,0
75000,24000,9.91,0.32,2,0
75000,14950,9.91,0.2,4,0
75000,16000,12.42,0.21,2,0
75000,15000,14.27,0.2,2,0
45000,4000,12.87,0.09,2,0
45000,4000,13.8,0.09,4,0
45000,4000,12.98,0.09,3,0
69000,14400,10.65,0.21,3,1
45000,4000,16.32,0.09,2,0
75000,7000,7.9,0.09,4,0
45000,4000,13.23,0.09,3,0
75000,14400,6.03,0.19,4,0
75000,14000,10.65,0.19,3,0
45000,4000,14.96,0.09,4,0
39000,4000,17.74,0.1,2,1
75000,8000,16.29,0.11,4,0
75000,9250,12.69,0.12,4,0
45000,4000,11.83,0.09,2,0
75000,21000,12.42,0.28,2,0
75000,12000,13.49,0.16,4,0
45000,4000,12.21,0.09,3,0
75000,15000,6.03,0.2,2,0
75000,12000,7.51,0.16,3,0
75000,14825,12.69,0.2,3,0
62000,10000,13.49,0.16,3,0
75000,8150,7.51,0.11,4,0
62000,10000,8.94,0.16,2,0
75000,16100,7.9,0.21,3,0
69000,17000,15.27,0.25,3,1
62000,10000,11.26,0.16,2,0
75000,16000,6.62,0.21,2,0
62364,10000,10.99,0.16,2,0
62366,10000,8.94,0.16,2,0
75000,5000,6.03,0.07,4,0
62400,10000,12.87,0.16,4,0
69000,4500,14.65,0.07,2,1
75000,12000,13.49,0.16,4,0
75000,28000,15.62,0.37,4,0
75000,15000,8.49,0.2,3,0
75000,7000,10.59,0.09,4,0
75000,7125,9.99,0.1,4,0
75000,7200,15.23,0.1,4,0
75000,8500,6.99,0.11,3,0
75000,11000,8.49,0.15,3,0
75000,4200,7.49,0.06,4,0
75000,6375,5.99,0.09,3,0
75000,15000,9.99,0.2,4,0
75000,14125,10.99,0.19,2,0
75000,4000,12.99,0.05,2,0
75000,7000,8.49,0.09,2,0
75000,12500,5.99,0.17,2,0
64800,10000,7.88,0.15,4,0
75000,5000,8.49,0.07,4,0
69000,6200,15.99,0.09,2,1
69000,10000,15.62,0.14,2,1
75000,11200,13.99,0.15,4,0
75000,11000,5.42,0.15,2,0
65000,10000,12.42,0.15,2,0
75000,7000,6.99,0.09,2,0
65000,10000,14.27,0.15,4,0
65000,10000,11.49,0.15,4,0
75000,8000,15.23,0.11,3,0
65000,10000,9.99,0.15,2,0
65000,10000,7.66,0.15,3,0
75000,9000,5.99,0.12,4,0
65000,10000,15.65,0.15,4,0
65000,10000,10.0,0.15,2,0
75000,13000,6.99,0.17,2,0
75000,3500,12.99,0.05,3,0
75000,7000,11.99,0.09,3,0
65000,10000,5.79,0.15,3,0
59000,10000,15.58,0.17,3,1
65000,10000,9.88,0.15,2,0
75000,9000,6.99,0.12,2,0
75000,4950,10.99,0.07,3,0
75000,10000,7.49,0.13,2,0
75000,19000,11.99,0.25,3,0
65000,10000,10.25,0.15,3,0
75000,29700,12.99,0.4,4,0
65000,10000,10.95,0.15,2,0
75000,1000,9.99,0.01,4,0
65000,10000,13.79,0.15,3,0
65000,10000,13.47,0.15,3,0
65000,10000,9.45,0.15,3,0
65488,10000,11.86,0.15,3,0
65496,10000,11.11,0.15,4,0
75000,3000,5.42,0.04,3,0
75000,12000,5.99,0.16,2,0
65520,10000,7.51,0.15,4,0
65900,10000,8.49,0.15,2,0
75000,5000,7.66,0.07,2,0
66000,10000,9.32,0.15,4,0
75000,12000,6.92,0.16,3,0
75000,10000,6.92,0.13,2,0
75000,10000,10.74,0.13,4,0
67000,10000,13.92,0.15,3,0
69000,15000,14.54,0.22,3,1
75000,12000,6.92,0.16,4,0
75000,12000,6.92,0.16,4,0
75000,3000,11.11,0.04,3,0
75000,10600,5.79,0.14,2,0
67000,10000,9.64,0.15,4,0
75000,7000,7.66,0.09,4,0
75000,5400,7.29,0.07,3,0
67600,10000,16.02,0.15,2,0
68000,10000,6.99,0.15,3,0
68000,10000,16.02,0.15,2,0
75000,12000,7.29,0.16,3,0
75000,9000,5.79,0.12,2,0
68000,10000,14.26,0.15,4,0
68000,10000,15.05,0.15,4,0
68400,10000,11.11,0.15,4,0
75000,10200,12.68,0.14,2,0
62496,10000,11.89,0.16,3,1
68750,10000,6.17,0.15,4,0
63000,10000,16.4,0.16,2,1
75000,6000,6.92,0.08,2,0
69600,10000,8.38,0.14,2,0
64000,10000,12.69,0.16,4,1
75000,12000,9.62,0.16,2,0
75000,6400,5.42,0.09,3,0
70000,10000,11.71,0.14,2,0
75000,8550,6.91,0.11,3,0
70000,10000,12.69,0.14,4,0
58650,14000,6.17,0.2,4,1
75000,12000,12.61,0.16,4,0
75000,6675,6.54,0.09,3,0
70000,10000,6.03,0.14,3,0
58650,5200,6.54,0.08,2,1
75000,4000,5.79,0.05,3,0
64000,10000,16.4,0.16,3,1
75000,11500,5.42,0.15,2,0
75000,20000,14.09,0.27,4,0
70000,10000,7.29,0.14,4,0
69000,25000,15.57,0.36,2,1
75000,1500,6.54,0.02,4,0
75000,9600,5.42,0.13,3,0
75000,9600,5.42,0.13,4,0
75000,15350,6.17,0.2,4,0
70000,10000,9.99,0.14,4,0
75000,8000,6.17,0.11,2,0
75000,25000,9.25,0.33,2,0
70000,10000,16.45,0.14,2,0
75000,7100,9.25,0.09,2,0
75000,18000,5.79,0.24,2,0
75000,19800,15.57,0.26,2,0
70000,10000,9.88,0.14,2,0
70000,10000,10.95,0.14,3,0
70000,10000,9.63,0.14,3,0
70000,10000,12.41,0.14,2,0
70000,10000,9.45,0.14,3,0
70800,10000,12.61,0.14,2,0
75000,3000,7.51,0.04,4,0
71000,10000,7.29,0.14,2,0
71496,10000,7.51,0.14,2,0
75000,9000,7.14,0.12,2,0
75000,12000,11.86,0.16,3,0
65600,10000,13.55,0.15,2,1
75000,15000,10.38,0.2,3,0
72000,10000,17.27,0.14,2,0
75000,5000,11.12,0.07,3,0
58650,9250,15.21,0.13,4,1
75000,1200,11.49,0.02,2,0
75000,15000,13.61,0.2,4,0
72000,10000,10.59,0.14,4,0
75000,17000,11.12,0.23,2,0
75000,16000,13.61,0.21,2,0
72000,10000,10.37,0.14,3,0
72000,10000,6.91,0.14,2,0
75000,5500,11.86,0.07,4,0
75000,12000,11.49,0.16,3,0
72000,10000,5.79,0.14,3,0
75000,15000,7.51,0.2,2,0
72000,10000,13.85,0.14,3,0
72345,10000,12.99,0.14,4,0
66500,10000,14.11,0.15,2,1
72500,10000,9.96,0.14,3,0
72858,10000,11.48,0.14,3,0
73000,10000,11.71,0.14,3,0
73000,10000,7.29,0.14,3,0
73000,10000,7.88,0.14,4,0
75000,6000,14.96,0.08,3,0
75000,6000,10.99,0.08,3,0
75000,25000,10.99,0.33,2,0
69000,15000,14.96,0.22,2,1
73000,10000,11.26,0.14,3,0
75000,20000,13.11,0.27,2,0
75000,20000,10.62,0.27,3,0
75000,10000,7.88,0.13,3,0
58650,10000,18.25,0.14,4,1
75000,10000,6.62,0.13,4,0
75000,8000,7.51,0.11,3,0
75000,10000,9.91,0.13,3,0
75000,5000,6.76,0.07,4,0
75000,11000,13.85,0.15,2,0
75000,5600,10.62,0.07,2,0
75000,10000,7.51,0.13,4,0
75000,12500,15.33,0.17,3,0
75000,8500,11.36,0.11,4,0
75000,10000,11.49,0.13,2,0
75000,21000,11.48,0.28,4,0
58650,5000,8.59,0.07,3,1
75000,10000,7.49,0.13,4,0
75000,8000,7.05,0.11,2,0
75000,10000,7.49,0.13,3,0
75000,20400,7.74,0.27,4,0
75000,24000,11.83,0.32,4,0
75000,5400,8.94,0.07,3,0
69000,10000,17.14,0.14,4,1
75000,8500,13.22,0.11,4,0
75000,4900,7.74,0.07,4,0
75000,9600,8.94,0.13,3,0
75000,12000,14.26,0.16,3,0
75000,8000,8.59,0.11,2,0
75000,10000,6.17,0.13,4,0
75000,10000,5.79,0.13,3,0
69000,10000,14.09,0.14,2,1
75000,25000,11.83,0.33,2,0
75000,10000,6.54,0.13,4,0
75000,7600,8.59,0.1,4,0
75000,10000,15.58,0.13,2,0
75000,5000,7.74,0.07,4,0
75000,10000,11.86,0.13,4,0
75000,10000,11.14,0.13,3,0
75000,2000,8.94,0.03,4,0
75000,10000,9.63,0.13,2,0
75000,6000,7.74,0.08,4,0
58650,25000,14.96,0.36,2,1
75000,16500,12.18,0.22,2,0
75000,10000,11.26,0.13,4,0
75000,8000,13.92,0.11,4,0
75000,10000,13.47,0.13,4,0
76000,10000,15.37,0.13,3,0
75000,10000,8.94,0.13,2,0
76250,10000,10.71,0.13,3,0
75000,9000,8.59,0.12,4,0
78000,10000,12.42,0.13,2,0
78000,10000,5.99,0.13,2,0
78000,10000,5.79,0.13,3,0
78204,10000,7.49,0.13,2,0
78513,10000,8.94,0.13,4,0
75000,10000,11.26,0.13,4,0
75000,15000,11.58,0.2,3,0
75000,3000,9.63,0.04,3,0
75000,6000,9.63,0.08,4,0
75000,15000,9.63,0.2,3,0
75000,5600,8.0,0.07,2,0
79000,10000,7.88,0.13,2,0
74000,10000,7.51,0.14,2,1
75000,3200,8.0,0.04,3,0
80000,10000,14.27,0.13,2,0
75000,3000,14.11,0.04,3,0
75000,16800,13.47,0.22,4,0
75000,5000,13.79,0.07,4,0
80000,10000,8.49,0.13,2,0
75000,8000,12.21,0.11,2,0
80000,10000,8.49,0.13,4,0
75000,15000,12.21,0.2,3,0
80000,10000,8.49,0.13,4,0
80000,10000,10.37,0.13,2,0
74000,10000,14.54,0.14,2,1
80000,10000,11.12,0.13,3,0
75000,4800,8.0,0.06,2,0
80000,10000,12.73,0.13,4,0
75000,15000,11.14,0.2,4,0
69000,4900,10.96,0.07,2,1
75000,7500,12.61,0.1,4,0
75000,6000,8.0,0.08,2,0
74000,10000,18.43,0.14,3,1
80000,10000,11.14,0.13,4,0
75000,19600,15.13,0.26,3,0
75000,10000,11.34,0.13,2,0
80004,10000,6.62,0.12,2,0
80004,10000,7.9,0.12,4,0
80004,10000,9.62,0.12,4,0
69000,2500,9.64,0.04,3,1
75000,12000,12.49,0.16,4,0
80038,10000,10.59,0.12,2,0
75181,6000,7.51,0.08,4,0
75200,6500,7.14,0.09,2,0
75360,7000,7.49,0.09,3,0
81996,10000,7.29,0.12,4,0
82632,10000,12.21,0.12,4,0
75500,7000,11.36,0.09,2,0
82650,10000,12.21,0.12,3,0
75555,10000,10.39,0.13,2,0
82800,10000,10.59,0.12,3,0
75600,10675,6.62,0.14,3,0
75600,7200,5.99,0.1,2,0
75600,15000,12.68,0.2,2,0
83000,10000,6.54,0.12,3,0
83200,10000,16.29,0.12,4,0
75600,14500,9.63,0.19,4,0
75689,25000,11.12,0.33,4,0
75744,15000,10.38,0.2,2,0
75744,6700,11.83,0.09,2,0
84000,10000,13.49,0.12,2,0
84000,10000,5.99,0.12,2,0
84000,10000,7.49,0.12,4,0
75873,1200,10.25,0.02,2,0
75885,3000,11.03,0.04,4,0
75912,22400,9.99,0.3,4,0
75996,10000,11.99,0.13,3,0
59497,7000,17.88,0.1,2,1
75996,15000,10.62,0.2,2,0
75996,9000,7.74,0.12,3,0
75996,8000,11.83,0.11,3,0
78996,10000,13.99,0.13,3,1
84996,10000,15.21,0.12,4,0
76000,14000,12.69,0.18,3,0
76000,3600,10.65,0.05,3,0
76000,6000,8.9,0.08,3,0
76000,12000,6.03,0.16,2,0
73000,10000,18.25,0.14,2,1
76000,13500,8.49,0.18,4,0
76000,13500,9.99,0.18,3,0
76000,5425,8.49,0.07,3,0
76000,24000,10.99,0.32,2,0
85000,10000,7.66,0.12,3,0
76000,15000,10.99,0.2,3,0
76000,20050,10.59,0.26,2,0
85000,10000,10.37,0.12,4,0
85000,10000,6.17,0.12,4,0
85000,10000,13.72,0.12,2,0
76000,14000,7.66,0.18,3,0
76000,6000,12.98,0.08,2,0
76000,20000,6.54,0.26,4,0
85000,10000,16.0,0.12,3,0
73000,10000,14.11,0.14,3,1
85000,10000,11.89,0.12,4,0
86000,10000,13.49,0.12,3,0
87000,10000,11.26,0.11,3,0
76000,18000,10.99,0.24,2,0
75996,10000,16.0,0.13,2,1
88000,10000,12.69,0.11,2,0
59500,20000,11.83,0.29,4,1
70000,25000,13.79,0.36,3,1
90000,10000,12.69,0.11,4,0
70000,15000,13.16,0.21,3,1
76160,7400,7.51,0.1,2,0
90000,10000,12.42,0.11,2,0
90000,10000,7.49,0.11,2,0
76296,18000,7.88,0.24,3,0
76300,3000,11.86,0.04,2,0
90000,10000,7.49,0.11,3,0
59813,20000,17.74,0.28,3,1
90000,10000,7.49,0.11,4,0
76486,6000,7.9,0.08,4,0
70500,14500,7.49,0.21,3,1
78000,10000,15.57,0.13,4,1
76500,4800,7.51,0.06,4,0
90000,10000,7.51,0.11,2,0
76596,24000,12.73,0.31,3,0
90000,10000,11.89,0.11,4,0
76700,14800,19.42,0.19,4,0
91000,10000,10.2,0.11,2,0
76800,6000,6.62,0.08,4,0
76800,12000,8.9,0.16,2,0
76800,12800,6.92,0.17,4,0
76800,6500,5.79,0.08,4,0
76800,8000,14.96,0.1,3,0
76800,10000,9.63,0.13,4,0
92000,10000,11.71,0.11,4,0
76896,25000,11.71,0.33,2,0
77000,12000,12.42,0.16,2,0
92652,10000,13.23,0.11,2,0
77000,12000,7.9,0.16,4,0
77000,12400,7.51,0.16,4,0
93000,10000,14.26,0.11,2,0
77000,9000,6.03,0.12,3,0
94000,10000,18.64,0.11,2,0
71000,6000,15.62,0.08,4,1
77000,3500,5.99,0.05,2,0
77000,3000,7.49,0.04,3,0
77000,4000,11.99,0.05,2,0
94000,10000,9.45,0.11,3,0
77000,3850,11.11,0.05,2,0
70550,10000,16.77,0.12,3,1
95000,10000,6.17,0.11,3,0
44966,10025,5.42,0.22,4,0
65400,10075,13.98,0.15,2,0
29136,10100,13.55,0.35,4,1
71000,3200,10.25,0.05,3,1
77000,10000,7.88,0.13,4,0
70000,10125,14.65,0.14,3,0
77000,8000,15.33,0.1,2,0
77000,21000,11.48,0.27,3,0
69000,10150,11.99,0.15,3,0
77000,14000,8.94,0.18,3,0
77000,6000,8.0,0.08,2,0
77000,5400,13.04,0.07,3,0
71000,5000,10.39,0.07,2,1
71000,20000,15.13,0.28,2,1
77004,6000,11.99,0.08,4,0
77004,15000,9.63,0.19,2,0
77004,12000,5.79,0.16,3,0
42000,10200,7.49,0.24,4,0
77004,6000,7.88,0.08,2,0
71004,5000,14.96,0.07,3,1
71004,2400,17.04,0.03,3,1
77004,16000,13.92,0.21,2,0
77052,24250,11.36,0.31,2,0
77078,3425,12.18,0.04,2,0
50004,10200,15.21,0.2,4,0
55000,10200,12.73,0.19,2,0
77237,5875,6.17,0.08,3,0
77237,15000,6.17,0.19,3,0
90000,10200,11.71,0.11,3,0
77350,4800,13.79,0.06,4,0
100000,10200,12.99,0.1,4,0
27000,11000,8.9,0.41,3,1
27000,11000,8.59,0.41,4,1
27300,11000,11.48,0.4,4,1
29000,11000,13.49,0.38,2,1
29004,11000,14.22,0.38,2,1
29472,11000,13.49,0.37,4,1
30720,11000,13.72,0.36,2,1
77604,6800,13.06,0.09,4,0
32000,11000,9.91,0.34,3,1
32000,11000,7.66,0.34,3,1
77705,4000,16.77,0.05,4,0
77705,11700,6.17,0.15,3,0
33000,11000,7.66,0.33,2,1
77927,15000,12.99,0.19,4,0
33600,11000,15.65,0.33,3,1
29000,11000,8.49,0.38,2,1
78000,2400,12.42,0.03,2,0
72000,14000,14.65,0.19,4,1
72000,10000,14.27,0.14,3,1
29000,11000,15.05,0.38,4,1
78000,4500,12.69,0.06,3,0
57000,11050,14.74,0.19,4,1
78000,10000,6.62,0.13,2,0
78000,8000,7.9,0.1,4,0
30000,11100,6.62,0.37,4,1
78000,5000,11.71,0.06,2,0
78000,7200,6.62,0.09,2,0
78000,5000,6.62,0.06,4,0
78000,8500,7.51,0.11,4,0
78000,1750,10.65,0.02,4,0
72000,8500,15.96,0.12,2,1
32244,11100,12.21,0.34,3,1
45000,11100,13.11,0.25,2,0
78000,15000,8.49,0.19,2,0
78000,3000,11.49,0.04,2,0
78000,8325,6.99,0.11,4,0
78000,6000,12.99,0.08,3,0
40000,12000,8.9,0.3,2,0
30852,11200,5.79,0.36,4,1
78000,4200,13.06,0.05,3,0
78000,20000,10.37,0.26,2,0
78000,8000,5.79,0.1,2,0
40000,5000,16.29,0.13,4,0
78000,4600,7.66,0.06,2,0
40000,12000,6.03,0.3,4,0
78000,3600,5.42,0.05,4,0
78000,12400,7.29,0.16,3,0
78000,12000,13.43,0.15,4,0
30840,11200,17.27,0.36,4,1
40000,11200,7.88,0.28,2,0
41600,11200,10.62,0.27,3,0
78000,12000,6.54,0.15,3,0
42000,11200,16.77,0.27,4,0
78000,10000,5.79,0.13,2,0
78000,6000,6.91,0.08,4,0
78000,1750,10.36,0.02,2,0
45000,11200,10.59,0.25,2,0
78000,14000,7.51,0.18,3,0
72000,12000,13.61,0.17,2,1
45000,11200,12.04,0.25,3,0
78000,2400,14.72,0.03,3,0
78000,15000,7.88,0.19,3,0
78000,25000,15.58,0.32,3,0
78000,2400,11.86,0.03,4,0
78000,9800,10.99,0.13,3,0
78000,1000,9.88,0.01,3,0
50000,11200,13.85,0.22,3,0
52000,11200,6.62,0.22,4,0
78000,6150,7.88,0.08,2,0
54000,11200,13.99,0.21,2,0
78000,18000,10.99,0.23,3,0
78000,7750,7.51,0.1,4,0
78000,16000,16.45,0.21,2,0
78000,16000,16.45,0.21,3,0
78000,14500,7.51,0.19,4,0
60000,11200,10.78,0.19,3,0
78000,25000,12.18,0.32,4,0
61000,11200,9.99,0.18,3,0
61200,11200,6.62,0.18,4,0
78000,4000,7.74,0.05,4,0
78000,14200,11.48,0.18,3,0
57800,11200,13.16,0.19,3,1
78000,8000,13.22,0.1,2,0
78000,16000,11.89,0.21,3,0
78000,9600,10.95,0.12,2,0
61200,20000,14.74,0.28,2,1
68000,11200,11.99,0.16,2,0
71000,11200,11.36,0.16,3,0
61200,13500,10.83,0.19,2,1
72000,11200,10.36,0.16,2,0
78000,25000,9.64,0.32,4,0
78402,11200,11.71,0.14,3,0
78200,6000,6.54,0.08,3,0
82000,11200,5.42,0.14,4,0
61455,15000,16.82,0.21,3,1
78386,4000,5.42,0.05,3,0
78400,5000,17.49,0.06,3,0
78400,17400,13.48,0.22,2,0
100016,11200,13.98,0.11,2,0
78413,17500,10.65,0.22,2,0
78420,8000,11.49,0.1,4,0
78500,6000,7.49,0.08,4,0
78500,7200,7.49,0.09,3,0
72500,16000,15.28,0.22,4,1
78500,4800,7.14,0.06,4,0
110000,11200,7.49,0.1,4,0
78500,16000,7.88,0.2,2,0
180000,11200,5.79,0.06,4,0
45000,11250,9.38,0.25,2,0
72644,5900,7.49,0.08,3,1
61754,10000,14.83,0.14,4,1
35000,11300,13.49,0.32,3,1
41892,11300,13.22,0.27,4,0
78720,10000,9.62,0.13,2,0
78792,5500,14.61,0.07,4,0
78885,20000,12.42,0.25,3,0
78948,17500,11.83,0.22,2,0
45000,11300,13.48,0.25,2,0
78996,10000,11.11,0.13,2,0
71000,11300,7.49,0.16,2,0
29000,11325,9.91,0.39,3,1
79000,10375,6.62,0.13,4,0
79000,17825,6.62,0.23,2,0
36000,11325,12.69,0.31,4,1
79000,8000,5.99,0.1,3,0
30000,11400,7.51,0.38,4,1
41500,11400,7.66,0.27,3,0
79000,14000,6.92,0.18,2,0
50000,11400,17.58,0.23,4,0
60000,11400,15.23,0.19,4,0
79000,10000,5.79,0.13,2,0
79000,20000,6.91,0.25,3,0
62050,2000,13.35,0.03,4,1
65000,11400,11.89,0.18,3,0
73000,11400,14.84,0.16,4,1
79000,9000,6.76,0.11,4,0
62050,18300,10.62,0.25,3,1
79000,10000,10.99,0.13,2,0
79000,3200,7.88,0.04,2,0
107806,11425,10.37,0.11,3,0
79000,16000,12.73,0.2,4,0
79000,11000,13.11,0.14,4,0
79000,14000,13.57,0.18,3,0
79000,14500,11.48,0.18,3,0
79000,15000,13.79,0.19,2,0
79000,7500,10.01,0.09,3,0
79100,3300,5.42,0.04,3,0
79200,6075,6.03,0.08,2,0
79200,3800,6.62,0.05,4,0
79200,5000,5.42,0.06,3,0
79200,8000,7.88,0.1,4,0
79200,4750,10.25,0.06,3,0
79380,10000,12.23,0.13,3,0
79400,12000,9.88,0.15,4,0
62393,20000,15.05,0.27,3,1
79500,6000,11.36,0.08,2,0
79560,8000,12.53,0.1,4,0
34100,11500,6.62,0.34,3,1
79618,7000,7.74,0.09,3,0
34500,11500,15.31,0.33,2,1
79632,7200,14.17,0.09,3,0
79700,7200,9.99,0.09,3,0
79768,12000,13.49,0.15,4,0
40000,13000,7.29,0.33,4,0
79992,10000,6.03,0.13,2,0
34000,11500,11.49,0.34,2,1
79996,24000,16.32,0.3,3,0
40000,3000,7.66,0.07,3,0
74000,15000,9.91,0.2,3,1
41784,11500,10.95,0.28,4,0
80000,12000,16.29,0.15,2,0
42000,11500,7.88,0.27,2,0
80000,4000,19.03,0.05,3,0
80000,6000,7.9,0.07,3,0
42000,11500,13.79,0.27,3,0
45760,11500,11.78,0.25,4,0
45996,11500,12.53,0.25,4,0
80000,15000,12.42,0.19,2,0
62900,11000,7.9,0.15,3,1
57000,11500,7.51,0.2,3,0
80000,25000,13.49,0.31,2,0
40000,8000,5.79,0.2,2,0
62500,11500,5.79,0.18,3,0
80000,24000,11.71,0.3,3,0
80000,18000,7.9,0.23,2,0
63000,11500,14.79,0.18,2,0
70000,11500,11.86,0.16,3,0
80000,10000,8.9,0.13,4,0
74000,11500,10.74,0.16,3,0
80000,4000,6.62,0.05,2,0
80000,12000,6.62,0.15,2,0
79000,11500,11.99,0.15,3,0
74000,18000,7.9,0.24,2,1
125000,11500,10.38,0.09,2,0
41000,11525,12.99,0.28,3,0
77954,11550,16.77,0.15,2,1
80000,9500,11.71,0.12,2,0
70000,11600,6.99,0.17,3,0
80000,4200,14.27,0.05,4,0
71000,11600,10.99,0.16,2,0
40000,11650,11.99,0.29,4,0
80000,16000,12.42,0.2,4,0
57996,11650,13.47,0.2,2,0
30000,11700,11.71,0.39,2,1
80000,7000,14.65,0.09,4,0
80000,6000,6.03,0.07,4,0
80000,4900,15.27,0.06,4,0
80000,7000,6.03,0.09,4,0
74000,4000,7.51,0.05,3,1
80000,18200,7.9,0.23,2,0
66000,11750,17.14,0.18,2,1
80000,5000,7.51,0.06,3,0
44400,11775,13.49,0.27,4,0
35000,11800,10.95,0.34,2,1
40000,11800,6.92,0.29,4,0
80000,3000,6.03,0.04,2,0
42000,11800,12.69,0.28,2,0
76000,11800,13.11,0.16,3,0
94000,11800,13.99,0.13,4,0
80000,7000,16.29,0.09,3,0
42500,11850,14.11,0.28,2,1
50000,11875,10.65,0.24,2,0
35000,11900,7.66,0.34,3,1
80000,11000,6.62,0.14,3,0
80000,22000,10.65,0.28,2,0
80000,2000,7.9,0.03,4,0
80000,2000,15.27,0.03,3,0
80000,12000,5.99,0.15,2,0
80000,2200,13.49,0.03,4,0
80000,5000,6.99,0.06,4,0
26000,12000,11.99,0.46,3,1
80000,14000,15.62,0.17,4,0
80000,5550,8.49,0.07,2,0
80000,12000,5.99,0.15,2,0
80000,2500,11.49,0.03,2,0
28000,12000,14.27,0.43,4,1
80000,3000,6.99,0.04,2,0
80000,16000,11.99,0.2,3,0
29000,12000,15.05,0.41,2,1
80000,9000,7.49,0.11,4,0
80000,8000,10.99,0.1,3,0
29435,12000,7.66,0.41,3,1
30000,12000,10.99,0.4,3,1
80000,5000,15.62,0.06,2,0
30000,12000,5.79,0.4,3,1
30000,12000,6.91,0.4,3,1
80000,3000,5.99,0.04,3,0
80000,2700,10.59,0.03,4,0
80000,12000,7.49,0.15,3,0
80000,4000,15.23,0.05,3,0
30000,12000,13.72,0.4,2,1
80000,5500,5.42,0.07,2,0
30000,12000,14.46,0.4,2,1
80000,12000,13.99,0.15,3,0
30000,12000,10.62,0.4,3,1
80000,4000,5.99,0.05,4,0
30000,12000,11.48,0.4,3,1
30000,12000,11.48,0.4,4,1
30000,12000,9.32,0.4,3,1
80000,4800,10.99,0.06,4,0
80000,10000,7.49,0.13,4,0
80000,6000,5.99,0.07,4,0
80000,10800,11.99,0.14,3,0
80000,5000,12.99,0.06,2,0
31000,12000,10.25,0.39,4,1
80000,20000,15.62,0.25,3,0
80000,10250,5.42,0.13,4,0
31200,12000,10.39,0.38,2,1
31800,12000,5.42,0.38,2,1
80000,1500,10.37,0.02,2,0
74000,24000,10.74,0.32,3,1
32000,12000,7.51,0.38,2,1
74000,19000,20.48,0.26,2,1
80000,4800,7.29,0.06,4,0
32000,12000,7.29,0.38,2,1
32000,12000,13.85,0.38,3,1
74000,16800,16.4,0.23,4,1
32000,12000,12.87,0.38,2,1
32000,12000,8.94,0.38,3,1
80000,14625,12.68,0.18,4,0
32500,12000,11.49,0.37,2,1
33000,12000,8.49,0.36,3,1
80000,12000,10.0,0.15,4,0
33504,12000,13.98,0.36,3,1
80000,25000,14.46,0.31,2,0
33504,12000,13.11,0.36,4,1
33600,12000,9.91,0.36,4,1
33600,12000,11.12,0.36,3,1
80000,6300,5.79,0.08,4,0
34000,12000,11.71,0.35,4,1
80000,20000,6.54,0.25,4,0
80000,9000,9.62,0.11,2,0
80000,13000,6.54,0.16,3,0
34000,12000,14.96,0.35,3,1
80000,16000,6.17,0.2,4,0
80000,12000,6.91,0.15,2,0
80000,18000,5.79,0.23,4,0
34000,12000,12.84,0.35,4,1
80000,18000,5.79,0.23,2,0
80000,2000,6.91,0.03,3,0
80000,3000,6.17,0.04,4,0
80000,25000,10.36,0.31,3,0
80000,10000,5.79,0.13,4,0
34132,12000,10.62,0.35,3,1
40000,6000,8.0,0.15,3,0
34138,12000,10.39,0.35,2,1
34500,12000,14.84,0.35,2,1
34500,12000,10.38,0.35,2,1
80000,25000,9.99,0.31,3,0
80000,15000,12.61,0.19,4,0
80000,16000,7.88,0.2,2,0
80000,2000,14.72,0.03,3,0
40000,6000,13.47,0.15,3,0
40000,15000,13.16,0.38,2,0
35000,12000,11.71,0.34,4,1
35000,12000,10.0,0.34,4,1
35000,12000,6.54,0.34,2,1
35000,12000,10.91,0.34,2,1
80000,8000,15.58,0.1,4,0
80000,24000,14.35,0.3,3,0
80000,4900,6.76,0.06,3,0
29004,12000,12.84,0.41,4,1
35400,12000,7.29,0.34,4,1
80000,10000,14.72,0.13,3,0
40000,2000,12.53,0.05,4,0
36000,12000,9.91,0.33,3,1
30000,12000,11.11,0.4,3,1
80000,4000,7.51,0.05,3,0
80000,18000,7.51,0.23,3,0
40000,6400,8.32,0.16,3,0
36000,12000,8.88,0.33,4,1
80000,7000,7.51,0.09,2,0
36000,12000,5.79,0.33,3,1
36000,12000,11.49,0.33,2,1
80000,11000,12.73,0.14,3,0
80000,25000,10.25,0.31,4,0
62900,8825,15.7,0.12,3,1
36780,12000,11.49,0.33,4,1
31008,12000,13.79,0.39,4,1
80000,18000,10.62,0.23,2,0
80000,12000,13.48,0.15,4,0
80000,12000,13.48,0.15,4,0
80000,10000,7.14,0.13,4,0
80000,15000,9.88,0.19,4,0
80000,15000,16.07,0.19,2,0
80000,12000,7.88,0.15,3,0
31200,12000,10.99,0.38,2,1
80000,5000,11.36,0.06,3,0
80000,8500,7.51,0.11,2,0
37392,12000,10.62,0.32,2,1
80000,25000,10.62,0.31,4,0
80000,5000,7.14,0.06,2,0
80000,5000,14.96,0.06,3,0
80000,20000,14.96,0.25,3,0
38000,12000,11.71,0.32,2,1
62900,12000,16.35,0.16,2,1
80000,6000,19.13,0.07,4,0
74000,10000,11.83,0.14,3,1
38000,12000,10.37,0.32,4,1
38000,12000,13.23,0.32,3,1
80000,10000,7.74,0.13,3,0
38000,12000,11.89,0.32,3,1
80000,6000,7.4,0.07,3,0
38000,12000,11.34,0.32,3,1
80000,6000,7.74,0.07,4,0
38001,12000,6.17,0.32,3,1
80000,25000,15.31,0.31,2,0
80000,6000,8.59,0.07,4,0
80000,25000,11.48,0.31,4,0
38004,12000,10.75,0.32,3,1
32004,12000,14.96,0.37,3,1
80000,5500,8.94,0.07,2,0
80000,15000,12.53,0.19,3,0
38340,12000,11.71,0.31,2,1
80000,8500,11.14,0.11,2,0
74000,25000,12.18,0.34,2,1
38400,12000,8.9,0.31,4,1
80000,7000,13.22,0.09,2,0
80000,22000,11.48,0.28,3,0
39996,12000,8.94,0.3,3,0
38400,12000,5.99,0.31,2,1
38599,12000,10.38,0.31,4,1
80000,15000,11.48,0.19,3,0
39000,12000,10.99,0.31,4,1
39000,12000,11.11,0.31,3,1
80000,3000,8.0,0.04,4,0
39000,12000,10.83,0.31,3,1
39600,12000,8.9,0.3,4,0
39996,3000,7.37,0.08,4,0
39600,12000,10.99,0.3,2,0
80000,8000,15.68,0.1,4,0
39779,12000,5.79,0.3,2,0
80000,17000,12.21,0.21,2,0
74000,15000,15.05,0.2,3,1
39900,12000,7.9,0.3,3,0
39900,12000,9.88,0.3,4,0
74000,7500,10.08,0.1,4,1
80000,7500,8.63,0.09,4,0
39996,12000,12.69,0.3,3,0
80000,10000,8.32,0.13,2,0
39996,12000,9.63,0.3,2,0
80000,20000,9.51,0.25,2,0
74000,25000,14.38,0.34,3,1
40000,12000,13.49,0.3,2,0
80004,2425,15.27,0.03,4,0
80004,3600,7.49,0.04,4,0
80004,6000,6.17,0.07,3,0
74004,25000,15.57,0.34,3,1
40000,12000,9.99,0.3,3,0
80004,25000,10.36,0.31,3,0
40000,12000,7.51,0.3,2,0
80004,15000,11.86,0.19,3,0
40000,12000,10.99,0.3,2,0
40000,12000,7.88,0.3,2,0
80004,19000,10.62,0.24,2,0
40000,12000,13.22,0.3,4,0
80004,6000,8.0,0.07,4,0
40000,12000,12.18,0.3,4,0
40000,12000,11.58,0.3,2,0
40000,12000,11.89,0.3,3,0
80004,6000,8.63,0.07,4,0
40100,12000,9.91,0.3,2,0
80070,27525,10.74,0.34,3,0
80140,11300,10.37,0.14,2,0
80208,4000,5.42,0.05,4,0
40320,12000,14.27,0.3,3,0
80340,7000,7.14,0.09,3,0
41000,12000,11.71,0.29,3,0
80400,1000,5.42,0.01,3,0
80400,25000,17.49,0.31,4,0
80400,12000,5.79,0.15,3,0
36000,12000,9.91,0.33,3,1
42000,12000,13.49,0.29,2,0
42000,12000,7.9,0.29,4,0
74476,5000,8.49,0.07,4,1
80500,24000,17.58,0.3,3,0
42000,12000,10.65,0.29,4,0
42000,12000,8.49,0.29,3,0
80500,11000,12.53,0.14,3,0
74500,7500,13.17,0.1,2,1
74600,20000,17.51,0.27,3,1
42000,12000,7.66,0.29,4,0
80689,16000,13.22,0.2,2,0
80730,9600,7.29,0.12,2,0
42000,12000,13.23,0.29,2,0
80832,15000,15.65,0.19,2,0
81000,9100,12.42,0.11,3,0
42500,12000,12.69,0.28,3,0
81000,10750,8.49,0.13,2,0
42500,12000,13.35,0.28,3,0
42500,12000,11.36,0.28,2,0
42900,12000,8.9,0.28,2,0
43000,12000,13.16,0.28,2,0
75000,25000,15.57,0.33,4,1
81000,10000,8.88,0.12,4,0
81000,5000,10.75,0.06,3,0
81000,6600,7.88,0.08,4,0
43200,12000,10.36,0.28,4,0
81000,20000,11.49,0.25,4,0
43680,12000,10.37,0.27,2,0
81000,24000,9.88,0.3,2,0
44004,12000,16.45,0.27,4,0
44160,12000,13.24,0.27,2,0
44400,12000,14.79,0.27,4,0
81000,10000,15.31,0.12,3,0
44412,12000,13.11,0.27,2,0
81000,15000,12.18,0.19,4,0
81000,5200,10.95,0.06,2,0
81000,8400,12.53,0.1,3,0
45000,12000,12.69,0.27,4,0
81120,15000,10.25,0.18,4,0
39000,4400,14.84,0.11,2,0
45000,12000,6.62,0.27,2,0
81204,9100,10.95,0.11,4,0
81360,6000,7.9,0.07,4,0
39000,3600,11.86,0.09,2,0
39000,8500,14.35,0.22,3,0
81500,15000,10.0,0.18,4,0
81500,7575,6.54,0.09,3,0
81500,20000,6.54,0.25,2,0
39000,3000,10.62,0.08,2,0
81504,2400,6.92,0.03,4,0
81600,7200,11.99,0.09,3,0
81600,9000,7.49,0.11,4,0
81600,14400,6.92,0.18,4,0
81600,13000,13.23,0.16,4,0
81600,1300,6.39,0.02,3,0
45000,12000,10.99,0.27,3,0
81600,20000,12.18,0.25,2,0
45000,12000,5.79,0.27,3,0
45000,12000,7.66,0.27,4,0
81800,2500,6.39,0.03,2,0
45000,12000,9.62,0.27,3,0
45000,12000,11.83,0.27,4,0
81996,7000,14.72,0.09,4,0
81996,14000,7.88,0.17,3,0
45000,12000,11.97,0.27,3,0
82000,7000,12.42,0.09,3,0
82000,25000,15.27,0.3,3,0
45176,12000,11.49,0.27,3,0
45204,12000,7.51,0.27,4,0
45600,12000,13.23,0.26,4,0
39760,12000,16.07,0.3,2,1
45806,12000,14.84,0.26,3,0
45900,12000,10.39,0.26,3,0
82000,1000,14.27,0.01,2,0
82000,19075,7.9,0.23,2,0
82000,5000,16.77,0.06,3,0
45996,12000,15.68,0.26,3,0
46000,12000,11.71,0.26,3,0
46000,12000,5.42,0.26,3,0
82000,3200,5.99,0.04,3,0
46000,12000,12.68,0.26,3,0
46000,12000,12.84,0.26,3,0
46800,12000,15.21,0.26,3,0
82000,15000,10.37,0.18,2,0
47000,12000,15.96,0.26,2,0
82000,9600,10.0,0.12,2,0
47000,12000,6.03,0.26,3,0
47000,12000,10.37,0.26,2,0
82000,10750,9.25,0.13,2,0
82000,8000,5.79,0.1,3,0
82000,20000,6.54,0.24,4,0
41000,12000,10.0,0.29,3,1
76000,6000,11.49,0.08,2,1
38400,7000,12.69,0.18,2,0
47840,12000,12.69,0.25,4,0
48000,12000,6.03,0.25,2,0
82000,6000,6.76,0.07,3,0
48000,12000,16.77,0.25,3,0
48000,12000,13.49,0.25,2,0
82000,20000,9.88,0.24,4,0
42000,12000,15.65,0.29,3,1
82000,10000,12.87,0.12,2,0
82000,20000,13.57,0.24,2,0
76000,7200,16.35,0.09,2,1
82000,14700,9.63,0.18,3,0
48000,12000,11.66,0.25,3,0
82000,4500,15.05,0.05,4,0
82000,5000,13.47,0.06,2,0
82000,8300,11.46,0.1,3,0
82000,10000,14.93,0.12,3,0
82000,7500,12.72,0.09,4,0
82000,7500,8.32,0.09,3,0
48074,12000,13.85,0.25,4,0
76000,7000,12.92,0.09,3,1
60000,12000,10.65,0.2,3,0
60000,12000,7.51,0.2,3,0
54000,12000,12.42,0.22,2,1
76248,9750,14.27,0.13,3,1
60000,12000,12.69,0.2,2,0
82305,18600,6.99,0.23,2,0
60000,12000,6.03,0.2,3,0
54000,12000,16.77,0.22,4,1
60000,12000,6.62,0.2,2,0
60000,12000,7.9,0.2,2,0
82500,5000,8.49,0.06,4,0
82500,10000,5.79,0.12,4,0
65025,16000,14.35,0.21,3,1
60000,12000,8.9,0.2,4,0
60000,12000,9.99,0.2,4,0
60000,12000,10.99,0.2,4,0
82500,14400,9.32,0.17,3,0
60000,12000,10.37,0.2,3,0
60000,12000,10.36,0.2,3,0
54000,12000,12.98,0.22,3,1
60000,12000,5.42,0.2,3,0
82729,4800,6.17,0.06,3,0
60000,12000,11.86,0.2,4,0
60000,12000,7.88,0.2,2,0
60000,12000,10.99,0.2,2,0
60000,12000,10.62,0.2,4,0
83000,5500,11.99,0.07,4,0
60000,12000,12.87,0.2,4,0
60000,12000,14.26,0.2,4,0
83000,14000,8.49,0.17,2,0
83000,5775,9.99,0.07,4,0
60000,12000,9.63,0.2,2,0
60000,12000,12.21,0.2,3,0
60000,12000,12.21,0.2,2,0
83000,13000,10.99,0.16,2,0
83000,10400,5.79,0.13,3,0
38376,8400,13.8,0.22,2,0
83000,20000,14.54,0.24,4,0
83000,10000,7.66,0.12,4,0
60000,12000,13.47,0.2,3,0
60000,12000,9.63,0.2,2,0
83000,15000,6.91,0.18,4,0
38272,4800,9.99,0.13,2,0
83000,1500,11.12,0.02,2,0
83000,25000,15.95,0.3,4,0
60500,12000,16.49,0.2,2,0
83000,25000,10.99,0.3,3,0
83000,7000,12.73,0.08,2,0
83000,17000,10.25,0.2,3,0
83000,8500,8.0,0.1,4,0
77000,7200,18.53,0.09,3,1
65450,10800,12.21,0.14,3,1
61000,12000,7.29,0.2,3,0
23500,3000,13.23,0.13,2,0
83004,3500,12.61,0.04,2,0
83004,24000,7.88,0.29,2,0
83004,5000,6.76,0.06,4,0
83050,10000,13.49,0.12,3,0
38004,3000,13.35,0.08,2,0
83199,14400,5.42,0.17,3,0
83200,4000,7.49,0.05,4,0
24856,3000,9.32,0.12,4,0
77200,22000,13.23,0.28,2,1
24996,3000,11.49,0.12,3,0
25000,3000,12.69,0.12,3,0
83400,10000,13.11,0.12,3,0
25000,3000,11.12,0.12,4,0
38004,3000,12.92,0.08,3,0
83500,1600,6.76,0.02,3,0
83500,6500,8.59,0.08,2,0
83600,13600,7.66,0.16,3,0
83600,7500,13.11,0.09,4,0
25000,3000,10.95,0.12,2,0
25000,3000,8.32,0.12,2,0
83957,3000,8.94,0.04,3,0
25200,3000,14.35,0.12,3,0
84000,8500,6.62,0.1,4,0
84000,17500,8.9,0.21,3,0
84000,16000,6.03,0.19,2,0
84000,20000,15.27,0.24,3,0
84000,7500,12.69,0.09,3,0
84000,3900,11.71,0.05,4,0
26500,3000,10.62,0.11,3,0
26880,3000,12.23,0.11,2,0
84000,4200,5.42,0.05,4,0
27000,3000,11.14,0.11,2,0
84000,5000,10.99,0.06,2,0
27600,3000,11.49,0.11,4,0
84000,2500,9.99,0.03,4,0
84000,6500,10.99,0.08,3,0
84000,28000,8.49,0.33,4,0
28000,3000,10.59,0.11,3,0
28000,3000,10.25,0.11,3,0
28000,3000,10.25,0.11,4,0
84000,23000,11.99,0.27,2,0
84000,18000,9.99,0.21,2,0
84000,12000,11.99,0.14,3,0
28800,3000,12.42,0.1,2,0
84000,2825,5.99,0.03,4,0
84000,21000,13.49,0.25,2,0
28800,3000,11.12,0.1,3,0
84000,7000,6.92,0.08,2,0
84000,7200,5.79,0.09,2,0
84000,23000,12.68,0.27,4,0
30000,3000,12.69,0.1,4,1
30000,3000,11.71,0.1,3,0
30000,3000,13.49,0.1,4,0
84000,4200,9.25,0.05,4,0
84000,8000,7.51,0.1,2,0
84000,8000,7.88,0.1,4,0
62000,12000,12.69,0.19,3,0
84000,10000,10.38,0.12,3,0
84000,10000,7.88,0.12,3,0
84000,6000,10.62,0.07,4,0
66300,1700,6.76,0.02,4,1
62000,12000,5.79,0.19,2,0
84000,25000,10.25,0.3,2,0
84000,15000,7.88,0.18,4,0
62204,12000,14.11,0.19,2,0
84000,8500,11.83,0.1,3,0
62300,12000,7.9,0.19,4,0
84000,25000,12.53,0.3,2,0
84000,10000,12.53,0.12,4,0
84000,20000,11.83,0.24,3,0
78000,8000,12.87,0.1,2,1
62400,12000,7.29,0.19,4,0
62400,12000,6.91,0.19,3,0
84000,3000,9.63,0.04,3,0
84000,2150,13.47,0.03,2,0
84000,25000,11.26,0.3,4,0
62500,12000,12.23,0.19,4,0
84000,7500,8.63,0.09,2,0
63000,12000,10.65,0.19,3,0
84000,20000,12.61,0.24,2,0
84000,4925,9.96,0.06,3,0
63000,12000,14.26,0.19,3,0
84191,9000,6.62,0.11,4,0
84400,12000,8.94,0.14,3,0
63996,12000,13.79,0.19,4,0
84500,10000,7.51,0.12,4,0
38000,5000,12.53,0.13,3,0
64000,12000,13.16,0.19,2,0
84554,3600,6.03,0.04,2,0
64404,12000,11.89,0.19,2,0
78700,7000,7.68,0.09,3,1
64500,12000,10.99,0.19,4,0
64575,12000,7.29,0.19,4,0
65000,12000,8.9,0.18,2,0
65000,12000,11.71,0.18,4,0
38000,1000,10.08,0.03,4,0
84996,1500,12.23,0.02,4,0
84996,8000,15.57,0.09,2,0
84996,16750,14.35,0.2,2,0
59000,12000,15.28,0.2,2,1
65000,12000,8.94,0.18,4,0
84996,15000,11.48,0.18,2,0
84996,10000,10.95,0.12,4,0
59000,12000,17.58,0.2,4,1
84996,5000,10.95,0.06,3,0
65000,12000,14.3,0.18,3,0
65400,12000,13.06,0.18,2,0
66000,12000,14.65,0.18,2,0
62050,5600,14.65,0.08,4,1
66000,12000,11.83,0.18,2,0
67200,12000,13.49,0.18,4,0
68400,12000,7.29,0.18,4,0
85000,12000,14.65,0.14,4,0
68496,12000,15.31,0.18,3,0
62500,12000,16.77,0.19,2,1
69000,12000,7.88,0.17,4,0
85000,15000,7.9,0.18,2,0
85000,20000,13.49,0.24,2,0
69500,12000,10.65,0.17,2,0
85000,24000,8.9,0.28,3,0
85000,7000,12.69,0.08,3,0
85000,10000,6.62,0.12,4,0
69600,12000,7.29,0.17,4,0
85000,14000,16.29,0.16,4,0
37500,6000,11.49,0.16,3,0
70000,12000,10.65,0.17,3,0
70000,12000,8.9,0.17,2,0
70000,12000,7.9,0.17,2,0
85000,15000,6.03,0.18,2,0
85000,11000,14.27,0.13,4,0
70000,12000,11.99,0.17,2,0
70000,12000,5.99,0.17,4,0
85000,3000,6.03,0.04,3,0
70000,12000,6.99,0.17,3,0
70000,12000,6.99,0.17,3,0
70000,12000,7.29,0.17,4,0
70000,12000,10.37,0.17,3,0
85000,7200,8.9,0.08,4,0
73000,6000,13.49,0.08,2,1
85000,25600,12.69,0.3,4,0
85000,14000,6.03,0.16,4,0
70000,12000,12.18,0.17,3,0
64000,12000,12.87,0.19,2,1
85000,12000,14.27,0.14,4,0
85000,5500,13.49,0.06,3,0
85000,12000,6.62,0.14,3,0
70000,12000,11.58,0.17,3,0
70000,12000,13.55,0.17,3,0
85000,24000,7.49,0.28,4,0
71151,12000,6.62,0.17,4,0
85000,10000,12.99,0.12,4,0
85000,4650,13.49,0.05,3,0
85000,7500,13.99,0.09,2,0
37200,7000,8.49,0.19,4,0
72000,12000,13.99,0.17,4,0
72000,12000,12.99,0.17,3,0
85000,12000,5.99,0.14,2,0
85000,11600,5.42,0.14,4,0
85000,10000,10.99,0.12,2,0
85000,10000,5.99,0.12,2,0
85000,21400,13.49,0.25,4,0
72000,12000,10.99,0.17,4,0
31200,4000,17.19,0.13,4,1
66000,12000,16.89,0.18,2,1
85000,2800,7.49,0.03,3,0
85000,27500,11.99,0.32,2,0
85000,10000,13.99,0.12,4,0
72000,12000,9.99,0.17,3,0
85000,11000,11.99,0.13,4,0
72000,12000,7.88,0.17,4,0
85000,24000,10.99,0.28,4,0
85000,4650,8.49,0.05,2,0
85000,12000,11.99,0.14,3,0
72100,12000,5.79,0.17,2,0
85000,16000,10.99,0.19,2,0
72324,12000,10.99,0.17,3,0
85000,1500,13.06,0.02,2,0
85000,10000,10.0,0.12,4,0
85000,7200,6.92,0.08,4,0
73000,12000,7.49,0.16,3,0
85000,6250,14.91,0.07,2,0
57424,12000,15.31,0.18,4,1
85000,20000,10.37,0.24,2,0
74000,12000,7.88,0.16,3,0
85000,4000,5.79,0.05,3,0
85000,10400,5.79,0.12,4,0
85000,7350,5.79,0.09,4,0
85000,9600,10.37,0.11,4,0
85000,24000,10.74,0.28,2,0
41000,3000,12.42,0.07,3,0
85000,2200,13.43,0.03,3,0
85000,15000,10.0,0.18,2,0
73000,14400,13.8,0.2,3,1
85000,5000,5.42,0.06,2,0
41000,3000,11.03,0.07,4,0
85000,20000,11.11,0.24,4,0
85000,7000,6.91,0.08,3,0
73000,10000,14.09,0.14,3,1
85000,12800,6.54,0.15,3,0
41004,3000,11.14,0.07,2,0
42000,3000,12.69,0.07,2,0
73000,25000,16.32,0.34,2,1
85000,25000,10.36,0.29,4,0
42000,3000,6.62,0.07,3,0
85000,4000,6.54,0.05,3,0
85000,1000,9.99,0.01,4,0
85000,14000,5.79,0.16,2,0
85000,25000,10.36,0.29,3,0
36000,3000,11.49,0.08,4,1
85000,10000,10.36,0.12,4,0
37000,9250,12.23,0.25,4,0
85000,7000,9.25,0.08,4,0
85000,4000,9.25,0.05,2,0
85000,12000,6.91,0.14,3,0
85000,5000,12.61,0.06,2,0
42000,3000,11.49,0.07,2,0
36000,3000,10.37,0.08,3,1
85000,22000,6.54,0.26,4,0
37000,1125,5.79,0.03,3,0
85000,5000,6.17,0.06,2,0
85000,9600,13.61,0.11,3,0
37000,7200,13.61,0.19,4,0
62050,5400,15.21,0.07,3,1
85000,12000,7.88,0.14,3,0
85000,6000,7.88,0.07,2,0
85000,25000,10.75,0.29,4,0
37000,9000,10.25,0.24,3,0
85000,2500,10.38,0.03,4,0
85000,5000,14.35,0.06,2,0
42000,3000,17.93,0.07,2,0
42000,3000,12.73,0.07,4,0
85000,7750,11.12,0.09,4,0
85000,4000,7.88,0.05,2,0
85000,12000,7.51,0.14,4,0
42000,3000,11.83,0.07,2,0
85000,9600,13.85,0.11,4,0
85000,4000,6.76,0.05,4,0
85000,15000,12.73,0.18,4,0
85000,18000,9.88,0.21,3,0
85000,8000,7.14,0.09,2,0
85000,15000,7.88,0.18,4,0
85000,6000,9.88,0.07,3,0
85000,25000,10.99,0.29,2,0
36000,3000,12.29,0.08,2,1
42224,3000,13.48,0.07,2,0
85000,15000,15.33,0.18,2,0
42264,3000,10.71,0.07,2,0
36708,3000,15.33,0.08,3,1
85000,15000,9.88,0.18,3,0
74000,12000,12.53,0.16,4,0
68500,12000,13.16,0.18,2,1
85000,7200,13.57,0.08,3,0
85000,11700,8.59,0.14,3,0
74706,12000,11.58,0.16,3,0
85000,18000,12.18,0.21,4,0
75000,12000,14.27,0.16,2,0
85000,10000,12.18,0.12,2,0
75000,12000,6.03,0.16,3,0
75000,12000,13.49,0.16,2,0
75000,12000,6.62,0.16,2,0
75000,12000,11.49,0.16,3,0
85000,4400,7.4,0.05,2,0
85000,8000,11.14,0.09,3,0
75000,12000,10.74,0.16,3,0
75000,12000,10.37,0.16,4,0
69000,12000,12.68,0.17,3,1
85000,20000,13.92,0.24,3,0
85000,12000,11.14,0.14,3,0
85000,20000,13.22,0.24,4,0
36662,18000,10.25,0.49,4,0
75000,12000,12.98,0.16,2,0
75000,12000,10.38,0.16,3,0
73000,25000,17.9,0.34,2,1
85000,1000,9.32,0.01,2,0
75000,12000,12.53,0.16,3,0
62050,6000,14.74,0.08,2,1
69000,12000,10.2,0.17,4,1
75000,12000,12.09,0.16,2,0
85000,15000,12.84,0.18,3,0
76000,12000,7.9,0.16,4,0
85000,25000,12.53,0.29,4,0
77000,12000,11.71,0.16,2,0
73000,9325,12.53,0.13,2,1
85000,5000,13.79,0.06,2,0
77000,12000,11.49,0.16,4,0
78000,12000,7.14,0.15,2,0
78000,12000,12.53,0.15,2,0
78500,12000,10.99,0.15,2,0
85000,4800,11.59,0.06,2,0
85000,7500,11.03,0.09,3,0
85000,7000,8.63,0.08,2,0
73500,12000,12.99,0.16,2,1
80000,12000,9.91,0.15,2,0
85000,9000,12.36,0.11,2,0
73000,20000,13.12,0.27,4,1
85000,5275,7.43,0.06,3,0
80000,12000,12.69,0.15,2,0
73008,15000,15.68,0.21,3,1
85100,4500,6.39,0.05,3,0
85200,8000,6.03,0.09,4,0
80000,12000,11.71,0.15,4,0
73248,12000,11.11,0.16,4,1
36184,12000,9.99,0.33,4,0
80000,12000,12.42,0.15,2,0
80000,12000,6.62,0.15,4,0
80000,12000,12.99,0.15,3,0
62900,12000,15.62,0.16,2,1
80000,12000,10.59,0.15,4,0
85500,20675,10.0,0.24,2,0
85500,12000,11.49,0.14,4,0
85596,6000,10.0,0.07,3,0
80000,12000,13.61,0.15,3,0
85920,12000,8.49,0.14,2,0
62900,12000,14.96,0.16,4,1
80000,12000,11.83,0.15,3,0
86000,24000,7.51,0.28,2,0
86000,15000,6.03,0.17,2,0
80000,12000,13.47,0.15,3,0
74000,12000,14.11,0.16,2,1
86000,21000,8.9,0.24,4,0
80004,12000,7.29,0.15,3,0
80004,12000,10.36,0.15,3,0
86000,10000,11.49,0.12,2,0
80800,12000,8.9,0.15,3,0
81000,12000,16.29,0.15,4,0
86000,13000,8.49,0.15,4,0
36000,5000,13.49,0.14,4,0
86000,8000,7.29,0.09,2,0
82000,12000,15.21,0.15,4,0
82000,12000,13.55,0.15,4,0
86000,15000,5.79,0.17,3,0
86000,5000,11.12,0.06,2,0
86000,16000,11.12,0.19,3,0
82560,12000,10.99,0.15,3,0
86000,9250,11.12,0.11,4,0
82700,12000,6.91,0.15,4,0
83000,12000,7.51,0.14,3,0
86000,25000,11.83,0.29,4,0
86000,10000,8.94,0.12,4,0
86000,16000,14.26,0.19,4,0
36000,6000,8.9,0.17,3,0
83000,12000,11.71,0.14,4,0
83000,12000,9.99,0.14,3,0
62900,14000,17.58,0.19,4,1
86000,16000,12.21,0.19,3,0
83004,12000,13.23,0.14,3,0
86000,15000,13.16,0.17,3,0
62903,3000,10.65,0.04,2,1
74004,8000,15.21,0.11,3,1
84000,12000,6.91,0.14,2,0
86244,8000,11.71,0.09,4,0
78000,12000,14.96,0.15,4,1
86250,20000,6.91,0.23,2,0
86376,20000,7.29,0.23,3,0
78996,12000,15.95,0.15,3,1
85000,12000,12.42,0.14,4,0
74400,9000,7.66,0.12,2,1
86400,12200,7.29,0.14,3,0
86400,24000,13.85,0.28,2,0
86400,16000,11.86,0.19,3,0
86500,14000,7.29,0.16,3,0
86604,4300,7.66,0.05,2,0
86610,8750,12.72,0.1,2,0
86670,20000,12.53,0.23,2,0
86748,10000,8.49,0.12,4,0
63719,3500,7.9,0.05,3,1
87000,6000,10.65,0.07,4,0
87000,4000,6.03,0.05,2,0
85000,12000,10.37,0.14,4,0
87000,17000,7.51,0.2,3,0
75000,8000,15.99,0.11,4,1
87000,8000,5.99,0.09,4,0
87000,1750,7.49,0.02,4,0
75000,8000,7.49,0.11,4,1
87000,10000,9.99,0.11,3,0
87000,11200,8.49,0.13,4,0
85000,12000,12.84,0.14,4,0
85000,12000,9.63,0.14,2,0
85000,12000,13.16,0.14,4,0
87000,8000,5.79,0.09,3,0
85000,12000,11.97,0.14,2,0
87000,10000,7.29,0.11,4,0
86000,12000,10.65,0.14,3,0
87000,10000,10.36,0.11,3,0
86004,12000,12.99,0.14,2,0
87000,7000,7.51,0.08,4,0
87000,15000,14.35,0.17,2,0
87000,12000,8.88,0.14,3,0
87500,12000,12.68,0.14,4,0
87000,12000,12.73,0.14,2,0
88000,12000,12.42,0.14,2,0
87000,1500,10.99,0.02,4,0
87000,25000,12.73,0.29,2,0
87000,15000,10.62,0.17,2,0
87000,25000,10.99,0.29,2,0
87000,12000,8.59,0.14,3,0
36000,14500,10.99,0.4,3,0
87000,25000,14.96,0.29,2,0
63750,15000,12.87,0.2,4,1
87000,5500,14.61,0.06,2,0
87000,10000,8.59,0.11,3,0
87000,13000,11.26,0.15,3,0
87000,1000,11.89,0.01,3,0
87000,8000,12.21,0.09,4,0
36000,4000,13.06,0.11,3,0
90000,12000,9.91,0.13,2,0
87000,3500,9.32,0.04,3,0
87000,15000,14.74,0.17,3,0
87000,7500,11.28,0.09,2,0
90000,12000,8.9,0.13,3,0
36000,5500,5.42,0.15,2,0
87200,10000,6.92,0.11,3,0
87278,12000,5.42,0.14,2,0
87292,9600,5.99,0.11,4,0
87300,6000,10.28,0.07,4,0
90000,12000,12.42,0.13,4,0
36000,8000,15.65,0.22,4,0
78000,12000,14.09,0.15,3,1
90000,12000,5.79,0.13,2,0
87500,10000,6.17,0.11,4,0
87500,25000,13.98,0.29,3,0
87500,1600,9.88,0.02,2,0
87500,7500,15.05,0.09,2,0
87504,7000,8.88,0.08,3,0
87547,12000,5.99,0.14,2,0
87550,3600,11.86,0.04,4,0
87600,10000,13.49,0.11,3,0
87600,3000,5.99,0.03,2,0
87600,20000,13.35,0.23,4,0
87700,25000,10.25,0.29,4,0
87800,12000,5.79,0.14,4,0
87996,7000,11.99,0.08,4,0
87996,8000,6.91,0.09,3,0
90000,12000,8.94,0.13,3,0
90000,12000,11.48,0.13,3,0
88000,16000,11.71,0.18,3,0
88000,6000,9.91,0.07,2,0
90000,12000,9.38,0.13,3,0
88000,12475,6.03,0.14,4,0
88000,2700,7.9,0.03,4,0
88000,15000,12.42,0.17,2,0
91392,12000,5.42,0.13,3,0
88000,8000,5.99,0.09,4,0
92000,12000,13.43,0.13,3,0
92004,12000,14.46,0.13,2,0
92341,12000,7.51,0.13,3,0
88000,5000,11.11,0.06,4,0
92500,12000,11.71,0.13,3,0
88000,18150,12.68,0.21,2,0
88000,25000,14.54,0.28,2,0
88000,3800,6.54,0.04,2,0
94992,12000,11.89,0.13,4,0
83000,12000,17.27,0.14,4,1
88000,10000,7.88,0.11,2,0
95000,12000,11.71,0.13,3,0
88000,10000,7.51,0.11,2,0
95000,12000,10.65,0.13,4,0
95000,12000,8.49,0.13,4,0
95000,12000,9.63,0.13,4,0
88000,10000,8.94,0.11,2,0
95000,12000,7.88,0.13,3,0
88000,15000,11.83,0.17,4,0
88000,11000,11.14,0.13,4,0
70550,12000,15.68,0.14,3,1
96000,12000,9.99,0.13,4,0
96000,12000,11.99,0.13,3,0
88000,6625,11.22,0.08,3,0
96000,12000,13.61,0.13,3,0
88140,15000,13.49,0.17,3,0
88200,3000,10.59,0.03,4,0
88200,21000,6.17,0.24,2,0
88200,19000,14.61,0.22,3,0
76268,15000,11.89,0.2,2,1
88500,5000,13.99,0.06,4,0
88500,12000,7.51,0.14,4,0
100000,12000,7.9,0.12,2,0
88500,10000,8.59,0.11,4,0
100000,12000,9.91,0.12,3,0
88512,3000,5.79,0.03,3,0
88560,10000,11.49,0.11,4,0
88620,24000,6.62,0.27,3,0
88668,3000,6.62,0.03,2,0
88800,10000,11.36,0.11,3,0
76800,15000,14.96,0.2,2,1
88824,12600,7.66,0.14,3,0
88900,19200,14.65,0.22,4,0
88900,5000,11.83,0.06,4,0
65450,5000,16.77,0.06,4,1
89000,15000,17.58,0.17,4,0
100000,12000,13.57,0.12,3,0
88000,12000,14.61,0.14,4,1
89000,14000,7.49,0.16,2,0
78200,12000,16.4,0.13,4,1
89000,20000,10.99,0.22,4,0
104000,12000,12.21,0.12,3,0
77000,14500,15.95,0.19,2,1
89000,8000,10.99,0.09,2,0
105000,12000,12.61,0.11,2,0
89000,25000,13.11,0.28,3,0
93000,12000,13.12,0.13,2,1
110000,12000,7.9,0.11,2,0
89000,16000,13.22,0.18,4,0
110000,12000,12.23,0.11,2,0
110000,12000,7.88,0.11,2,0
89018,5800,11.97,0.07,2,0
111016,12000,13.11,0.11,2,0
112000,12000,13.49,0.11,4,0
89204,18000,7.9,0.2,4,0
113000,12000,7.49,0.11,2,0
89440,8000,5.79,0.09,4,0
115000,12000,10.99,0.1,3,0
115000,12000,6.54,0.1,3,0
119000,12000,10.36,0.1,2,0
120000,12000,11.71,0.1,4,0
89796,9000,11.11,0.1,4,0
89800,20000,12.53,0.22,2,0
78000,24000,15.96,0.31,4,1
120000,12000,9.01,0.1,2,0
123000,12000,9.63,0.1,2,0
123144,12000,10.75,0.1,2,0
90000,20000,14.65,0.22,3,0
125000,12000,6.99,0.1,4,0
36000,2400,12.21,0.07,2,0
36000,14000,11.26,0.39,4,0
113000,12000,15.28,0.11,3,1
90000,6000,9.91,0.07,3,0
36000,12000,12.53,0.33,2,0
90000,7750,7.51,0.09,4,0
90000,4000,10.65,0.04,3,0
90000,15000,12.42,0.17,2,0
127500,12000,10.37,0.09,4,0
90000,3600,12.69,0.04,3,0
90000,14300,6.03,0.16,4,0
78000,14000,9.91,0.18,4,1
36000,11200,9.76,0.31,4,0
90000,9500,11.71,0.11,4,0
130000,12000,14.22,0.09,2,0
90000,18000,9.91,0.2,2,0
136000,12000,14.72,0.09,2,0
78000,25000,16.77,0.32,2,1
140000,12000,11.12,0.09,3,0
36000,3250,7.75,0.09,4,0
90000,3600,7.9,0.04,2,0
90000,13000,12.42,0.14,3,0
150000,12000,7.9,0.08,3,0
90000,3000,6.03,0.03,4,0
90000,12000,7.51,0.13,3,0
90000,15000,6.03,0.17,3,0
125375,12000,14.27,0.08,2,1
90000,8000,9.91,0.09,4,0
35556,13000,5.79,0.37,2,0
90000,16000,6.03,0.18,4,0
170000,12000,11.11,0.07,2,0
90000,9000,12.69,0.1,3,0
90000,20000,7.9,0.22,3,0
66300,20000,15.27,0.26,4,1
90000,10000,6.62,0.11,4,0
210000,12000,10.59,0.06,2,0
90000,4300,7.9,0.05,4,0
90000,12000,6.03,0.13,3,0
35482,7000,14.74,0.2,4,0
90000,21000,12.42,0.23,2,0
35400,8000,6.03,0.23,2,0
90000,8000,5.42,0.09,3,0
90000,6400,5.99,0.07,2,0
90000,15000,9.99,0.17,4,0
36000,12200,11.49,0.34,3,1
90000,6000,6.99,0.07,3,0
82100,12200,6.03,0.15,2,0
90000,13000,10.59,0.14,3,0
90000,8000,12.99,0.09,2,0
28800,12250,9.99,0.43,4,1
90000,22000,6.99,0.24,4,0
90000,4900,6.99,0.05,2,0
90000,12000,10.99,0.13,2,0
30000,12250,14.59,0.41,3,1
30000,12250,13.67,0.41,4,1
90000,10000,5.42,0.11,2,0
90000,3000,11.49,0.03,4,0
29000,12250,13.61,0.42,4,1
90000,15000,8.49,0.17,3,0
90000,15000,8.49,0.17,2,0
90000,13675,7.49,0.15,4,0
36000,12250,11.49,0.34,2,1
90000,7000,10.99,0.08,3,0
36000,12250,10.74,0.34,3,1
78000,6000,15.62,0.08,3,1
44000,12250,15.99,0.28,2,1
90000,5600,9.99,0.06,4,0
50000,12250,14.72,0.24,3,0
45600,12250,14.84,0.27,3,1
60000,12250,10.59,0.2,3,0
90000,4000,5.42,0.04,3,0
61400,12250,12.23,0.2,4,0
90000,5175,11.99,0.06,2,0
30000,12300,10.74,0.41,2,1
90000,21000,7.49,0.23,4,0
90000,10000,15.28,0.11,2,0
90000,10000,10.0,0.11,2,0
90000,24000,13.06,0.27,2,0
42000,12375,7.51,0.29,3,0
42000,12375,7.29,0.29,4,0
80000,12375,10.91,0.15,4,0
90000,4800,10.36,0.05,4,0
56324,12400,10.74,0.22,4,0
36996,12450,16.32,0.34,2,1
31000,12500,10.65,0.4,4,1
90000,20000,6.54,0.22,3,0
90000,1000,6.17,0.01,4,0
90000,12000,13.35,0.13,3,0
66300,15000,14.83,0.19,4,1
90000,6000,5.79,0.07,4,0
36000,12500,11.72,0.35,4,1
32000,12500,12.87,0.39,3,1
90000,5000,5.42,0.06,4,0
40000,12500,6.92,0.31,2,1
30000,2800,6.54,0.09,3,0
90000,6000,9.25,0.07,2,0
90000,8500,5.79,0.09,4,0
90000,8000,10.36,0.09,3,0
90000,10000,12.61,0.11,3,0
33250,2800,15.62,0.08,3,1
90000,3500,9.25,0.04,2,0
33396,2800,16.0,0.08,3,1
35000,2800,10.37,0.08,4,0
37423,2800,7.88,0.07,4,0
39000,2800,10.0,0.07,2,0
40000,2800,7.49,0.07,4,0
40000,2800,7.49,0.07,2,0
40000,2800,10.25,0.07,2,0
90000,15000,13.61,0.17,3,0
40800,2800,6.99,0.07,4,0
90000,1500,10.75,0.02,4,0
90000,19750,13.61,0.22,2,0
90000,7500,6.76,0.08,4,0
36120,2800,13.35,0.08,4,1
37200,2800,16.29,0.08,3,1
90000,8500,15.21,0.09,3,0
90000,1700,10.75,0.02,3,0
44000,2800,6.92,0.06,3,0
90000,5000,10.75,0.06,4,0
45000,2800,13.49,0.06,2,0
90000,7000,7.14,0.08,4,0
46800,2800,10.37,0.06,3,0
90000,25000,12.73,0.28,4,0
35000,7500,7.9,0.21,3,0
90000,6400,9.88,0.07,3,0
90000,6500,7.14,0.07,3,0
50000,2800,5.79,0.06,2,0
90000,6000,7.14,0.07,3,0
90000,5000,6.76,0.06,4,0
90000,24000,17.56,0.27,3,0
44000,2800,14.17,0.06,2,1
50000,2800,13.61,0.06,3,0
50000,2800,11.86,0.06,2,0
90000,10000,7.88,0.11,3,0
52582,2800,13.47,0.05,4,0
48000,2800,8.9,0.06,2,1
56000,2800,15.31,0.05,2,0
74000,2800,15.21,0.04,2,1
78000,15000,15.31,0.19,4,1
86400,2800,14.65,0.03,4,0
35000,7200,15.23,0.21,4,0
90000,15000,12.18,0.17,2,0
123000,2800,13.49,0.02,3,0
90000,6000,7.74,0.07,4,0
78000,19500,15.31,0.25,4,1
18460,2775,7.68,0.15,2,0
16800,2750,16.77,0.16,2,1
78000,3000,11.48,0.04,3,1
78000,8000,16.0,0.1,2,1
90000,3200,13.22,0.04,4,0
90000,2500,13.22,0.03,2,0
60000,2750,15.23,0.05,4,0
90000,12000,12.18,0.13,4,0
90000,10000,8.0,0.11,4,0
31200,2725,10.74,0.09,2,0
90000,20000,11.26,0.22,2,0
90000,16000,11.26,0.18,4,0
90000,6000,11.89,0.07,4,0
90000,3000,13.79,0.03,4,0
90000,1500,12.84,0.02,2,0
90000,15000,16.32,0.17,2,0
78000,10000,9.63,0.13,4,1
90000,11000,9.32,0.12,3,0
24000,2700,10.75,0.11,2,1
78000,9000,11.78,0.12,2,1
90000,5000,8.0,0.06,4,0
26000,2700,7.29,0.1,3,0
90000,5000,11.34,0.06,4,0
90000,25000,10.39,0.28,3,0
30000,2700,10.75,0.09,2,0
31200,2700,6.91,0.09,4,0
90000,25000,11.09,0.28,4,0
35000,2700,7.88,0.08,2,0
90000,9500,8.07,0.11,2,0
90084,15000,7.88,0.17,4,0
90096,10150,11.97,0.11,3,0
78369,11000,17.99,0.14,3,1
90474,15000,10.38,0.17,3,0
51000,2700,9.7,0.05,2,0
46200,2700,15.96,0.06,2,1
90888,13200,14.79,0.15,4,0
98450,2700,13.49,0.03,4,0
90996,8400,10.99,0.09,2,0
90996,6000,9.99,0.07,2,0
90996,20000,16.32,0.22,4,0
18144,2675,9.91,0.15,4,0
90996,16000,7.88,0.18,3,0
40000,2675,8.07,0.07,4,0
91000,1000,11.71,0.01,3,0
91000,15000,6.03,0.16,4,0
91000,2400,9.91,0.03,4,0
91000,10000,10.99,0.11,4,0
91000,1500,14.54,0.02,4,0
22240,2650,9.88,0.12,3,0
79000,16000,14.09,0.2,3,1
91000,10000,16.32,0.11,3,0
46728,2650,10.59,0.06,2,0
91000,15000,7.88,0.16,2,0
91000,10000,13.61,0.11,4,0
79000,5000,15.33,0.06,2,1
91000,8000,17.19,0.09,4,0
91000,20000,10.62,0.22,2,0
91000,15000,7.88,0.16,4,0
20160,2600,6.92,0.13,4,0
35000,11000,7.88,0.31,2,0
21600,2600,19.29,0.12,4,1
91000,1000,7.68,0.01,3,0
67150,15000,14.11,0.19,4,1
27000,2600,13.22,0.1,2,0
91000,7000,8.0,0.08,3,0
91000,7500,10.39,0.08,2,0
91000,7500,11.97,0.08,2,0
91092,10000,13.43,0.11,2,0
79200,11200,14.79,0.14,3,1
35000,7000,14.59,0.2,3,0
35000,4000,13.11,0.11,2,0
91200,3000,8.88,0.03,2,0
91200,5000,11.48,0.05,2,0
91200,6000,7.68,0.07,4,0
79200,6500,11.78,0.08,3,1
91228,12000,7.49,0.13,3,0
91234,12000,11.83,0.13,2,0
35000,10000,10.25,0.29,2,0
35000,13200,13.48,0.38,3,0
48000,2600,11.12,0.05,3,0
91500,8000,13.61,0.09,2,0
74029,2600,15.27,0.04,3,0
100000,2600,7.9,0.03,3,0
35000,4175,7.74,0.12,4,0
67983,15000,16.49,0.19,3,1
92000,15000,9.91,0.16,2,0
92000,12000,6.62,0.13,3,0
10000,2500,14.59,0.25,3,1
92000,2400,12.69,0.03,2,0
92000,4800,7.49,0.05,2,0
35000,5000,11.14,0.14,2,0
92000,11000,10.99,0.12,3,0
92000,22500,10.99,0.24,2,0
41000,12500,13.57,0.3,4,0
42000,12500,8.94,0.3,2,0
68000,25000,15.65,0.31,2,1
92000,18000,12.68,0.2,2,0
92000,15000,11.11,0.16,4,0
36960,12500,14.61,0.34,4,1
13200,2500,9.91,0.19,4,1
14400,2500,13.47,0.17,4,1
92000,22000,10.99,0.24,4,0
15600,2500,10.65,0.16,2,1
92000,7200,9.88,0.08,2,0
68000,8000,15.33,0.1,3,1
15600,2500,7.29,0.16,3,1
92000,10000,16.7,0.11,2,0
92000,15600,16.35,0.17,3,0
92000,15000,11.26,0.16,2,0
92000,7000,13.47,0.08,4,0
92000,13000,11.26,0.14,2,0
92000,5600,11.46,0.06,3,0
92000,6000,12.22,0.07,2,0
92000,12950,9.96,0.14,2,0
17352,2500,12.53,0.14,4,0
18000,2500,7.88,0.14,2,0
80004,7500,15.23,0.09,2,1
18204,2500,11.89,0.14,4,0
92004,24250,11.12,0.26,4,0
18984,2500,14.22,0.13,2,1
19464,2500,13.84,0.13,3,1
92004,24250,14.72,0.26,4,0
80004,6000,8.0,0.07,2,1
20000,2500,15.7,0.13,2,1
20000,2500,13.79,0.13,3,0
37560,12500,18.62,0.33,3,1
92400,14500,7.88,0.16,4,0
80400,10000,11.66,0.12,2,1
45000,12500,10.37,0.28,3,0
46000,12500,11.11,0.27,2,0
46800,12500,11.86,0.27,3,0
49000,12500,7.49,0.26,4,0
50000,12500,7.29,0.25,2,0
92700,1500,14.65,0.02,2,0
92700,9250,7.9,0.1,3,0
50000,12500,7.88,0.25,3,0
92700,1500,9.63,0.02,2,0
92700,25000,10.99,0.27,4,0
34800,1700,10.38,0.05,2,0
34800,7350,14.22,0.21,2,0
92700,5000,8.94,0.05,4,0
92795,19000,10.37,0.2,4,0
34656,5500,7.51,0.16,2,0
93000,12000,16.77,0.13,4,0
93000,12000,6.62,0.13,2,0
54996,12500,12.87,0.23,2,0
93000,2000,7.9,0.02,4,0
51000,12500,14.18,0.25,4,1
93000,3600,7.9,0.04,3,0
93000,8000,6.99,0.09,2,0
93000,6000,10.99,0.06,3,0
93000,2000,15.23,0.02,4,0
34500,2000,11.71,0.06,3,0
81000,16000,11.99,0.2,3,1
60000,12500,10.59,0.21,4,0
60000,12500,11.49,0.21,2,0
60000,12500,10.25,0.21,3,0
60000,12500,11.89,0.21,2,0
54000,12500,14.5,0.23,4,1
62000,12500,7.29,0.2,2,0
63000,12500,10.25,0.2,3,0
65000,12500,6.91,0.19,2,0
93000,17500,7.51,0.19,4,0
65000,12500,11.48,0.19,4,0
93000,25000,12.73,0.27,3,0
93000,12000,7.88,0.13,4,0
93000,10000,9.88,0.11,3,0
93000,9800,12.73,0.11,3,0
70000,12500,7.88,0.18,3,0
80400,12500,9.38,0.16,2,0
84000,12500,6.54,0.15,4,0
73000,12500,6.0,0.17,2,1
34188,3200,7.14,0.09,3,0
95000,12500,12.61,0.13,2,0
93000,18000,11.78,0.19,3,0
93000,3000,7.12,0.03,3,0
93080,8450,13.49,0.09,2,0
110000,12500,9.62,0.11,4,0
93200,25000,15.58,0.27,4,0
93218,12000,11.49,0.13,3,0
93240,7000,9.63,0.08,2,0
93450,12000,11.26,0.13,2,0
30000,12600,11.99,0.42,4,1
42504,12600,11.26,0.3,3,0
93500,14000,12.23,0.15,4,0
93500,6250,14.83,0.07,3,0
47250,12600,11.83,0.27,2,0
74000,12600,10.65,0.17,3,0
110000,12600,10.75,0.11,2,0
93600,3600,5.42,0.04,2,0
190000,12600,6.92,0.07,4,0
93600,5000,9.99,0.05,2,0
93600,25000,10.36,0.27,3,0
69360,22000,19.79,0.27,3,1
93600,20000,10.62,0.21,3,0
81996,10000,11.46,0.12,3,1
52000,12750,18.25,0.25,4,1
94000,13000,6.03,0.14,4,0
32000,12800,12.42,0.4,3,1
38500,12800,8.9,0.33,4,1
94000,15000,6.17,0.16,2,0
94000,25000,11.49,0.27,4,0
40000,12800,8.9,0.32,2,1
40000,12800,12.69,0.32,2,1
40000,12800,16.0,0.32,3,1
42000,12800,10.59,0.3,2,0
44400,12800,12.73,0.29,2,0
94000,5000,7.68,0.05,3,0
42200,12800,15.21,0.3,2,1
46000,12800,19.41,0.28,3,1
52992,12800,5.42,0.24,4,0
94200,20000,8.88,0.21,2,0
94200,18000,6.54,0.19,3,0
94342,2400,10.59,0.03,4,0
94500,2000,5.42,0.02,2,0
94500,13500,10.0,0.14,2,0
58000,12800,12.42,0.22,2,0
60000,12800,10.59,0.21,4,0
94692,20000,11.49,0.21,4,0
60000,12800,12.84,0.21,2,0
94800,6000,14.27,0.06,3,0
94800,14000,6.03,0.15,4,0
82800,12000,9.76,0.14,2,1
94940,2000,5.42,0.02,3,0
94965,8000,13.22,0.08,2,0
94976,20000,10.74,0.21,3,0
64000,12800,14.35,0.2,4,0
95000,10000,9.91,0.11,3,0
95000,19000,7.51,0.2,4,0
71232,12800,14.96,0.18,4,0
95000,4400,7.9,0.05,3,0
70550,15000,8.9,0.18,4,1
78600,12800,14.11,0.16,4,1
103000,12800,15.7,0.12,4,0
95000,7450,12.69,0.08,4,0
95000,24000,7.9,0.25,4,0
95000,6400,7.9,0.07,4,0
95000,10000,10.65,0.11,4,0
95000,15000,12.69,0.16,2,0
95000,6600,7.51,0.07,4,0
31760,12875,12.53,0.41,4,1
95000,15000,15.96,0.16,2,0
44000,12875,15.31,0.29,2,1
95000,7200,11.49,0.08,2,0
50000,13000,12.42,0.26,2,0
95000,7200,14.79,0.08,4,0
44000,13000,18.39,0.3,3,1
50000,13000,12.23,0.26,3,0
33716,13750,6.92,0.41,2,0
95000,24000,10.99,0.25,3,0
44000,13000,17.26,0.3,3,1
95000,12000,11.99,0.13,3,0
50000,13000,12.09,0.26,3,0
95000,25000,16.89,0.26,2,0
45996,13000,13.47,0.28,2,1
52000,13000,15.31,0.25,2,0
95000,18000,10.99,0.19,3,0
95000,10400,5.42,0.11,4,0
52128,13000,8.94,0.25,2,0
95000,9950,8.49,0.1,4,0
48000,13000,7.88,0.27,3,1
95000,5000,10.59,0.05,2,0
95000,15000,11.49,0.16,3,0
95000,10000,15.23,0.11,3,0
54000,13000,17.93,0.24,2,0
95000,9000,8.49,0.09,2,0
55000,13000,7.51,0.24,4,0
95000,20000,14.17,0.21,4,0
33600,12000,13.06,0.36,4,0
83000,24175,11.11,0.29,2,1
95000,15000,10.37,0.16,4,0
56000,13000,11.83,0.23,4,0
95000,4800,13.43,0.05,3,0
33600,4000,5.79,0.12,4,0
95000,4500,6.92,0.05,3,0
95000,17000,15.65,0.18,2,0
95000,6800,9.63,0.07,4,0
60000,13000,9.99,0.22,4,0
33600,9600,13.98,0.29,4,0
95000,12000,10.36,0.13,4,0
95000,6875,6.54,0.07,2,0
60000,13000,8.94,0.22,2,0
62000,13000,6.91,0.21,2,0
33600,2500,6.39,0.07,3,0
95000,7200,12.23,0.08,4,0
33600,10000,7.88,0.3,2,0
95000,7275,6.91,0.08,4,0
64000,13000,14.11,0.2,3,0
95000,25000,16.32,0.26,3,0
33600,3000,11.83,0.09,4,0
65000,13000,13.49,0.2,2,0
95000,4000,7.88,0.04,3,0
95000,12000,7.51,0.13,3,0
95000,18000,7.88,0.19,2,0
95000,6500,7.14,0.07,3,0
60000,13000,7.66,0.22,4,1
67500,13000,13.98,0.19,3,0
95000,20000,14.96,0.21,3,0
95000,5000,9.88,0.05,2,0
95000,16000,15.33,0.17,3,0
95000,15000,12.73,0.16,4,0
95000,20000,10.62,0.21,4,0
95000,5000,7.88,0.05,3,0
69996,13000,11.58,0.19,3,0
95000,12000,10.99,0.13,4,0
95000,10900,7.74,0.11,4,0
70000,13000,7.9,0.19,3,0
95000,1000,8.94,0.01,4,0
70000,13000,10.0,0.19,2,0
95000,14400,11.83,0.15,3,0
83000,20000,11.83,0.24,4,1
83000,5000,14.61,0.06,2,1
75000,13000,10.99,0.17,4,0
83000,15000,12.84,0.18,4,1
95000,6000,7.68,0.06,3,0
95000,4000,8.0,0.04,4,0
75000,13000,6.91,0.17,2,0
33009,12000,11.48,0.36,4,0
33004,5000,8.59,0.15,4,0
75000,13000,11.48,0.17,4,0
95000,10000,9.07,0.11,3,0
95000,25000,10.08,0.26,4,0
83195,13000,11.71,0.16,3,0
84000,13000,11.83,0.15,3,0
95000,5000,7.43,0.05,2,0
95004,2800,9.91,0.03,3,0
86000,13000,10.62,0.15,3,0
83004,10000,15.28,0.12,4,1
95004,18000,13.35,0.19,3,0
87000,13000,7.29,0.15,2,0
95004,24250,8.88,0.26,3,0
95004,16000,5.79,0.17,4,0
90000,13000,12.73,0.14,2,0
95004,18000,7.51,0.19,4,0
95004,10000,7.51,0.11,4,0
95004,7200,10.95,0.08,4,0
90000,13000,8.94,0.14,4,0
95111,18000,14.72,0.19,4,0
83290,6000,9.32,0.07,3,1
95327,4325,7.74,0.05,2,0
95400,12000,5.42,0.13,2,0
95400,5000,12.68,0.05,3,0
69700,13000,14.42,0.16,2,1
110000,13000,8.9,0.12,2,0
110400,13000,7.9,0.12,3,0
95610,6000,10.99,0.06,4,0
95620,13500,14.96,0.14,4,0
90100,13000,12.69,0.12,4,1
120000,13000,11.71,0.11,4,0
108000,13000,15.99,0.12,3,1
83904,16000,16.07,0.19,4,1
96000,21000,14.65,0.22,3,0
96000,10925,12.69,0.11,4,0
71400,21600,15.27,0.26,2,1
96000,3000,7.9,0.03,3,0
96000,5500,12.69,0.06,3,0
96000,6000,13.49,0.06,3,0
96000,9000,6.62,0.09,4,0
96000,14000,6.03,0.15,3,0
96000,1500,6.62,0.02,3,0
57840,13600,9.99,0.24,2,0
96000,5000,8.9,0.05,4,0
68000,13600,10.0,0.2,3,0
70000,13600,7.29,0.19,4,0
96000,4800,11.99,0.05,3,0
96000,10000,5.42,0.1,3,0
70000,13600,12.21,0.19,4,0
73000,13600,11.99,0.19,2,0
78625,13600,9.88,0.17,3,0
96000,20000,6.99,0.21,3,0
96000,12000,7.49,0.13,4,0
96000,11000,5.99,0.11,2,0
85000,13600,6.03,0.16,3,0
96000,12000,5.42,0.13,4,0
33000,8000,10.38,0.24,2,0
96000,8000,13.49,0.08,3,0
96000,4200,5.99,0.04,3,0
96000,4000,5.42,0.04,2,0
96000,10000,7.49,0.1,3,0
96000,9000,7.49,0.09,4,0
33000,13650,16.35,0.41,4,1
33000,11000,13.11,0.33,3,0
33000,8000,14.26,0.24,3,0
33000,5000,14.61,0.15,3,0
84000,5000,16.02,0.06,3,1
96000,20000,11.11,0.21,4,0
96000,7000,5.79,0.07,3,0
96000,11625,10.0,0.12,3,0
96000,8000,7.29,0.08,4,0
96000,25000,13.8,0.26,4,0
96000,20000,11.11,0.21,2,0
33000,3600,11.58,0.11,4,0
45000,13650,18.79,0.3,2,1
96000,18250,11.11,0.19,4,0
71400,25000,14.09,0.3,2,1
96000,16000,5.79,0.17,2,0
30000,13750,15.05,0.46,4,1
35000,13750,7.51,0.39,4,1
84000,3500,14.84,0.04,2,1
96000,20000,7.88,0.21,3,0
32956,10000,8.49,0.3,3,0
53591,13750,14.96,0.26,2,0
96000,5000,10.38,0.05,4,0
32868,2500,13.61,0.08,3,0
32800,8000,7.29,0.24,3,0
96000,8000,7.88,0.08,4,0
96000,15000,7.51,0.16,4,0
32760,7000,11.78,0.21,4,0
96000,5000,7.51,0.05,2,0
32700,4200,7.29,0.13,2,0
96000,2000,10.38,0.02,3,0
79000,13800,8.49,0.17,2,0
80600,13800,11.99,0.17,3,0
96000,4000,9.88,0.04,3,0
105000,13800,7.66,0.13,2,0
96000,5000,10.99,0.05,4,0
96000,12000,13.11,0.13,4,0
96000,20000,10.99,0.21,3,0
32500,5000,13.99,0.15,3,0
96000,10000,10.99,0.1,4,0
71400,15000,14.96,0.18,3,1
71400,16500,16.45,0.2,3,1
117500,13800,7.49,0.12,3,0
32500,5600,14.42,0.17,3,0
96000,20000,16.7,0.21,4,0
96000,5000,11.83,0.05,4,0
76400,13900,10.62,0.18,4,0
96000,7000,12.53,0.07,4,0
96000,6000,13.92,0.06,4,0
42000,14000,6.92,0.33,2,1
42000,14000,9.45,0.33,2,1
96000,11400,13.04,0.12,2,0
84000,2125,15.01,0.03,4,1
42996,14000,7.51,0.33,2,1
96060,10000,5.42,0.1,2,0
96216,14400,7.88,0.15,4,0
96260,25200,15.65,0.26,2,0
96300,15000,6.17,0.16,3,0
96384,18000,10.25,0.19,3,0
96500,10000,6.17,0.1,2,0
96500,18000,7.51,0.19,4,0
96500,14000,17.19,0.15,4,0
96640,25000,11.58,0.26,2,0
96720,18000,7.9,0.19,4,0
39000,14000,16.49,0.36,3,1
96900,9300,6.17,0.1,2,0
97000,12000,9.91,0.12,2,0
97000,6400,15.96,0.07,2,0
97000,4000,6.62,0.04,4,0
97000,5000,6.99,0.05,4,0
46000,14000,8.49,0.3,4,0
97000,16000,6.62,0.16,2,0
40000,14000,15.58,0.35,3,1
97000,8000,11.11,0.08,4,0
46800,14000,10.37,0.3,3,0
97000,15000,9.63,0.15,4,0
97000,22000,12.68,0.23,3,0
97000,15000,16.4,0.15,3,0
46800,14000,7.88,0.3,4,0
97000,12975,6.91,0.13,4,0
97000,6000,13.61,0.06,3,0
97000,5000,7.51,0.05,3,0
97000,6800,13.61,0.07,4,0
42000,14000,16.89,0.33,3,1
97000,25000,14.59,0.26,2,0
97000,10000,13.57,0.1,3,0
49150,14000,11.71,0.28,3,0
97000,4000,16.32,0.04,3,0
44000,14000,14.83,0.32,2,1
97000,7500,11.34,0.08,4,0
97000,12000,10.28,0.12,2,0
97333,10000,5.99,0.1,2,0
50000,14000,9.88,0.28,2,0
50004,14000,12.21,0.28,3,0
85584,24000,17.19,0.28,2,1
97600,14500,7.51,0.15,2,0
97700,8000,7.49,0.08,2,0
97700,25000,11.12,0.26,3,0
97700,10400,9.32,0.11,3,0
97781,5575,6.54,0.06,3,0
97781,15000,6.54,0.15,3,0
52000,14000,6.91,0.27,3,0
32000,3500,15.27,0.11,3,0
85992,3500,14.74,0.04,3,1
98000,12000,6.03,0.12,3,0
52800,14000,14.27,0.27,3,0
98000,10000,11.71,0.1,3,0
98000,10000,6.62,0.1,3,0
53000,14000,14.65,0.26,3,0
98000,2000,5.42,0.02,4,0
98000,12000,7.49,0.12,2,0
32000,3000,6.99,0.09,4,0
98000,12000,8.49,0.12,3,0
98000,10000,18.07,0.1,3,0
98000,6000,10.59,0.06,4,0
98000,6500,11.11,0.07,3,0
54000,14000,10.99,0.26,4,0
86000,5000,10.36,0.06,2,1
54000,14000,7.14,0.26,2,0
98000,25000,14.46,0.26,3,0
98000,5000,5.79,0.05,2,0
48000,14000,13.92,0.29,3,1
86000,18000,13.48,0.21,2,1
98000,14000,7.88,0.14,3,0
86000,20000,10.99,0.23,4,1
55000,14000,6.62,0.25,2,0
55000,14000,9.99,0.25,4,0
98000,10000,8.94,0.1,3,0
98000,25000,11.83,0.26,3,0
86000,4800,16.0,0.06,3,1
98000,14500,8.94,0.15,3,0
32000,7500,12.98,0.23,3,0
98000,1000,11.14,0.01,4,0
98000,20000,13.57,0.2,4,0
98000,6400,9.63,0.07,4,0
98000,2000,7.37,0.02,2,0
98004,16000,7.66,0.16,3,0
86004,15000,6.91,0.17,4,1
55000,14000,11.66,0.25,3,0
55260,14000,6.54,0.25,2,0
73185,7000,9.63,0.08,2,1
98132,15000,11.36,0.15,4,0
98280,10000,6.62,0.1,2,0
98280,9400,6.62,0.1,3,0
98400,9000,6.62,0.09,4,0
98400,8450,6.99,0.09,2,0
55992,14000,12.21,0.25,3,0
98400,8000,12.68,0.08,2,0
98400,10000,11.14,0.1,4,0
56000,14000,14.35,0.25,4,0
32000,6500,8.59,0.2,2,0
98518,10000,8.59,0.1,3,0
56004,14000,6.92,0.25,2,0
98700,9600,13.06,0.1,3,0
56004,14000,12.61,0.25,2,0
98800,1000,11.49,0.01,3,0
99000,18000,8.9,0.18,3,0
99000,12000,6.03,0.12,2,0
57600,14000,10.37,0.24,2,0
99000,5000,11.49,0.05,2,0
58000,14000,12.61,0.24,3,0
60000,14000,12.69,0.23,4,0
60000,14000,6.03,0.23,2,0
99000,15000,6.17,0.15,4,0
60000,14000,14.84,0.23,3,0
99000,1800,7.88,0.02,2,0
99000,20000,14.22,0.2,4,0
99000,12250,9.88,0.12,2,0
60000,14000,7.88,0.23,2,0
99085,8000,14.91,0.08,4,0
99200,23000,6.91,0.23,4,0
60000,14000,13.48,0.23,3,0
99473,8500,11.58,0.09,2,0
99500,25000,15.7,0.25,2,0
54000,14000,14.59,0.26,4,1
99600,12800,12.42,0.13,4,0
99600,7125,7.51,0.07,4,0
99600,5000,9.67,0.05,3,0
99670,5500,14.74,0.06,4,0
60000,14000,12.73,0.23,2,0
99750,12000,9.62,0.12,3,0
99800,12000,8.94,0.12,2,0
99996,20000,7.49,0.2,3,0
99996,4800,11.49,0.05,2,0
61000,14000,6.99,0.23,4,0
99996,12000,10.38,0.12,4,0
62000,14000,10.99,0.23,4,0
99996,10000,13.61,0.1,3,0
62004,14000,8.59,0.23,4,0
99996,8000,8.0,0.08,2,0
62800,14000,12.69,0.22,2,0
100000,25000,11.71,0.25,3,0
100000,6600,9.91,0.07,2,0
64000,14000,7.88,0.22,3,0
65000,14000,10.65,0.22,4,0
65000,14000,9.99,0.22,2,0
65000,14000,10.99,0.22,4,0
100000,14000,17.58,0.14,3,0
100000,15000,13.49,0.15,4,0
100000,6000,8.9,0.06,2,0
65000,14000,7.49,0.22,2,0
66000,14000,6.62,0.21,3,0
100000,6000,8.9,0.06,3,0
66000,14000,12.99,0.21,3,0
100000,12000,9.91,0.12,4,0
100000,9200,6.03,0.09,3,0
88000,20000,17.58,0.23,3,1
100000,4800,10.65,0.05,3,0
100000,11650,6.62,0.12,3,0
88000,8400,14.65,0.1,4,1
69000,14000,12.61,0.2,2,0
69575,14000,9.63,0.2,3,0
100000,15000,6.03,0.15,3,0
63996,14000,14.42,0.22,2,1
70000,14000,6.99,0.2,3,0
31200,6000,10.37,0.19,3,0
70000,14000,9.99,0.2,2,0
55845,14000,14.96,0.21,4,1
100000,6000,8.49,0.06,2,0
100000,8000,9.99,0.08,3,0
72000,14000,7.9,0.19,4,0
100000,12000,5.99,0.12,2,0
72150,14000,10.75,0.19,3,0
88000,1000,13.49,0.01,4,1
72500,14000,13.49,0.19,2,0
100000,14350,9.99,0.14,2,0
100000,6000,5.42,0.06,4,0
100000,5625,6.99,0.06,4,0
100000,15000,13.99,0.15,4,0
73000,14000,13.11,0.19,2,0
100000,8000,11.49,0.08,4,0
100000,3275,5.42,0.03,2,0
100000,10750,6.99,0.11,4,0
100000,11200,11.49,0.11,2,0
100000,10000,10.59,0.1,4,0
100000,16000,14.79,0.16,2,0
100000,6200,8.49,0.06,4,0
88000,7700,14.79,0.09,4,1
75000,14000,11.11,0.19,4,0
100000,15000,7.49,0.15,2,0
100000,7500,13.99,0.07,4,0
100000,17600,10.59,0.18,2,0
31193,4000,14.74,0.13,2,0
100000,10000,5.99,0.1,2,0
100000,3000,11.49,0.03,3,0
100000,11000,8.49,0.11,2,0
100000,10000,10.59,0.1,2,0
100000,15000,15.99,0.15,3,0
100000,15000,11.99,0.15,2,0
100000,10300,15.99,0.1,4,0
100000,25000,11.99,0.25,3,0
77700,14000,10.99,0.18,2,0
78700,14000,13.48,0.18,4,0
80000,14000,14.27,0.17,2,0
100000,5000,6.92,0.05,4,0
74800,10000,14.54,0.11,3,1
100000,10000,7.66,0.1,2,0
81000,14000,14.17,0.17,4,0
100000,12000,11.11,0.12,3,0
100000,6000,5.79,0.06,2,0
82000,14000,7.9,0.17,4,0
100000,9125,11.11,0.09,3,0
100000,12000,5.79,0.12,2,0
100000,7000,5.79,0.07,3,0
100000,12000,6.92,0.12,2,0
100000,12800,5.79,0.13,4,0
100000,20000,6.17,0.2,4,0
100000,7700,10.74,0.08,2,0
100000,10000,10.74,0.1,3,0
100000,25000,17.14,0.25,2,0
100000,7500,6.54,0.07,4,0
100000,16000,6.17,0.16,2,0
86000,14000,6.62,0.16,3,0
88000,14000,9.99,0.16,3,0
90000,14000,6.03,0.16,2,0
88000,25000,14.83,0.28,4,1
90996,14000,12.23,0.15,2,0
100000,15000,6.17,0.15,4,0
100000,17000,5.79,0.17,4,0
95000,14000,12.69,0.15,2,0
100000,10000,6.54,0.1,3,0
100000,2000,5.42,0.02,2,0
100000,5000,9.62,0.05,4,0
100000,16000,6.54,0.16,2,0
100000,14000,6.17,0.14,3,0
83000,14000,17.51,0.17,4,1
100000,20000,6.91,0.2,4,0
100000,5400,12.23,0.05,2,0
100000,14000,13.85,0.14,4,0
100000,16800,7.88,0.17,4,0
74800,14000,16.45,0.16,2,1
100000,15000,7.88,0.15,2,0
100000,14000,10.75,0.14,3,0
100000,13750,15.95,0.14,4,0
100000,3600,13.23,0.04,2,0
100000,7000,6.76,0.07,3,0
105000,14000,7.88,0.13,4,0
100000,17000,13.61,0.17,3,0
98000,14000,14.26,0.14,3,1
100000,7000,13.98,0.07,3,0
100000,10000,7.51,0.1,4,0
100000,15000,7.88,0.15,4,0
100000,16000,14.72,0.16,2,0
110004,14000,7.88,0.13,2,0
100000,25000,10.75,0.25,4,0
113000,14000,13.49,0.12,2,0
120000,14000,9.99,0.12,4,0
100000,24000,10.99,0.24,4,0
100000,15000,13.85,0.15,3,0
120000,14000,10.0,0.12,3,0
100000,4800,7.14,0.05,3,0
100000,20000,11.36,0.2,3,0
100000,14000,13.11,0.14,2,0
122000,14000,13.48,0.11,2,0
100000,15000,12.73,0.15,4,0
100000,25000,15.33,0.25,2,0
100000,24000,10.99,0.24,4,0
128165,14000,8.94,0.11,3,0
100000,14000,10.25,0.14,2,0
140000,14000,13.11,0.1,3,0
100000,5000,7.14,0.05,3,0
145000,14000,12.84,0.1,4,0
100000,17400,16.07,0.17,4,0
100000,8000,10.25,0.08,3,0
100000,12000,15.33,0.12,4,0
100000,20000,11.83,0.2,2,0
148000,14000,5.42,0.09,2,0
100000,1000,14.26,0.01,3,0
100000,15000,16.0,0.15,2,0
100000,25000,11.48,0.25,3,0
100000,10000,12.87,0.1,4,0
100000,15000,8.94,0.15,3,0
100000,10000,14.26,0.1,2,0
100000,7000,8.59,0.07,3,0
100000,13000,11.48,0.13,4,0
46000,14100,14.26,0.31,2,1
100000,10000,13.57,0.1,3,0
100000,12000,8.94,0.12,4,0
100000,10000,12.87,0.1,3,0
100000,12000,12.18,0.12,3,0
100000,25000,11.58,0.25,3,0
100000,15000,12.21,0.15,2,0
32000,14125,7.9,0.44,2,1
30000,6000,7.9,0.2,2,0
100000,24000,13.47,0.24,4,0
100000,6850,13.47,0.07,4,0
33000,14125,9.91,0.43,3,1
88000,15000,10.2,0.17,4,1
30000,1925,6.03,0.06,3,0
100000,15000,11.28,0.15,4,0
100000,7500,8.32,0.07,3,0
88000,6400,11.66,0.07,3,1
40000,14125,11.49,0.35,3,1
100000,12800,9.45,0.13,3,0
92000,14200,10.99,0.15,3,0
100000,15000,11.34,0.15,2,0
78000,14275,9.91,0.18,4,0
135000,14275,9.45,0.11,2,0
74867,17000,16.02,0.19,4,1
100080,20600,12.53,0.21,4,0
88128,1950,9.99,0.02,2,1
74909,14000,9.99,0.16,2,1
100400,10000,16.4,0.1,4,0
100800,20000,7.9,0.2,4,0
35000,14400,15.7,0.41,4,1
100800,8000,11.99,0.08,3,0
100800,21000,11.49,0.21,4,0
100800,10800,10.75,0.11,4,0
75500,6000,14.74,0.07,4,1
100860,6000,5.99,0.06,4,0
36000,14400,13.57,0.4,2,1
100995,16000,7.51,0.16,2,0
101000,17000,11.71,0.17,3,0
101000,20000,17.43,0.2,3,0
30000,7200,10.99,0.24,2,0
34320,14400,16.82,0.42,3,1
36500,14400,15.05,0.39,4,1
101000,16000,7.88,0.16,3,0
101000,24250,12.53,0.24,4,0
89000,25000,15.65,0.28,4,1
43000,14400,9.62,0.33,4,1
101004,14000,10.25,0.14,2,0
43000,14400,7.88,0.33,2,1
30000,6000,7.49,0.2,3,0
101138,20500,13.48,0.2,4,0
101400,5600,6.62,0.06,3,0
101400,9900,8.0,0.1,4,0
48000,14400,13.49,0.3,2,0
101900,13600,6.62,0.13,3,0
102000,6975,9.91,0.07,3,0
51000,14400,7.51,0.28,4,0
102000,25000,11.71,0.25,4,0
102000,8000,12.42,0.08,4,0
102000,12000,15.27,0.12,3,0
102000,23800,8.9,0.23,2,0
56400,14400,18.79,0.26,3,0
102000,13000,5.42,0.13,3,0
57000,14400,7.49,0.25,4,0
102000,11200,7.91,0.11,4,0
102000,18000,8.49,0.18,3,0
102000,10000,7.49,0.1,4,0
90000,15000,9.99,0.17,3,1
102000,9800,10.36,0.1,2,0
102000,10000,11.49,0.1,2,0
59000,14400,8.9,0.24,3,0
102000,6000,13.61,0.06,2,0
102000,20000,10.25,0.2,3,0
102000,6000,7.51,0.06,2,0
102000,20000,11.36,0.2,4,0
60996,14400,12.84,0.24,3,0
61000,14400,12.53,0.24,2,0
102000,24250,11.83,0.24,3,0
102000,7000,12.87,0.07,3,0
62000,14400,13.47,0.23,3,0
64000,14400,9.62,0.23,2,0
102000,18000,14.96,0.18,3,0
102000,15000,8.94,0.15,3,0
70000,14400,12.68,0.21,4,0
90000,19200,12.84,0.21,4,1
70000,14400,12.23,0.21,4,0
72000,14400,11.14,0.2,3,0
102211,15000,11.58,0.15,2,0
72000,14400,10.0,0.2,4,0
68000,14400,17.99,0.21,3,1
102500,11800,6.03,0.12,2,0
102960,16000,7.88,0.16,2,0
102996,20000,6.91,0.19,4,0
102996,5000,14.22,0.05,4,0
102996,8000,7.74,0.08,3,0
103000,21000,13.49,0.2,2,0
103000,24000,16.77,0.23,3,0
103000,4000,13.49,0.04,2,0
103000,15000,15.99,0.15,2,0
103000,8000,10.74,0.08,3,0
103000,21850,10.0,0.21,3,0
103000,6400,10.37,0.06,3,0
103000,17000,14.35,0.17,4,0
76000,14400,14.35,0.19,2,0
78000,14400,14.27,0.18,4,0
80000,14400,11.71,0.18,2,0
80000,14400,12.68,0.18,4,0
91000,5000,14.96,0.05,2,1
77350,25000,15.7,0.27,3,1
30000,4000,15.65,0.13,4,0
81380,14400,10.37,0.18,4,0
103000,20000,17.04,0.19,2,0
82000,14400,7.66,0.18,2,0
103200,9000,6.76,0.09,2,0
103500,7500,6.54,0.07,3,0
85000,14400,8.49,0.17,2,0
30000,3425,6.17,0.11,2,0
94500,14400,10.37,0.15,3,0
104000,13600,6.03,0.13,2,0
104000,9000,10.65,0.09,2,0
78200,15000,14.27,0.16,4,1
104000,14000,10.99,0.13,3,0
104000,10000,6.92,0.1,2,0
100000,14400,11.71,0.14,3,0
30000,1200,16.69,0.04,3,1
100000,14400,10.74,0.14,3,0
30000,3000,10.36,0.1,2,0
30000,7000,9.99,0.23,2,0
104000,14000,9.99,0.13,3,0
113000,14400,11.71,0.13,4,1
130000,14400,14.46,0.11,2,0
104000,11000,13.11,0.11,3,0
135000,14400,12.69,0.11,4,0
104000,25000,12.84,0.24,2,0
104000,15000,9.63,0.14,4,0
104004,15000,14.22,0.14,2,0
92085,2500,15.27,0.03,3,1
104606,5000,15.28,0.05,2,0
104676,16000,5.99,0.15,4,0
104740,19200,11.99,0.18,3,0
105000,9600,11.71,0.09,3,0
105000,13000,9.91,0.12,3,0
105000,12000,16.29,0.11,2,0
105000,12000,6.62,0.11,4,0
105000,4800,11.71,0.05,4,0
105000,7200,10.65,0.07,4,0
105000,7200,7.51,0.07,3,0
35000,14500,11.49,0.41,3,1
105000,5300,12.69,0.05,4,0
105000,11000,5.42,0.1,3,0
36000,14500,9.88,0.4,3,1
105000,12000,11.99,0.11,2,0
37000,14500,15.33,0.39,4,1
105000,12000,10.99,0.11,2,0
105000,20000,11.49,0.19,4,0
105000,16000,8.49,0.15,4,0
105000,10000,7.49,0.1,2,0
105000,3650,11.99,0.03,3,0
105000,6000,10.99,0.06,4,0
105000,5600,15.23,0.05,4,0
105000,19000,11.99,0.18,3,0
31000,14500,11.58,0.47,3,1
105000,6000,9.99,0.06,2,0
36000,14500,14.54,0.4,2,1
105000,4800,15.23,0.05,2,0
43000,14500,10.75,0.34,2,1
37200,14500,13.85,0.39,3,1
105000,5000,8.49,0.05,3,0
105000,10000,15.65,0.1,4,0
45000,14500,10.36,0.32,4,1
105000,9850,9.63,0.09,2,0
105000,25000,10.74,0.24,3,0
45000,14500,13.16,0.32,2,1
105000,15000,15.95,0.14,3,0
55000,14500,6.62,0.26,2,0
49500,14500,11.49,0.29,3,1
105000,15000,16.82,0.14,4,0
51996,14500,13.16,0.28,2,1
59000,14500,11.97,0.25,2,1
105000,6000,14.22,0.06,3,0
105000,12000,11.36,0.11,2,0
105000,10000,7.51,0.1,3,0
105000,16000,12.73,0.15,4,0
105000,12000,10.25,0.11,3,0
105000,12000,13.48,0.11,3,0
105000,18000,8.94,0.17,3,0
105000,20000,11.48,0.19,2,0
105000,15000,8.94,0.14,4,0
93000,25000,16.0,0.27,2,1
100000,14500,8.94,0.14,3,0
105000,12800,11.83,0.12,2,0
105000,5000,11.48,0.05,2,0
162000,14500,7.9,0.09,4,0
30000,12000,11.36,0.4,3,0
105000,12000,12.84,0.11,2,0
105000,15000,12.53,0.14,3,0
30000,11500,11.36,0.38,4,0
30000,3000,12.18,0.1,2,0
105000,25000,11.58,0.24,3,0
30000,10000,14.61,0.33,2,0
105000,9500,9.32,0.09,3,0
105000,5000,7.68,0.05,2,0
60000,14525,10.99,0.24,4,0
30000,2500,12.53,0.08,2,0
48000,14550,9.62,0.3,3,0
105000,6500,13.87,0.06,4,0
105000,4000,11.34,0.04,4,0
35000,14575,10.65,0.42,3,1
60000,14650,12.61,0.24,3,0
31200,14700,12.29,0.47,4,1
82440,14700,8.49,0.18,4,0
105508,3500,7.66,0.03,4,0
105600,8000,11.49,0.08,2,0
105600,25000,6.99,0.24,4,0
105600,15000,7.51,0.14,3,0
105804,15000,7.49,0.14,3,0
105897,25000,11.36,0.24,3,0
105996,3000,7.51,0.03,3,0
105999,8550,9.88,0.08,2,0
106000,5000,12.98,0.05,4,0
106000,12000,6.54,0.11,2,0
106000,10000,7.14,0.09,2,0
79900,15000,11.12,0.16,4,1
30000,7500,11.14,0.25,3,0
106000,4575,7.51,0.04,2,0
106000,10000,15.33,0.09,3,0
106226,20000,12.18,0.19,4,0
106800,11525,5.42,0.11,4,0
106800,16000,13.06,0.15,4,0
31680,15000,12.61,0.47,4,1
106839,14000,7.88,0.13,4,0
30000,5000,11.58,0.17,4,0
106870,6000,15.27,0.06,4,0
106925,24250,12.18,0.23,3,0
30000,3000,9.63,0.1,2,0
80750,24000,15.99,0.25,4,1
32000,15000,9.88,0.47,4,1
32000,15000,11.09,0.47,3,1
32240,15000,13.22,0.47,3,1
107000,10000,7.14,0.09,2,0
107000,1000,7.4,0.01,4,0
95000,19800,13.22,0.21,3,1
107000,7000,12.87,0.07,2,0
107000,17400,13.47,0.16,4,0
95000,15000,17.03,0.16,2,1
33204,2000,14.72,0.06,3,0
107004,10000,7.29,0.09,3,0
107203,6000,7.4,0.06,2,0
107280,25000,16.45,0.23,4,0
30000,7500,10.96,0.25,4,0
107496,20000,12.69,0.19,4,0
33996,2000,8.0,0.06,2,0
107900,16500,8.94,0.15,3,0
108000,8000,15.27,0.07,2,0
108000,4800,12.42,0.04,4,0
34800,2000,11.71,0.06,3,0
34884,2000,6.92,0.06,2,0
108000,15000,6.62,0.14,2,0
35000,2000,9.91,0.06,4,0
35000,2000,10.59,0.06,3,0
108000,21000,11.71,0.19,4,0
35000,2000,13.99,0.06,2,0
108000,10000,5.99,0.09,2,0
108000,6000,7.49,0.06,4,0
35000,2000,12.99,0.06,2,0
108000,8000,5.42,0.07,4,0
35064,2000,8.38,0.06,2,0
35400,2000,8.49,0.06,2,0
108000,7200,9.62,0.07,2,0
108000,9000,5.79,0.08,2,0
108000,9050,5.42,0.08,2,0
108000,24250,10.75,0.22,2,0
108000,9000,10.38,0.08,4,0
108000,10000,7.88,0.09,3,0
108000,9950,14.96,0.09,4,0
108000,4500,7.14,0.04,3,0
36108,2000,16.49,0.06,3,0
37000,2000,5.42,0.05,4,0
108000,13000,8.94,0.12,2,0
37000,2000,11.14,0.05,4,0
108000,18500,12.18,0.17,2,0
108000,10000,13.57,0.09,4,0
37315,2000,6.39,0.05,4,0
38000,2000,11.36,0.05,3,0
108000,14000,11.89,0.13,2,0
108000,18000,12.53,0.17,3,0
108000,10000,9.7,0.09,4,0
108000,15000,10.39,0.14,4,0
108060,14400,14.27,0.13,2,0
38000,2000,11.83,0.05,2,0
108288,10000,8.49,0.09,2,0
38400,2000,7.66,0.05,3,0
108600,14400,13.48,0.13,3,0
108600,8000,12.87,0.07,2,0
108600,15000,12.18,0.14,2,0
32400,2000,14.35,0.06,2,1
39000,2000,12.98,0.05,4,0
108960,10000,13.57,0.09,3,0
109000,12000,7.51,0.11,4,0
109000,16000,6.03,0.15,2,0
33500,2000,13.8,0.06,2,1
109000,8800,12.69,0.08,2,0
109000,7500,8.9,0.07,4,0
109000,6000,11.99,0.06,4,0
109000,15000,6.99,0.14,4,0
109000,5000,8.49,0.05,3,0
109000,20000,6.54,0.18,3,0
109000,20000,10.75,0.18,4,0
109000,15000,10.25,0.14,3,0
109000,15250,11.14,0.14,4,0
97000,14000,11.48,0.14,2,1
109000,14000,9.63,0.13,3,0
109000,6000,7.68,0.06,3,0
109200,2300,7.9,0.02,4,0
109200,10000,8.63,0.09,2,0
109500,3500,10.75,0.03,3,0
109500,20000,17.56,0.18,2,0
109500,5000,10.95,0.05,3,0
109720,20000,10.75,0.18,4,0
110000,5500,6.62,0.05,2,0
40000,2000,11.71,0.05,2,0
33600,15000,11.11,0.45,4,1
110000,5000,12.69,0.05,2,0
33800,15000,11.71,0.44,2,1
33996,15000,14.96,0.44,4,1
40800,2000,6.62,0.05,3,0
110000,1200,13.49,0.01,4,0
34800,2000,16.89,0.06,4,1
42000,2000,9.25,0.05,3,0
110000,10000,12.69,0.09,3,0
42000,2000,10.36,0.05,4,0
28872,2000,10.37,0.07,3,0
110000,8400,12.69,0.08,4,0
110000,25000,9.91,0.23,3,0
110000,5000,6.03,0.05,4,0
110000,2800,8.49,0.03,4,0
110000,2500,6.99,0.02,2,0
42870,2000,5.42,0.05,3,0
110000,10800,6.99,0.1,4,0
110000,7000,10.59,0.06,2,0
42996,2000,13.61,0.05,2,0
110000,10000,15.62,0.09,4,0
37680,2000,14.96,0.05,3,1
110000,14000,9.99,0.13,2,0
44000,2000,7.66,0.05,3,0
110000,23750,12.99,0.22,4,0
98000,16000,14.79,0.16,2,1
44304,2000,13.85,0.05,4,0
45000,2000,13.49,0.04,2,0
45000,2000,13.99,0.04,2,0
39000,2000,7.66,0.05,4,1
110000,5000,9.63,0.05,2,0
45000,2000,11.49,0.04,2,0
110000,4000,6.92,0.04,2,0
110000,13200,15.28,0.12,3,0
110000,9000,11.11,0.08,4,0
110000,10800,6.92,0.1,3,0
110000,6500,10.37,0.06,3,0
110000,18000,10.37,0.16,3,0
45000,2000,7.51,0.04,4,0
110000,12000,10.74,0.11,4,0
110000,15000,11.11,0.14,3,0
39000,2000,14.84,0.05,2,1
28800,12250,7.51,0.43,4,0
45000,2000,7.05,0.04,3,0
45500,2000,13.49,0.04,3,0
110000,8000,12.98,0.07,4,0
110000,6000,9.99,0.05,3,0
110000,7500,13.72,0.07,4,0
110000,15600,6.17,0.14,4,0
45996,2000,12.98,0.04,2,0
110000,20000,13.72,0.18,3,0
45996,2000,11.36,0.04,4,0
110000,17000,8.88,0.15,4,0
110000,7500,6.17,0.07,2,0
110000,5000,6.91,0.05,2,0
110000,10000,6.54,0.09,2,0
110000,5600,12.98,0.05,4,0
110000,10000,13.35,0.09,2,0
42000,2000,12.69,0.05,4,1
110000,8000,14.35,0.07,2,0
110000,15000,7.88,0.14,2,0
110000,4500,14.84,0.04,4,0
110000,12000,7.14,0.11,2,0
110000,5000,7.14,0.05,4,0
42000,2000,15.62,0.05,2,1
98000,25000,16.45,0.26,4,1
48000,2000,10.74,0.04,2,0
110000,20000,7.88,0.18,2,0
110000,14400,14.35,0.13,3,0
110000,8000,6.76,0.07,4,0
110000,8000,7.14,0.07,4,0
110000,25000,11.49,0.23,4,0
48255,2000,6.76,0.04,2,0
110000,15000,10.25,0.14,4,0
49029,2000,11.99,0.04,2,0
110000,8000,13.85,0.07,2,0
110000,7000,9.88,0.06,2,0
110000,16000,12.73,0.15,4,0
98000,25000,10.25,0.26,3,1
110000,6000,8.59,0.05,3,0
44000,2000,8.0,0.05,4,1
98000,5000,13.22,0.05,3,1
50252,2000,13.92,0.04,3,0
34800,15000,14.27,0.43,3,1
35000,15000,7.49,0.43,3,1
110000,20000,11.14,0.18,3,0
110000,12000,8.94,0.11,3,0
110000,8000,9.32,0.07,3,0
36000,15000,6.62,0.42,2,1
36000,15000,13.49,0.42,3,1
36000,15000,9.63,0.42,3,1
98000,9000,9.63,0.09,2,1
110000,20000,12.41,0.18,2,0
36000,15000,7.66,0.42,3,1
36000,15000,14.59,0.42,4,1
98004,2500,8.49,0.03,3,1
110004,15000,7.66,0.14,4,0
110004,12000,10.36,0.11,3,0
36000,15000,13.85,0.42,3,1
110004,25000,12.53,0.23,2,0
110196,25000,11.49,0.23,3,0
28000,10000,10.37,0.36,2,0
110400,3000,7.49,0.03,4,0
110500,12250,11.26,0.11,4,0
98656,7500,13.06,0.08,3,1
111000,5000,5.79,0.05,3,0
28000,4000,7.88,0.14,3,0
37000,15000,10.25,0.41,4,1
111000,8350,11.89,0.08,2,0
111147,15000,13.61,0.13,2,0
28000,1250,10.99,0.04,4,0
111150,10000,8.0,0.09,3,0
111239,14000,7.9,0.13,4,0
111262,20000,12.53,0.18,3,0
37818,15000,13.48,0.4,3,1
32000,15000,15.27,0.47,3,1
38000,15000,7.88,0.39,3,1
38000,15000,16.45,0.39,3,1
111996,16000,11.78,0.14,4,0
112000,20400,11.71,0.18,3,0
38400,15000,6.17,0.39,2,1
112000,4000,8.9,0.04,3,0
39000,15000,9.63,0.38,4,1
112000,6000,9.91,0.05,4,0
39996,15000,13.06,0.38,3,1
112000,16000,6.99,0.14,4,0
112000,12000,11.99,0.11,3,0
112000,3500,5.42,0.03,4,0
40000,15000,14.27,0.38,3,1
112000,3000,5.99,0.03,3,0
112000,20000,6.91,0.18,4,0
40000,15000,11.71,0.38,4,1
112000,15000,15.31,0.13,4,0
34000,15000,11.71,0.44,4,1
40000,15000,10.99,0.38,3,1
112000,9000,9.32,0.08,2,0
85000,2750,9.33,0.03,3,1
100000,9000,9.64,0.09,3,1
40000,15000,7.49,0.38,3,1
40000,15000,7.88,0.38,4,1
112404,6000,13.23,0.05,2,0
40000,15000,14.22,0.38,3,1
112500,8600,13.11,0.08,3,0
112500,18000,11.14,0.16,3,0
40000,15000,8.94,0.38,4,1
40000,15000,12.87,0.38,3,1
112689,24000,9.99,0.21,4,0
112774,6400,13.06,0.06,4,0
112976,20000,6.91,0.18,2,0
34988,15000,13.98,0.43,2,1
113000,22400,7.49,0.2,2,0
27600,1000,15.27,0.04,2,0
113000,21000,11.49,0.19,4,0
113000,17950,11.99,0.16,4,0
41000,15000,12.73,0.37,3,1
85850,12000,15.99,0.12,4,1
113000,12000,7.66,0.11,4,0
113000,8000,5.79,0.07,2,0
113000,25000,12.53,0.22,4,0
113000,2100,7.4,0.02,3,0
42000,15000,13.49,0.36,3,1
101000,25000,17.46,0.25,4,1
113135,25000,10.59,0.22,2,0
113200,24250,10.62,0.21,3,0
113217,6000,7.88,0.05,3,0
113676,7200,6.99,0.06,2,0
113698,15000,7.9,0.13,4,0
42000,15000,11.83,0.36,4,1
114000,17325,11.99,0.15,2,0
27560,2800,11.49,0.1,4,0
114000,6000,8.49,0.05,4,0
42000,15000,11.58,0.36,4,1
114000,8000,12.68,0.07,4,0
36000,15000,15.05,0.42,2,1
114000,14400,7.14,0.13,2,0
42300,15000,11.99,0.35,4,1
114000,10000,9.32,0.09,4,0
114000,15000,9.76,0.13,3,0
27336,5500,13.23,0.2,4,0
36500,15000,15.65,0.41,3,1
114600,10000,13.06,0.09,3,0
114996,5000,13.49,0.04,3,0
27168,7500,9.99,0.28,2,0
102996,20000,14.54,0.19,3,1
114996,24000,10.62,0.21,3,0
115000,10000,14.27,0.09,2,0
115000,19000,13.49,0.17,4,0
115000,4000,6.03,0.03,4,0
43000,15000,8.49,0.35,2,1
115000,24000,7.9,0.21,3,0
43000,15000,10.99,0.35,2,1
115000,15000,6.03,0.13,2,0
38400,15000,10.65,0.39,2,1
115000,18000,7.51,0.16,2,0
115000,5000,14.27,0.04,4,0
115000,19000,13.49,0.17,3,0
45000,15000,7.9,0.33,4,1
115000,8000,8.49,0.07,4,0
115000,12000,5.99,0.1,4,0
115000,5600,5.42,0.05,3,0
115000,10000,10.59,0.09,2,0
115000,7600,6.99,0.07,4,0
45000,15000,7.49,0.33,4,1
103000,15000,9.63,0.15,4,1
45000,15000,7.29,0.33,4,1
45000,15000,10.37,0.33,2,1
39000,15000,15.28,0.38,3,1
45000,15000,8.88,0.33,3,1
115000,13600,7.29,0.12,3,0
115000,20000,15.65,0.17,2,0
115000,20000,6.91,0.17,2,0
115000,4000,7.88,0.03,4,0
115000,1500,6.76,0.01,4,0
115000,10000,7.51,0.09,3,0
45000,15000,13.48,0.33,2,1
115000,8000,7.51,0.07,4,0
115000,6000,10.75,0.05,2,0
39000,15000,16.07,0.38,4,1
103000,14000,13.57,0.14,4,1
115000,8000,19.13,0.07,2,0
39000,15000,12.21,0.38,4,1
45000,15000,12.84,0.33,3,1
115000,13000,11.83,0.11,4,0
115000,15000,12.87,0.13,3,0
115000,15000,11.48,0.13,3,0
39000,15000,15.37,0.38,2,1
115000,20000,13.16,0.17,2,0
115000,25000,12.53,0.22,4,0
115000,20000,10.83,0.17,4,0
39000,15000,12.92,0.38,2,1
115200,14000,6.62,0.12,3,0
115200,4500,11.97,0.04,2,0
46890,15000,12.99,0.32,3,1
115500,3200,16.29,0.03,2,0
47000,15000,7.9,0.32,4,1
115500,10000,7.75,0.09,4,0
115600,9925,7.29,0.09,4,0
115731,9625,10.74,0.08,3,0
115731,7200,7.14,0.06,4,0
115800,12000,10.99,0.1,3,0
47000,15000,18.64,0.32,4,1
116000,15825,15.62,0.14,4,0
116000,12000,10.25,0.1,4,0
47000,15000,11.48,0.32,4,1
31000,1800,8.32,0.06,2,0
116000,19950,9.96,0.17,4,0
116004,14000,12.99,0.12,2,0
33000,1800,5.42,0.05,2,0
116004,20000,12.21,0.17,2,0
33195,1800,11.99,0.05,4,0
26400,3000,10.59,0.11,2,0
33660,1800,7.51,0.05,4,0
34000,1800,11.49,0.05,4,0
116700,6000,8.49,0.05,4,0
35000,1800,10.59,0.05,3,0
104736,25000,14.11,0.24,2,1
26400,9600,7.49,0.36,2,0
35000,1800,7.14,0.05,2,0
26400,3000,14.54,0.11,4,0
35000,1800,11.36,0.05,3,0
117000,11000,6.92,0.09,4,0
30000,1800,8.49,0.06,2,1
117000,4800,14.54,0.04,4,0
26400,8000,5.79,0.3,4,0
117000,7200,10.74,0.06,4,0
117000,3700,10.74,0.03,3,0
117000,6000,7.51,0.05,4,0
89250,25000,12.53,0.24,4,1
117000,14000,15.68,0.12,4,0
26400,7300,13.61,0.28,2,0
37500,1800,8.94,0.05,4,0
117000,7500,13.24,0.06,2,0
117014,8400,7.29,0.07,4,0
117696,15000,6.03,0.13,3,0
117996,18000,17.04,0.15,3,0
118000,25000,7.9,0.21,2,0
40000,1800,13.23,0.04,3,0
118000,5000,5.42,0.04,2,0
26300,7500,6.62,0.29,4,0
118000,15000,7.88,0.13,4,0
118000,25000,11.12,0.21,2,0
118000,12000,13.11,0.1,3,0
47000,15000,12.04,0.32,2,1
118000,14000,7.88,0.12,3,0
26232,6000,6.03,0.23,2,0
118000,2000,7.12,0.02,2,0
118189,25000,11.49,0.21,3,0
48000,15000,15.96,0.31,3,1
118450,15000,10.37,0.13,4,0
118812,15000,13.35,0.13,2,0
42000,15000,15.27,0.36,3,1
42000,15000,9.63,0.36,3,1
48000,15000,6.91,0.31,2,1
119000,9000,7.74,0.08,4,0
119000,15000,14.42,0.13,2,0
119496,12000,7.88,0.1,4,0
119500,24000,7.51,0.2,2,0
119500,3500,12.18,0.03,2,0
26000,7100,7.49,0.27,2,0
120000,10000,9.91,0.08,4,0
48000,15000,10.75,0.31,3,1
48000,15000,7.51,0.31,2,1
48000,15000,11.48,0.31,3,1
120000,10000,6.03,0.08,4,0
120000,23000,6.62,0.19,3,0
48000,15000,11.89,0.31,4,1
120000,20000,7.9,0.17,4,0
120000,6000,8.9,0.05,3,0
120000,25000,12.69,0.21,2,0
120000,4400,11.71,0.04,3,0
48800,15000,11.36,0.31,4,1
43000,15000,15.57,0.35,3,1
49000,15000,12.18,0.31,4,1
49812,15000,6.17,0.3,3,0
120000,3000,14.27,0.03,4,0
120000,8000,12.69,0.07,2,0
120000,8900,11.71,0.07,2,0
50000,15000,6.03,0.3,2,0
120000,21000,7.9,0.17,2,0
120000,2400,12.42,0.02,3,0
120000,15000,14.65,0.13,4,0
50000,15000,9.91,0.3,3,0
50000,15000,13.49,0.3,4,0
120000,10000,6.62,0.08,3,0
25920,3250,15.99,0.13,4,0
120000,10000,9.91,0.08,3,0
120000,4000,10.65,0.03,2,0
25899,6250,12.69,0.24,2,0
120000,5000,8.9,0.04,4,0
120000,7000,15.62,0.06,2,0
120000,5000,8.49,0.04,3,0
120000,5600,13.49,0.05,3,0
120000,8500,5.42,0.07,4,0
44000,15000,11.11,0.34,3,1
120000,16800,15.62,0.14,4,0
120000,10000,5.99,0.08,4,0
50000,15000,10.37,0.3,3,0
91800,10000,19.29,0.09,2,1
108000,15000,11.49,0.14,3,1
120000,21000,13.49,0.17,4,0
120000,12000,5.42,0.1,3,0
120000,5000,14.79,0.04,2,0
120000,20000,9.99,0.17,4,0
120000,5275,5.42,0.04,4,0
120000,6000,6.99,0.05,3,0
50000,15000,13.61,0.3,3,0
120000,12000,7.49,0.1,4,0
120000,16000,6.99,0.13,4,0
50000,15000,7.88,0.3,4,0
91800,5000,15.99,0.05,2,1
120000,6000,9.99,0.05,3,0
44000,15000,14.59,0.34,4,1
50000,15000,11.36,0.3,2,0
120000,4800,5.99,0.04,4,0
120000,20000,12.99,0.17,2,0
120000,3600,10.59,0.03,4,0
120000,22000,7.49,0.18,3,0
120000,3750,5.42,0.03,3,0
120000,13000,10.99,0.11,2,0
120000,14500,7.49,0.12,4,0
120000,5000,13.49,0.04,2,0
120000,8000,7.29,0.07,2,0
120000,10000,5.42,0.08,4,0
50004,15000,13.72,0.3,4,0
50004,15000,15.05,0.3,2,0
120000,14000,10.74,0.12,3,0
44172,15000,10.37,0.34,3,1
50400,15000,10.75,0.3,2,0
50500,15000,11.14,0.3,4,0
120000,10000,10.37,0.08,3,0
120000,10000,5.42,0.08,2,0
120000,17400,7.66,0.14,2,0
51000,15000,11.11,0.29,4,0
120000,6000,13.06,0.05,4,0
25000,6000,7.51,0.24,2,0
51000,15000,11.12,0.29,3,0
120000,24250,16.02,0.2,4,0
51000,15000,13.48,0.29,4,0
120000,16000,10.37,0.13,3,0
120000,15000,15.28,0.13,3,0
120000,13000,9.99,0.11,4,0
91800,10000,16.32,0.09,4,1
51500,15000,8.49,0.29,2,0
25000,5000,6.03,0.2,2,0
25000,8500,6.03,0.34,2,0
51996,15000,13.22,0.29,3,0
120000,10000,5.42,0.08,4,0
120000,8400,13.72,0.07,2,0
46000,15000,16.0,0.33,4,1
52000,15000,14.26,0.29,3,0
120000,25000,15.2,0.21,3,0
52000,15000,12.18,0.29,4,0
120000,25000,13.72,0.21,3,0
120000,4000,5.42,0.03,3,0
52500,15000,10.37,0.29,3,0
120000,9500,5.42,0.08,2,0
120000,3000,6.39,0.03,3,0
120000,6000,6.76,0.05,3,0
120000,8000,13.61,0.07,2,0
91800,15000,16.32,0.14,2,1
52596,15000,10.74,0.29,2,0
120000,4600,6.39,0.04,2,0
120000,10000,7.88,0.08,2,0
120000,4000,7.14,0.03,3,0
120000,10000,7.51,0.08,3,0
120000,4900,7.14,0.04,4,0
23000,1600,7.68,0.07,2,0
25000,1600,9.99,0.06,3,0
120000,12000,7.51,0.1,3,0
25000,1600,12.98,0.06,3,0
25000,1600,12.53,0.06,3,0
26000,1600,16.29,0.06,3,1
120000,6000,6.76,0.05,3,0
120000,10000,14.59,0.08,2,0
26880,1600,11.12,0.06,2,0
28150,1600,6.39,0.06,4,0
28800,1600,6.62,0.06,2,0
29124,1600,10.83,0.05,4,0
120000,10000,12.73,0.08,3,0
120000,15000,13.11,0.13,4,0
30000,1600,16.29,0.05,3,0
91800,16000,14.22,0.15,4,1
120000,15000,10.25,0.13,2,0
31000,1600,9.32,0.05,3,0
120000,20000,13.85,0.17,3,0
120000,25000,15.31,0.21,3,0
120000,21000,14.26,0.17,2,0
25000,5000,9.88,0.2,3,0
29000,1600,7.88,0.06,3,1
37500,1600,11.03,0.04,3,0
32000,1600,14.46,0.05,3,1
120000,14000,8.94,0.12,3,0
25000,2000,10.99,0.08,3,0
120000,17000,8.94,0.14,2,0
32400,1600,13.98,0.05,3,1
120000,18000,8.94,0.15,3,0
120000,16000,8.94,0.13,2,0
120000,9600,13.22,0.08,4,0
120000,20000,17.74,0.17,3,0
25000,8000,8.59,0.32,3,0
120000,20000,13.79,0.17,4,0
45000,1600,10.08,0.04,4,0
48000,1600,13.98,0.03,3,0
120000,15200,12.21,0.13,2,0
48000,1600,14.26,0.03,4,0
108000,18000,11.26,0.17,2,1
53616,1600,12.42,0.03,4,0
120000,20000,12.21,0.17,3,0
120000,16000,9.63,0.13,2,0
51000,1600,15.62,0.03,4,1
60000,1600,13.99,0.03,4,0
54000,1600,14.96,0.03,4,1
62000,1600,13.85,0.03,4,0
120000,20000,11.14,0.17,4,0
108000,25000,13.99,0.23,2,1
120000,25000,15.76,0.21,4,0
120000,23000,11.03,0.19,2,0
120000,25000,9.76,0.21,3,0
120000,9500,11.66,0.08,2,0
120000,3000,10.14,0.03,3,0
70000,1600,11.14,0.02,4,0
82000,1600,11.89,0.02,2,0
12732,1550,15.27,0.12,2,1
120456,20000,14.96,0.17,2,0
24996,5000,7.51,0.2,2,0
34480,1550,15.21,0.04,3,0
120775,15000,13.11,0.12,4,0
26989,1525,15.23,0.06,3,0
121000,13600,11.99,0.11,2,0
121000,3600,5.79,0.03,4,0
121000,20400,10.75,0.17,2,0
12000,1500,6.99,0.13,2,0
121000,3600,11.83,0.03,3,0
24972,2600,11.86,0.1,4,0
14088,1500,8.88,0.11,2,0
121680,15000,10.37,0.12,3,0
24960,4525,7.51,0.18,4,0
14400,1500,12.99,0.1,2,1
122000,16000,13.49,0.13,2,0
110000,12000,15.99,0.11,3,1
24744,5000,11.89,0.2,2,0
122000,6000,6.92,0.05,2,0
122000,12000,7.29,0.1,3,0
24600,4750,10.0,0.19,4,0
122000,20000,13.23,0.16,4,0
14400,1500,9.25,0.1,4,0
15600,1500,11.86,0.1,2,0
122000,6000,7.51,0.05,2,0
122000,10000,13.57,0.08,4,0
122000,10000,8.94,0.08,4,0
122004,11200,10.99,0.09,3,0
16200,1500,6.91,0.09,4,0
17000,1500,18.64,0.09,2,1
94102,8475,12.99,0.08,4,1
18000,1500,18.64,0.08,2,1
123000,8000,12.68,0.07,4,0
123000,7000,7.51,0.06,4,0
123000,4750,10.99,0.04,3,0
18000,1500,12.61,0.08,2,0
18000,1500,11.36,0.08,2,0
18000,1500,12.87,0.08,4,0
111917,25000,15.31,0.22,3,1
123996,2000,5.42,0.02,4,0
123996,10000,6.54,0.08,3,0
124000,16000,6.03,0.13,4,0
18000,1500,12.18,0.08,4,1
18700,1500,5.42,0.08,4,0
124000,12000,10.36,0.1,4,0
24000,8000,7.51,0.33,3,0
112000,20000,12.53,0.18,4,1
124500,6000,10.62,0.05,2,0
124726,15000,7.29,0.12,3,0
124800,5000,6.62,0.04,3,0
112800,16000,13.48,0.14,2,1
24000,6000,15.23,0.25,2,0
24000,5000,7.49,0.21,2,0
125000,20000,11.71,0.16,4,0
125000,15000,7.9,0.12,3,0
20004,1500,9.62,0.07,3,0
24000,6000,5.42,0.25,3,0
20160,1500,13.35,0.07,4,0
21216,1500,11.86,0.07,2,0
125000,12000,9.91,0.1,3,0
24000,4200,15.62,0.17,2,0
23004,1500,7.68,0.07,2,0
24000,1500,18.79,0.06,3,1
24000,1500,14.54,0.06,4,1
24000,1500,11.49,0.06,2,0
125000,10000,5.99,0.08,3,0
24000,1500,13.85,0.06,4,0
25000,1500,14.7,0.06,2,1
125000,25000,10.59,0.2,2,0
25200,1500,13.49,0.06,2,0
125000,6000,5.42,0.05,4,0
125000,10200,7.49,0.08,4,0
26400,1500,11.11,0.06,3,0
125000,15000,7.66,0.12,3,0
125000,6000,5.79,0.05,2,0
125000,25000,10.0,0.2,2,0
53000,15000,14.27,0.28,2,0
113000,5000,14.54,0.04,2,1
113000,12000,7.29,0.11,2,1
53307,15000,10.39,0.28,4,0
125000,8000,13.8,0.06,3,0
125000,12000,11.11,0.1,3,0
53500,15000,13.47,0.28,2,0
48000,15000,18.64,0.31,3,1
48000,15000,17.49,0.31,3,1
125000,24000,15.28,0.19,4,0
48996,15000,15.99,0.31,4,1
54996,15000,14.83,0.27,2,0
125000,10000,9.99,0.08,2,0
54996,15000,11.14,0.27,4,0
125000,25000,11.49,0.2,3,0
55000,15000,11.12,0.27,2,0
125000,12000,7.88,0.1,3,0
113000,10000,10.38,0.09,3,1
49000,15000,14.61,0.31,3,1
125000,15000,13.85,0.12,3,0
125000,20000,13.11,0.16,2,0
125000,10000,10.99,0.08,3,0
24000,6400,8.88,0.27,4,0
55000,15000,12.84,0.27,3,0
125000,10000,7.51,0.08,2,0
24000,1500,6.91,0.06,4,0
49200,15000,18.39,0.3,4,1
24000,5000,13.35,0.21,4,0
125000,7400,12.53,0.06,2,0
55315,15000,10.74,0.27,2,0
49700,15000,15.68,0.3,4,1
96050,15000,19.13,0.13,2,1
24000,3000,13.61,0.13,2,0
125000,16000,8.94,0.13,4,0
50000,15000,15.7,0.3,3,1
56000,15000,12.87,0.27,2,0
125000,8000,9.63,0.06,2,0
125000,14000,14.42,0.11,4,0
125000,7500,8.0,0.06,4,0
125000,9600,5.79,0.08,2,0
24000,7000,11.86,0.29,4,0
57000,15000,13.85,0.26,4,0
24000,6000,11.49,0.25,4,0
24000,5000,10.38,0.21,4,0
125004,15000,7.88,0.12,3,0
125004,10000,14.74,0.08,2,0
125555,9000,10.99,0.07,4,0
126000,15000,7.9,0.12,3,0
126000,3600,15.99,0.03,3,0
114000,6000,10.0,0.05,2,1
126000,6000,6.92,0.05,3,0
53000,15000,16.77,0.28,2,1
126000,11000,7.14,0.09,4,0
24000,7000,7.14,0.29,3,0
126000,24000,11.36,0.19,4,0
24000,2500,11.83,0.1,4,0
126000,7500,13.92,0.06,3,0
60000,15000,11.71,0.25,4,0
97583,6950,13.67,0.06,2,1
126996,11000,10.0,0.09,2,0
127000,6000,9.91,0.05,2,0
127000,6000,5.42,0.05,3,0
97750,24000,17.39,0.21,3,1
97750,20000,17.39,0.17,3,1
115000,12000,15.05,0.1,4,1
127500,10000,7.51,0.08,3,0
127500,15000,7.49,0.12,4,0
54000,15000,15.27,0.28,2,1
127500,24250,15.31,0.19,4,0
127741,12000,7.88,0.09,2,0
127992,26000,13.99,0.2,3,0
128000,12000,6.03,0.09,3,0
60000,15000,6.03,0.25,3,0
128000,6000,7.49,0.05,2,0
128000,4800,12.99,0.04,2,0
128000,21600,6.91,0.17,4,0
128000,3000,14.72,0.02,4,0
128500,15000,12.53,0.12,3,0
60000,15000,11.71,0.25,3,0
129600,13500,5.42,0.1,2,0
129600,3000,11.12,0.02,3,0
129996,7500,11.86,0.06,3,0
60000,15000,13.99,0.25,4,0
60000,15000,10.59,0.25,3,0
60000,15000,12.99,0.25,4,0
130000,3000,13.49,0.02,2,0
60000,15000,11.11,0.25,2,0
130000,3000,17.58,0.02,3,0
60000,15000,6.17,0.25,3,0
130000,6000,6.62,0.05,2,0
60000,15000,13.35,0.25,3,0
130000,10000,6.03,0.08,2,0
130000,5000,12.42,0.04,2,0
130000,18000,7.9,0.14,2,0
130000,6500,15.99,0.05,3,0
130000,7000,11.99,0.05,3,0
60000,15000,13.85,0.25,2,0
130000,8600,5.99,0.07,3,0
60000,15000,14.22,0.25,2,0
60000,15000,11.83,0.25,3,0
130000,6000,10.59,0.05,2,0
130000,8000,13.49,0.06,4,0
60000,15000,11.83,0.25,3,0
130000,15000,12.87,0.12,4,0
130000,15000,11.14,0.12,3,0
130000,6000,5.42,0.05,2,0
130000,3000,5.42,0.02,2,0
130000,6800,8.49,0.05,3,0
130000,5000,14.79,0.04,3,0
60132,15000,14.26,0.25,4,0
54225,15000,16.7,0.28,4,1
60480,15000,10.83,0.25,2,0
130000,5000,5.79,0.04,4,0
130000,6000,5.79,0.05,3,0
130000,25000,10.74,0.19,3,0
130000,6325,6.54,0.05,3,0
55000,15000,14.83,0.27,4,1
61100,15000,12.53,0.25,2,0
130000,25000,11.12,0.19,3,0
130000,15000,7.88,0.12,4,0
130000,12000,7.51,0.09,2,0
61284,15000,18.25,0.24,4,0
130000,13000,13.61,0.1,4,0
130000,20000,13.48,0.15,2,0
130000,4000,10.99,0.03,3,0
130000,25000,11.36,0.19,3,0
56000,15000,12.69,0.27,4,1
130000,10000,11.36,0.08,3,0
130000,20000,10.62,0.15,4,0
56000,15000,16.0,0.27,2,1
62004,15000,7.29,0.24,4,0
130000,25000,12.53,0.19,3,0
130000,15000,14.26,0.12,4,0
130000,24250,12.18,0.19,4,0
62280,15000,8.94,0.24,4,0
130000,25000,11.83,0.19,3,0
130000,22600,14.96,0.17,2,0
22800,9000,5.99,0.39,2,0
130000,25000,11.83,0.19,3,0
130000,13000,11.14,0.1,3,0
130000,19400,16.0,0.15,4,0
62400,15000,9.45,0.24,4,0
130000,15000,13.22,0.12,3,0
130000,13000,8.94,0.1,4,0
130000,21000,13.16,0.16,3,0
130000,15000,11.89,0.12,2,0
130000,7000,8.0,0.05,2,0
58000,15000,18.25,0.26,2,1
130000,1250,10.95,0.01,2,0
130000,20000,11.58,0.15,2,0
130000,5000,9.64,0.04,2,0
130008,9000,7.74,0.07,2,0
130208,20000,12.73,0.15,4,0
130920,15000,8.94,0.11,2,0
130992,6000,7.51,0.05,3,0
65000,15000,12.42,0.23,4,0
22440,4750,11.86,0.21,4,0
131000,7500,12.29,0.06,3,0
131004,24000,7.49,0.18,4,0
22320,1000,16.32,0.04,2,1
22300,7500,11.12,0.34,4,0
132000,2000,7.51,0.02,3,0
59000,15000,14.79,0.25,3,1
132000,10200,7.9,0.08,2,0
132000,15000,6.99,0.11,2,0
65000,15000,13.49,0.23,2,0
132000,14000,17.49,0.11,2,0
59000,15000,9.99,0.25,3,1
132000,11200,10.99,0.08,4,0
65000,15000,7.66,0.23,4,0
132000,10000,7.66,0.08,2,0
132000,9600,7.14,0.07,3,0
65000,15000,6.17,0.23,2,0
59000,15000,16.45,0.25,4,1
120000,25000,10.99,0.21,2,1
65000,15000,11.12,0.23,3,0
132000,9000,11.34,0.07,3,0
65000,15000,7.88,0.23,3,0
65000,15000,11.36,0.23,3,0
132500,12000,12.69,0.09,3,0
65000,15000,9.88,0.23,2,0
65000,15000,8.94,0.23,3,0
132750,12000,11.49,0.09,4,0
133000,3000,11.99,0.02,4,0
133000,4000,7.4,0.03,3,0
103044,11600,15.05,0.1,2,1
65000,15000,16.32,0.23,2,0
65000,15000,9.63,0.23,4,0
59004,15000,15.58,0.25,2,1
65004,15000,16.95,0.23,3,0
134400,10000,12.68,0.07,3,0
134748,25000,10.75,0.19,3,0
60000,15000,10.62,0.25,3,1
66500,15000,6.54,0.23,3,0
135000,21000,12.69,0.16,2,0
135000,15000,15.96,0.11,2,0
135000,8800,6.03,0.07,2,0
135000,6700,6.03,0.05,4,0
135000,10000,15.62,0.07,3,0
135000,5225,7.49,0.04,3,0
135000,24000,12.99,0.18,2,0
135000,12500,15.99,0.09,2,0
135000,6000,6.92,0.04,2,0
135000,21000,10.74,0.16,2,0
21600,5000,7.9,0.23,3,0
135000,16000,6.91,0.12,3,0
135000,17000,6.17,0.13,4,0
68000,15000,10.37,0.22,3,0
104550,24000,15.21,0.2,4,1
135000,21000,10.38,0.16,4,0
104550,15000,15.33,0.12,3,1
69000,15000,10.65,0.22,4,0
69000,15000,8.49,0.22,2,0
135000,25000,16.07,0.19,4,0
135000,20000,12.73,0.15,3,0
69400,15000,13.24,0.22,4,0
69996,15000,13.43,0.21,4,0
123000,24250,12.87,0.2,4,1
135000,10000,18.43,0.07,4,0
69996,15000,11.89,0.21,4,0
135000,10800,8.0,0.08,4,0
70000,15000,16.02,0.21,4,0
135000,12000,9.38,0.09,2,0
136000,9800,15.99,0.07,3,0
70000,15000,10.38,0.21,2,0
136000,8000,12.87,0.06,3,0
70000,15000,16.35,0.21,3,0
105400,24000,14.61,0.19,3,1
136000,8000,8.32,0.06,3,0
137000,21500,6.62,0.16,4,0
70000,15000,11.89,0.21,2,0
137000,25000,9.99,0.18,4,0
137000,3500,12.18,0.03,2,0
137000,11400,9.63,0.08,2,0
137004,10000,5.79,0.07,2,0
64000,15000,14.42,0.23,3,1
138000,7500,6.03,0.05,3,0
138000,8000,6.99,0.06,4,0
70204,15000,15.7,0.21,3,0
70500,15000,8.0,0.21,3,0
138000,16500,6.54,0.12,3,0
138000,2700,11.86,0.02,2,0
138000,5000,11.86,0.04,4,0
138000,9000,12.22,0.07,3,0
21000,3825,14.65,0.18,4,0
126996,5000,12.73,0.04,2,1
21000,7500,12.69,0.36,3,0
21000,6000,15.27,0.29,2,0
65000,15000,16.32,0.23,4,1
140000,16400,15.96,0.12,3,0
128000,18000,17.27,0.14,2,1
140000,8000,11.71,0.06,2,0
140000,18000,7.9,0.13,4,0
140000,12000,11.71,0.09,4,0
72000,15000,12.42,0.21,3,0
72000,15000,6.92,0.21,3,0
66000,15000,16.02,0.23,2,1
72000,15000,12.68,0.21,3,0
140000,12000,5.42,0.09,3,0
140000,12000,8.49,0.09,3,0
72000,15000,17.19,0.21,2,0
72000,15000,10.99,0.21,4,0
140000,10000,10.99,0.07,3,0
140000,4475,7.49,0.03,4,0
21000,8000,13.79,0.38,3,0
56525,15000,11.48,0.23,4,1
140000,6000,13.49,0.04,3,0
140000,3500,5.79,0.03,3,0
73500,15000,13.16,0.2,3,0
73500,15000,11.89,0.2,3,0
140000,25000,10.74,0.18,4,0
140000,20000,6.54,0.14,4,0
140000,20000,6.91,0.14,3,0
140000,25000,10.36,0.18,2,0
140000,22000,8.88,0.16,3,0
74424,15000,13.47,0.2,3,0
140000,16000,10.38,0.11,2,0
140000,15000,15.58,0.11,3,0
75000,15000,11.71,0.2,4,0
140000,4800,7.88,0.03,4,0
140000,13050,14.59,0.09,3,0
140000,24250,12.53,0.17,3,0
69000,15000,15.28,0.22,4,1
75000,15000,10.37,0.2,4,0
58650,15000,13.43,0.22,4,1
128000,10000,11.58,0.08,2,1
20004,2500,9.63,0.12,2,0
108803,10000,12.23,0.08,4,1
140004,4000,16.45,0.03,3,0
75000,15000,6.54,0.2,3,0
140004,4500,12.87,0.03,4,0
140300,6000,11.14,0.04,3,0
141000,10000,5.99,0.07,3,0
141000,10000,7.49,0.07,2,0
141000,12000,12.53,0.09,4,0
141996,14000,7.51,0.1,3,0
142000,7500,7.88,0.05,2,0
69000,15000,16.7,0.22,3,1
143123,4000,12.61,0.03,4,0
143375,12000,7.66,0.08,3,0
132000,1500,17.27,0.01,2,1
144000,10000,5.99,0.07,2,0
144000,12000,7.49,0.08,3,0
144000,6800,7.49,0.05,2,0
144000,14700,7.66,0.1,3,0
75531,15000,16.49,0.2,4,0
144000,8000,14.72,0.06,4,0
144000,14400,10.25,0.1,3,0
76000,15000,10.74,0.2,4,0
76000,15000,13.11,0.2,4,0
145000,10000,11.71,0.07,3,0
77000,15000,12.42,0.19,2,0
145000,7000,10.99,0.05,3,0
20000,3000,8.94,0.15,2,0
145000,14000,10.59,0.1,2,0
145000,12000,10.99,0.08,2,0
145000,8000,8.49,0.06,3,0
77368,15000,10.0,0.19,3,0
73000,15000,7.51,0.21,2,1
20000,3200,12.21,0.16,4,0
145000,12000,10.37,0.08,2,0
145000,12000,6.92,0.08,4,0
145000,14400,5.79,0.1,4,0
80000,15000,12.69,0.19,4,0
145000,12000,5.79,0.08,2,0
145000,25000,11.36,0.17,4,0
145000,20000,11.36,0.14,3,0
145000,20800,11.83,0.14,4,0
145000,11500,11.14,0.08,4,0
113050,9000,12.53,0.07,4,1
80000,15000,8.49,0.19,2,0
133000,3000,17.9,0.02,2,1
145000,7500,10.08,0.05,2,0
19800,6800,14.59,0.34,2,1
145008,5000,9.63,0.03,4,0
145596,4700,6.92,0.03,2,0
19764,4800,13.61,0.24,3,1
133900,7500,13.49,0.06,2,1
19500,5000,8.0,0.26,3,1
146000,4000,13.72,0.03,2,0
134000,25000,14.83,0.19,4,1
147000,24000,10.99,0.16,3,0
147000,4100,6.92,0.03,3,0
147000,25000,10.25,0.17,3,0
74000,15000,15.65,0.2,2,1
147996,7500,8.0,0.05,3,0
80004,15000,11.89,0.19,4,0
148000,15000,7.66,0.1,4,0
19200,2400,9.91,0.13,2,0
148000,4000,7.88,0.03,2,0
75000,15000,13.57,0.2,3,1
81960,15000,10.62,0.18,3,0
136112,15600,19.42,0.11,2,1
149385,7000,8.94,0.05,4,0
149400,7000,6.62,0.05,3,0
84000,15000,6.03,0.18,4,0
149981,25000,12.98,0.17,3,0
150000,14400,8.9,0.1,4,0
150000,20000,14.65,0.13,4,0
150000,7500,8.9,0.05,3,0
84000,15000,11.34,0.18,3,0
84000,15000,10.14,0.18,4,0
150000,8000,8.9,0.05,4,0
19200,6000,6.54,0.31,2,1
19200,3300,6.17,0.17,2,1
85000,15000,7.9,0.18,4,0
150000,10000,5.42,0.07,4,0
150000,25000,12.99,0.17,4,0
85000,15000,10.99,0.18,3,0
19200,4500,7.88,0.23,3,1
150000,5000,12.99,0.03,4,0
85000,15000,14.59,0.18,4,0
85000,15000,13.11,0.18,3,0
85000,15000,10.95,0.18,3,0
150000,6400,15.62,0.04,2,0
150000,24000,7.49,0.16,3,0
86004,15000,12.53,0.17,4,0
150000,8200,5.79,0.05,3,0
87000,15000,5.99,0.17,2,0
150000,9600,6.92,0.06,2,0
87000,15000,10.62,0.17,2,0
150000,6000,10.74,0.04,2,0
150000,25000,11.11,0.17,3,0
150000,25000,10.37,0.17,2,0
150000,6000,7.66,0.04,3,0
19000,7200,14.74,0.38,4,1
150000,20000,8.88,0.13,4,0
87800,15000,11.36,0.17,4,0
150000,15000,6.54,0.1,2,0
150000,8000,6.91,0.05,2,0
150000,25000,9.99,0.17,4,0
88000,15000,10.28,0.17,2,0
150000,10000,6.54,0.07,4,0
150000,14000,10.36,0.09,3,0
150000,18000,15.2,0.12,4,0
78000,15000,12.42,0.19,3,1
90000,15000,17.27,0.17,4,0
90000,15000,7.9,0.17,2,0
150000,24250,10.38,0.16,3,0
90000,15000,17.58,0.17,3,0
90000,15000,11.49,0.17,4,0
150000,22000,10.38,0.15,4,0
150000,24000,10.99,0.16,3,0
150000,10000,7.14,0.07,4,0
150000,25000,10.25,0.17,2,0
90000,15000,11.86,0.17,2,0
150000,24000,11.83,0.16,4,0
150000,7000,14.96,0.05,4,0
150000,9500,12.87,0.06,4,0
90000,15000,14.42,0.17,3,0
150000,15000,13.16,0.1,3,0
79000,15000,12.18,0.19,3,1
150000,15000,12.21,0.1,2,0
150000,5000,13.16,0.03,4,0
150000,6000,9.63,0.04,4,0
150000,12500,11.58,0.08,4,0
150000,20000,10.51,0.13,4,0
68000,15000,15.58,0.19,4,1
138000,18000,16.4,0.13,3,1
150000,24000,9.76,0.16,4,0
150000,12125,8.7,0.08,4,0
150600,2400,7.49,0.02,2,0
151000,8000,11.12,0.05,2,0
82308,15125,10.36,0.18,4,0
152000,17500,8.49,0.12,2,0
152004,5800,7.88,0.04,3,0
152229,15000,11.36,0.1,2,0
153000,7500,11.71,0.05,3,0
153000,14500,13.85,0.09,3,0
153600,18000,6.99,0.12,2,0
154000,12225,7.49,0.08,3,0
154000,6000,5.79,0.04,4,0
154000,21600,10.37,0.14,3,0
154000,9200,12.61,0.06,4,0
154000,12000,10.99,0.08,3,0
154000,12400,11.83,0.08,4,0
154008,9600,10.95,0.06,4,0
155000,18000,6.99,0.12,4,0
18000,6500,7.4,0.36,3,1
155000,12000,7.49,0.08,4,0
155000,10000,13.06,0.06,3,0
39000,15200,16.0,0.39,3,1
155000,25000,10.75,0.16,3,0
155000,18000,7.51,0.12,2,0
48000,15200,11.48,0.32,3,1
143000,24250,14.59,0.17,2,1
155000,4000,11.14,0.03,3,0
155000,22000,16.0,0.14,4,0
155004,10500,7.49,0.07,2,0
155796,25000,13.48,0.16,2,0
155800,18000,11.26,0.12,3,0
156000,9600,14.27,0.06,2,0
38272,15250,14.17,0.4,2,1
156000,7000,9.91,0.04,4,0
34000,15250,13.22,0.45,2,1
36000,15250,15.95,0.42,2,1
156000,15000,10.25,0.1,3,0
59000,15250,14.96,0.26,4,0
156000,15000,13.57,0.1,4,0
156000,10000,13.22,0.06,2,0
54288,15350,12.18,0.28,3,0
120000,15400,14.26,0.13,2,0
144996,17600,14.84,0.12,3,1
145000,20000,10.25,0.14,2,1
157200,20000,12.18,0.13,3,0
36000,15450,13.43,0.43,2,1
157500,25000,11.86,0.16,3,0
158000,20000,14.26,0.13,2,0
91800,15450,10.91,0.14,3,1
159960,18325,7.49,0.11,3,0
159996,12000,5.42,0.08,4,0
71760,15500,7.88,0.22,2,0
160000,7000,8.9,0.04,3,0
125000,15500,7.88,0.12,2,0
54000,15550,11.71,0.29,4,0
41000,15600,12.87,0.38,3,1
50000,15600,12.21,0.31,4,1
148000,7500,18.39,0.05,3,1
60000,15600,12.69,0.26,4,0
160000,15000,7.91,0.09,4,0
62000,15600,7.49,0.25,4,0
160000,17000,9.25,0.11,3,0
110000,15600,15.33,0.14,4,0
46000,15625,9.91,0.34,4,1
63000,15675,6.54,0.25,2,0
160000,6000,8.0,0.04,4,0
68000,15700,11.49,0.23,2,0
162000,16000,15.96,0.1,2,0
150500,10000,15.99,0.07,3,1
163000,10000,11.36,0.06,2,0
151900,20000,11.26,0.13,3,1
36000,15850,11.48,0.44,3,1
50000,15850,16.35,0.32,3,1
84000,15850,8.49,0.19,4,0
165000,5000,5.42,0.03,3,0
104000,15900,13.49,0.15,2,0
76000,16000,10.99,0.21,3,0
165000,20000,13.22,0.12,4,0
15996,4000,8.0,0.25,2,1
77000,16000,11.14,0.21,3,0
165500,12000,12.99,0.07,3,0
79500,16000,11.14,0.2,4,0
166000,23450,11.36,0.14,3,0
167300,20000,12.21,0.12,2,0
168000,15750,10.75,0.09,2,0
80000,16000,9.88,0.2,3,0
80000,16000,13.85,0.2,3,0
170000,5000,11.71,0.03,3,0
62900,16000,16.35,0.22,4,1
80500,16000,16.45,0.2,4,0
170000,20000,10.37,0.12,3,0
170000,3850,6.17,0.02,4,0
81000,16000,13.85,0.2,2,0
83000,16000,10.99,0.19,2,0
85000,16000,14.27,0.19,2,0
85000,16000,6.03,0.19,3,0
85000,16000,11.99,0.19,3,0
85000,16000,6.91,0.19,2,0
134300,12000,16.45,0.08,2,1
15300,2500,6.03,0.16,2,1
172000,15000,10.37,0.09,4,0
172000,12000,11.86,0.07,4,0
86000,16000,16.29,0.19,2,0
173000,10000,8.07,0.06,4,0
89100,16000,13.92,0.18,4,0
175000,7550,11.49,0.04,4,0
175000,10000,5.42,0.06,3,0
175000,7500,15.21,0.04,3,0
15000,2000,6.91,0.13,3,0
90000,16000,12.18,0.18,2,0
175000,3000,8.94,0.02,3,0
175000,8000,11.14,0.05,4,0
91000,16000,14.22,0.18,3,0
79200,16000,12.67,0.2,2,1
93000,16000,11.11,0.17,4,0
94000,16000,11.89,0.17,3,0
175500,15000,12.18,0.09,3,0
176004,3200,10.0,0.02,4,0
177160,24000,11.11,0.14,4,0
178364,8000,15.68,0.04,2,0
179000,25000,10.99,0.14,4,0
180000,6000,12.42,0.03,4,0
96000,16000,11.99,0.17,3,0
97188,16000,12.8,0.16,3,0
88000,16000,17.88,0.18,4,1
180000,9700,13.85,0.05,4,0
180000,5000,8.07,0.03,3,0
180000,5000,9.33,0.03,4,0
168952,12500,8.94,0.07,2,1
181408,14500,8.88,0.08,2,0
100000,16000,11.12,0.16,3,0
185000,10000,6.92,0.05,3,0
185000,12000,5.79,0.06,3,0
185000,6000,11.12,0.03,4,0
185000,3000,7.88,0.02,2,0
188004,2000,8.59,0.01,4,0
189000,5000,9.32,0.03,2,0
190000,5000,5.42,0.03,2,0
193000,10000,13.06,0.05,4,0
195000,5000,8.9,0.03,3,0
195000,20000,9.63,0.1,3,0
195054,10000,10.59,0.05,2,0
98004,16000,16.32,0.16,2,1
198000,12000,5.99,0.06,4,0
14400,3000,14.72,0.21,2,1
199000,15000,9.99,0.08,2,0
200000,12000,11.71,0.06,2,0
200000,21000,12.69,0.1,2,0
112500,16000,12.29,0.14,3,0
113000,16000,11.99,0.14,2,0
200000,18000,9.99,0.09,3,0
200000,3025,6.17,0.02,3,0
200000,24000,12.18,0.12,4,0
120000,16000,12.18,0.13,4,0
125000,16000,7.9,0.13,2,0
200000,5000,7.43,0.03,4,0
135000,16000,16.69,0.12,2,0
135000,16000,10.62,0.12,2,0
201000,14000,7.66,0.07,4,0
204000,15250,14.35,0.07,3,0
205000,11000,10.99,0.05,4,0
205000,10000,9.63,0.05,4,0
139992,16000,14.18,0.11,3,0
143000,16000,6.03,0.11,2,0
210000,8000,9.91,0.04,4,0
170850,6500,15.01,0.03,2,1
220836,9000,11.26,0.04,3,0
225000,21000,11.11,0.09,3,0
216000,15000,13.98,0.07,3,1
90200,19125,13.92,0.21,4,0
47000,19200,12.29,0.41,4,1
55000,19200,15.21,0.35,4,1
241875,16000,7.05,0.07,4,0
201450,8000,16.95,0.03,4,1
12000,2500,9.99,0.21,3,1
125000,19200,10.99,0.15,3,0
126500,19200,13.79,0.15,4,0
12000,4500,13.16,0.38,4,1
50000,19400,12.69,0.39,2,1
55438,19400,13.49,0.35,2,1
70000,19425,11.11,0.28,3,0
90000,19500,9.76,0.22,2,0
10560,1000,10.36,0.09,4,0
118000,19550,15.62,0.17,4,1
45000,19600,9.91,0.44,2,1
53295,19600,16.07,0.31,3,1
75000,19600,12.42,0.26,3,0
45295,19650,15.37,0.43,2,1
9600,1200,10.99,0.13,4,0
9600,2000,15.99,0.21,3,1
9600,2100,15.99,0.22,2,1
9600,1000,8.49,0.1,4,1
9600,1200,15.23,0.13,2,0
9600,1500,7.29,0.16,2,1
9600,2375,10.0,0.25,3,1
9600,1200,10.37,0.13,2,0
9600,3200,7.88,0.33,2,1
9600,2100,10.62,0.22,3,1
47000,19750,15.7,0.42,4,1
9192,1750,7.51,0.19,3,1
9000,3000,15.23,0.33,4,1
9000,2000,13.35,0.22,2,1
8400,2000,10.65,0.24,2,1
8400,1500,13.99,0.18,2,1
8280,2400,9.91,0.29,2,1
8088,1200,15.23,0.15,2,0
8088,1000,10.0,0.12,4,0
8000,2100,7.51,0.26,2,1
7904,500,10.71,0.06,3,0
7800,1000,11.36,0.13,4,0
7500,1200,13.48,0.16,4,1
7200,2500,13.11,0.35,3,1
6000,1600,14.61,0.27,3,1
5500,1000,9.63,0.18,3,1
5000,1000,9.64,0.2,4,1
4800,1200,14.26,0.25,2,1
4080,1400,11.86,0.34,4,1
21600,6600,12.68,0.31,4,1
21600,4400,12.53,0.2,3,0
55000,1800,7.49,0.03,3,0
30000,12000,5.79,0.4,2,1
75000,8000,5.99,0.11,2,0
80208,4000,5.42,0.05,3,0
53000,2800,6.03,0.05,3,0
42000,6000,9.99,0.14,4,0
69996,2500,12.53,0.04,4,0
36000,16750,15.28,0.47,4,1
65004,4800,13.49,0.07,4,0
15436,5500,7.88,0.36,3,1
72000,16000,10.37,0.22,2,0
130000,24000,11.49,0.18,3,0
70000,7550,7.51,0.11,3,0
70000,9000,9.63,0.13,4,0
60000,3000,13.47,0.05,3,1
50400,5000,10.38,0.1,2,0
75000,18000,12.73,0.24,2,0
85000,4000,7.88,0.05,3,0
98280,9400,6.62,0.1,3,0
90000,8000,10.36,0.09,3,0
53808,6000,8.9,0.11,2,0
81600,9000,7.49,0.11,3,0
30000,10000,15.31,0.33,4,1
52000,5000,14.22,0.1,3,0
48000,4000,5.42,0.08,4,0
33000,6000,13.85,0.18,3,0
35000,1500,9.63,0.04,2,0
118000,12000,13.11,0.1,2,0
95000,12000,10.65,0.13,3,0
42000,4800,14.27,0.11,2,1
64000,13000,14.11,0.2,3,0
57000,4200,10.51,0.07,4,0
33000,7100,14.65,0.22,3,1
15360,1600,12.69,0.1,3,0
45888,9000,5.79,0.2,4,0
58000,4000,10.0,0.07,4,0
190000,12600,6.92,0.07,3,0
75000,12500,5.99,0.17,4,0
41600,12000,12.42,0.29,4,0
90000,12000,8.9,0.13,2,0
51996,10000,13.23,0.19,4,0
88500,7200,13.47,0.08,2,0
45000,10000,12.21,0.22,4,0
30000,10000,12.61,0.33,2,0
32000,2500,16.45,0.08,3,1
36000,1400,14.84,0.04,2,0
48000,10000,10.65,0.21,4,0
24000,5000,6.62,0.21,2,0
10000,3000,7.9,0.3,3,1
35000,2400,12.53,0.07,2,0
39000,6000,15.99,0.15,3,1
100000,15000,7.88,0.15,4,0
27120,9250,13.11,0.34,3,1
25920,2300,11.11,0.09,2,0
102000,12000,15.27,0.12,3,0
50000,4000,14.61,0.08,4,0
94000,5000,7.68,0.05,3,0
40000,10000,7.88,0.25,3,0
69764,1500,14.42,0.02,4,1
21600,2400,16.29,0.11,4,1
20000,4800,5.99,0.24,3,0
49000,15000,19.82,0.31,3,1
128000,12000,6.03,0.09,2,0
62500,4000,10.37,0.06,3,0
40000,5000,5.79,0.13,2,0
44000,16000,16.35,0.36,4,1
85000,9600,13.85,0.11,2,0
64600,5000,7.9,0.08,3,0
60000,3950,10.65,0.07,4,0
65000,10950,7.88,0.17,2,0
36800,5900,10.71,0.16,4,0
54000,1500,14.42,0.03,4,1
16000,5600,12.84,0.35,2,1
39000,10000,11.99,0.26,2,1
45000,8000,12.73,0.18,2,0
78000,4200,13.06,0.05,3,0
100000,10000,12.87,0.1,4,0
44400,12800,12.73,0.29,4,0
125000,12000,9.91,0.1,3,0
37980,3500,6.03,0.09,3,0
75000,8000,6.17,0.11,2,0
28800,8000,11.49,0.28,2,0
53000,6000,6.62,0.11,2,0
26004,4800,10.99,0.18,3,0
70000,5600,7.9,0.08,3,0
130000,24250,12.18,0.19,4,0
49000,5000,12.18,0.1,3,1
72000,15000,17.19,0.21,4,0
78000,18000,13.49,0.23,4,0
27600,7500,6.76,0.27,4,0
115000,20000,6.91,0.17,4,0
56400,9500,8.9,0.17,2,0
18000,4500,10.38,0.25,3,1
50000,10000,6.17,0.2,3,0
65000,7000,8.49,0.11,4,0
32240,15000,13.22,0.47,2,1
55000,15000,6.17,0.27,3,0
57000,3000,5.42,0.05,2,0
69000,8000,13.99,0.12,2,1
75000,12000,13.49,0.16,2,0
59000,4900,15.62,0.08,3,1
70000,21000,8.88,0.3,3,0
54000,8075,13.06,0.15,3,0
79000,21000,7.9,0.27,4,0
26000,8000,12.87,0.31,3,1
159996,12000,5.42,0.08,4,0
52000,6000,7.9,0.12,2,0
50000,10000,6.03,0.2,4,0
45000,7800,7.51,0.17,2,0
128500,15000,12.53,0.12,3,0
87000,10000,10.36,0.11,2,0
18000,7000,10.65,0.39,3,1
65000,7000,11.83,0.11,3,0
55000,6000,8.9,0.11,4,0
36000,6000,14.96,0.17,3,0
39000,8000,6.62,0.21,2,0
44000,8000,12.92,0.18,2,1
150000,25000,10.25,0.17,4,0
78600,8400,13.48,0.11,4,0
18000,2400,14.72,0.13,3,0
30000,1450,15.58,0.05,3,1
54000,5000,16.35,0.09,4,1
24000,9600,11.71,0.4,3,1
25920,10000,15.58,0.39,4,1
36000,7000,7.9,0.19,4,0
126500,19200,13.79,0.15,3,0
54000,5600,9.63,0.1,3,0
39996,3000,7.37,0.08,2,0
21600,6000,14.42,0.28,2,1
22800,4750,11.36,0.21,4,0
48000,4225,9.83,0.09,3,0
69996,3000,6.39,0.04,4,0
20000,1500,7.74,0.07,4,0
55000,6000,14.27,0.11,3,0
30000,5000,11.86,0.17,4,0
50000,10000,7.9,0.2,4,0
75000,5000,11.12,0.07,2,0
30720,10000,10.37,0.33,3,1
41892,11300,13.22,0.27,4,0
18700,1500,5.42,0.08,3,0
58000,16000,12.21,0.28,4,0
34000,10950,7.29,0.32,2,0
29100,6250,16.07,0.21,4,1
149385,7000,8.94,0.05,2,0
36000,9000,11.11,0.25,4,0
76668,7200,9.63,0.09,4,0
155004,10500,7.49,0.07,3,0
46800,12000,6.99,0.26,3,0
46800,5000,7.51,0.11,4,0
85000,5750,7.29,0.07,3,0
58000,20000,10.25,0.34,4,1
47412,6500,8.59,0.14,3,0
45000,5000,11.11,0.11,4,0
41400,7300,9.45,0.18,2,0
45000,15000,13.06,0.33,3,0
21000,7500,6.91,0.36,2,1
65000,2200,12.42,0.03,3,0
30000,4500,10.62,0.15,4,0
75000,12000,5.99,0.16,4,0
38400,3200,13.49,0.08,2,0
72400,25000,17.99,0.35,2,0
74900,3500,6.39,0.05,3,0
72000,12000,13.61,0.17,4,1
60000,14000,11.12,0.23,2,0
35000,5000,7.88,0.14,3,0
70000,9000,11.83,0.13,3,0
16428,2400,12.23,0.15,3,0
32400,10000,13.23,0.31,3,1
82500,5000,8.49,0.06,2,0
150000,25000,9.99,0.17,4,0
21000,3000,12.68,0.14,3,0
67000,5000,13.92,0.07,4,1
28000,1000,10.25,0.04,3,1
33600,3300,15.65,0.1,2,0
54000,12000,16.77,0.22,2,1
65000,9000,9.63,0.14,3,0
72204,6700,13.47,0.09,4,0
36000,1200,13.99,0.03,3,0
60000,6000,6.91,0.1,2,0
54996,12500,12.87,0.23,2,0
16000,3200,9.32,0.2,4,1
90000,4800,9.62,0.05,2,0
72000,8000,10.0,0.11,2,0
112500,8600,13.11,0.08,4,0
40000,6925,15.99,0.17,4,0
42000,10000,14.91,0.24,2,1
46000,5200,17.27,0.11,3,1
30000,3000,11.49,0.1,3,0
26000,7800,10.59,0.3,3,0
50000,9000,13.49,0.18,2,0
44094,3600,7.37,0.08,2,0
46000,2000,7.66,0.04,2,0
75000,25000,14.96,0.33,3,0
30000,10000,11.86,0.33,4,1
26729,7300,11.14,0.27,4,0
115000,12000,5.99,0.1,3,0
67000,25000,10.91,0.37,3,1
96000,21000,14.65,0.22,4,0
48720,10000,13.85,0.21,3,0
30000,7000,10.99,0.23,3,0
175000,17000,9.88,0.1,2,0
48996,5000,13.79,0.1,4,0
52320,15000,12.86,0.29,2,0
36000,15000,15.05,0.42,2,1
66614,11000,17.99,0.14,2,1
16800,4750,13.85,0.28,4,1
52728,5000,7.74,0.09,4,0
55000,18500,13.16,0.34,3,0
74000,16000,8.49,0.22,3,0
5000,1000,9.64,0.2,4,1
46800,6000,14.91,0.13,3,0
38400,5000,11.49,0.13,3,0
80000,9500,11.71,0.12,3,0
156000,15000,10.25,0.1,2,0
48000,10000,7.49,0.21,3,0
43200,3000,13.8,0.07,2,0
81000,18000,13.98,0.22,4,0
76000,5000,7.9,0.07,3,0
135000,12500,15.99,0.09,4,0
55000,1400,13.49,0.03,3,0
27500,4250,10.99,0.15,4,0
24996,2500,12.98,0.1,4,0
72000,3200,6.39,0.04,4,0
138000,2700,11.86,0.02,4,0
159960,18325,7.49,0.11,2,0
51000,9600,15.31,0.19,4,0
30000,7000,9.62,0.23,4,1
22000,8500,15.05,0.39,4,0
23500,7000,10.38,0.3,4,0
220836,9000,11.26,0.04,2,0
19200,2400,9.91,0.13,4,0
65000,15000,13.49,0.23,3,0
65000,5500,7.88,0.08,2,0
145000,10000,10.99,0.07,3,0
78700,7000,7.68,0.09,3,1
21000,6000,15.27,0.29,2,0
24000,6000,6.62,0.25,2,0
42000,3600,7.37,0.09,3,0
46704,9000,11.49,0.19,3,0
65000,12000,9.91,0.18,4,0
66000,16800,13.49,0.25,2,0
60000,6000,10.62,0.1,2,0
30720,2000,11.12,0.07,4,0
80000,12000,13.48,0.15,4,0
41000,1000,6.99,0.02,2,0
150000,8750,7.74,0.06,2,0
122000,14000,13.48,0.11,4,0
27996,2200,15.95,0.08,3,1
30000,6000,12.42,0.2,4,0
30000,3000,15.2,0.1,4,0
40000,15000,13.16,0.38,4,0
41500,2500,15.62,0.06,2,0
98000,12000,7.49,0.12,2,0
42000,4500,7.66,0.11,2,0
65000,1525,5.42,0.02,3,0
45000,18000,7.88,0.4,2,0
21000,7500,12.69,0.36,2,0
70000,24250,12.18,0.35,2,0
95000,18000,10.99,0.19,3,0
51000,12000,6.17,0.24,4,0
200000,15000,14.79,0.07,4,0
65496,13250,10.37,0.2,4,0
34000,10000,12.18,0.29,4,0
43000,13500,10.95,0.31,4,1
44000,6000,14.22,0.14,3,0
39000,5000,6.99,0.13,2,0
50004,5300,14.42,0.11,2,0
150000,20000,8.88,0.13,4,0
80000,18000,5.79,0.23,3,0
25000,8800,9.33,0.35,3,0
120000,5000,14.79,0.04,3,0
50500,6000,11.83,0.12,2,0
49536,5200,6.62,0.1,3,0
39000,1500,15.62,0.04,3,0
30000,2000,14.22,0.07,2,0
39000,5600,5.42,0.14,4,0
40000,2500,9.99,0.06,3,0
60000,5600,7.49,0.09,4,0
78000,14200,11.48,0.18,3,0
71004,20000,13.36,0.28,2,1
130000,25000,11.83,0.19,3,0
87000,25000,10.99,0.29,4,0
90000,10000,12.42,0.11,4,0
30996,5000,11.86,0.16,4,0
87000,13000,11.26,0.15,4,0
31000,10000,14.65,0.32,3,1
48000,4800,10.74,0.1,4,0
60000,12500,11.49,0.21,4,0
20124,5950,13.49,0.3,3,0
55000,5500,8.59,0.1,4,0
165000,20000,13.22,0.12,2,0
84000,4500,12.18,0.05,2,0
84000,8500,11.83,0.1,4,0
33996,5000,14.96,0.15,4,1
30000,4800,7.49,0.16,4,0
38000,8500,5.42,0.22,2,0
28776,8000,8.9,0.28,2,0
60000,10000,12.18,0.17,2,0
80500,7200,9.25,0.09,3,0
58650,20000,14.09,0.29,4,1
42000,4400,11.89,0.1,4,0
72000,17000,7.88,0.24,3,0
23800,8800,9.32,0.37,2,1
32400,4500,7.49,0.14,3,0
60140,7000,8.59,0.12,4,0
50000,18225,10.74,0.36,3,1
130000,4550,13.57,0.04,4,0
35000,11000,7.88,0.31,3,0
70000,6000,13.16,0.09,4,0
33772,3600,16.02,0.11,3,1
65000,12000,11.71,0.18,3,0
55000,8500,14.22,0.15,3,0
43600,10000,14.96,0.23,2,1
50004,11000,15.68,0.22,3,0
48000,7000,12.09,0.15,2,0
40000,5000,6.17,0.13,2,0
23198,6000,8.0,0.26,2,0
84000,12500,6.54,0.15,4,0
63000,20000,7.9,0.32,3,0
57996,2500,12.53,0.04,4,0
188004,2000,8.59,0.01,2,0
39000,3000,13.99,0.08,2,0
85000,7750,11.12,0.09,4,0
125000,10200,7.49,0.08,2,0
54000,11000,5.42,0.2,2,0
55000,10200,12.73,0.19,2,0
141000,10000,7.49,0.07,2,0
35100,1000,13.98,0.03,3,0
20400,7550,14.79,0.37,3,1
37000,7500,10.95,0.2,3,0
67000,7000,8.94,0.1,2,0
57000,8000,10.65,0.14,2,0
51000,7500,5.99,0.15,3,0
140000,16400,15.96,0.12,2,0
60000,3000,14.59,0.05,4,0
69900,5050,5.42,0.07,3,0
48000,9000,13.79,0.19,2,0
70000,7000,13.79,0.1,2,0
81000,21000,16.95,0.26,2,1
24000,1500,18.79,0.06,4,1
90000,16000,6.03,0.18,3,0
42900,12000,8.9,0.28,3,0
65000,13600,15.62,0.21,3,0
62400,20000,11.12,0.32,2,1
45000,1775,12.72,0.04,2,0
45000,9200,11.89,0.2,4,0
130208,20000,12.73,0.15,3,0
23587,2000,11.89,0.08,2,1
69500,6000,13.48,0.09,3,0
42200,4450,9.32,0.11,4,0
41412,7600,11.12,0.18,4,0
45000,11100,13.11,0.25,2,0
12000,4200,13.48,0.35,4,1
60000,7500,11.66,0.13,4,0
80004,7500,15.23,0.09,4,1
42000,19200,7.9,0.46,4,0
105804,15000,7.49,0.14,2,0
45000,11200,10.59,0.25,4,0
52800,9000,7.49,0.17,4,0
68000,3500,6.39,0.05,4,0
58000,3000,6.92,0.05,2,0
39600,8250,9.32,0.21,3,0
40000,7000,11.99,0.17,3,0
72000,8000,7.88,0.11,3,0
72000,15000,10.99,0.21,2,0
51000,8500,8.94,0.17,4,0
136000,12000,14.72,0.09,3,0
50000,10000,7.88,0.2,4,0
52360,15000,16.49,0.29,2,0
60000,7000,6.54,0.12,2,0
50000,6000,6.76,0.12,2,0
36000,7000,12.73,0.19,4,0
47800,1500,13.43,0.03,4,0
61959,25000,12.73,0.4,4,1
49000,7750,9.63,0.16,2,0
64000,12000,17.56,0.19,4,1
59000,5000,9.99,0.08,3,1
24000,7000,11.86,0.29,3,0
64000,8000,12.17,0.13,2,1
90000,3200,13.22,0.04,4,0
54000,12000,8.49,0.22,4,0
60000,7000,9.25,0.12,4,0
170000,20000,10.37,0.12,4,0
33600,2500,8.9,0.07,3,0
110000,5000,12.69,0.05,3,0
22800,3000,8.94,0.13,4,0
60000,14000,7.51,0.23,4,0
40000,8000,11.49,0.2,2,0
34800,9600,19.16,0.28,4,1
150000,25000,10.37,0.17,2,0
30000,10000,11.99,0.33,3,1
86500,14000,7.29,0.16,3,0
62000,6400,10.08,0.1,3,0
40000,2000,10.99,0.05,4,0
62900,25000,14.38,0.34,2,1
67000,10000,12.21,0.15,3,0
38400,10000,13.99,0.26,4,0
58800,3000,10.36,0.05,3,1
100000,1200,8.59,0.01,4,0
32000,7500,13.79,0.23,3,0
84000,15000,11.34,0.18,4,0
85272,5000,11.11,0.06,2,0
28000,5000,11.78,0.18,3,0
60000,15000,11.83,0.25,3,0
33996,7000,13.16,0.21,4,1
52000,10000,13.87,0.19,4,1
13000,2800,15.21,0.22,2,1
39900,19000,12.18,0.48,2,1
48500,20000,11.36,0.41,2,1
27600,7000,7.9,0.25,2,0
47000,4000,6.62,0.09,2,0
26000,6000,7.49,0.23,2,0
51996,6500,15.68,0.13,3,1
29000,10000,18.62,0.34,4,1
107004,10000,7.29,0.09,4,0
60000,5000,7.29,0.08,3,0
58500,4000,8.0,0.07,3,0
32000,5400,16.29,0.17,2,1
114000,8000,12.68,0.07,3,0
40000,5000,6.62,0.13,2,0
86000,20000,10.99,0.23,3,1
30000,3000,7.49,0.1,3,0
40000,10000,11.99,0.25,4,0
38400,12000,10.38,0.31,3,0
37500,10000,14.91,0.27,2,0
75000,5000,7.49,0.07,4,0
32500,12500,7.9,0.38,2,0
65000,3300,7.51,0.05,2,0
150000,8200,5.79,0.05,2,0
60000,5000,8.49,0.08,2,0
35000,2100,5.42,0.06,2,0
60000,12500,11.49,0.21,3,0
88000,10000,12.69,0.11,4,0
45600,5000,14.22,0.11,4,0
122000,20000,13.23,0.16,4,0
50000,9175,19.42,0.18,4,0
71000,11300,7.49,0.16,3,0
24000,5500,14.27,0.23,2,0
65000,6000,9.63,0.09,3,0
85000,10000,14.09,0.12,2,0
34800,7000,11.99,0.2,3,1
36000,1000,12.42,0.03,2,0
40000,3825,10.0,0.1,3,0
40000,3500,13.49,0.09,3,0
18000,5800,14.72,0.32,2,1
85000,12000,14.65,0.14,2,0
84000,8000,16.45,0.1,4,1
21500,7500,11.34,0.35,3,1
58000,12800,12.42,0.22,4,0
28800,5000,11.99,0.17,4,0
30000,6600,14.42,0.22,4,0
78000,8000,12.87,0.1,3,1
137004,10000,5.79,0.07,4,0
42000,10000,13.8,0.24,2,1
45000,5000,10.74,0.11,4,0
38400,4000,7.29,0.1,3,0
40000,1800,13.23,0.04,2,0
70000,6000,5.42,0.09,2,0
72000,14000,14.65,0.19,4,1
83000,25000,15.95,0.3,2,0
42000,15000,11.83,0.36,2,1
60000,24000,7.9,0.4,2,1
90000,6400,9.88,0.07,3,0
47000,8500,8.9,0.18,4,0
29120,6400,8.94,0.22,4,0
79000,10000,5.79,0.13,3,0
69996,8000,12.84,0.11,3,0
37000,5500,9.2,0.15,3,0
70000,12000,7.9,0.17,2,0
123144,12000,10.75,0.1,2,0
115000,19000,13.49,0.17,4,0
52000,1500,11.99,0.03,2,0
42000,4500,11.48,0.11,3,0
95000,19800,13.22,0.21,4,1
70000,6725,6.62,0.1,2,0
70000,12000,12.53,0.17,4,0
85000,12000,6.91,0.14,3,0
70000,6000,15.23,0.09,2,0
45000,9000,11.48,0.2,4,0
38496,8000,6.03,0.21,3,0
66661,1500,11.49,0.02,2,0
200000,5000,7.43,0.03,2,0
32000,5000,6.03,0.16,2,0
34000,6500,13.22,0.19,4,1
36000,11200,9.76,0.31,2,0
32000,8575,15.62,0.27,2,1
59000,8500,11.83,0.14,4,0
78700,14000,13.48,0.18,3,0
38000,4500,5.79,0.12,3,0
50200,9000,7.66,0.18,3,0
86000,10000,13.49,0.12,4,0
84000,12000,6.91,0.14,2,0
63402,6000,13.22,0.09,2,0
100000,12000,9.91,0.12,2,0
69000,7800,12.41,0.11,4,0
30000,3000,5.99,0.1,3,0
60000,1200,7.66,0.02,3,0
44000,4600,13.99,0.1,3,1
42000,12000,15.23,0.29,3,0
45996,11500,12.53,0.25,3,0
37000,10000,10.99,0.27,3,0
36996,9600,11.97,0.26,2,0
89800,20000,12.53,0.22,3,0
64800,2000,11.99,0.03,3,0
120000,6000,13.06,0.05,3,0
21000,5175,12.53,0.25,4,0
60000,12500,6.92,0.21,3,0
115000,10000,14.27,0.09,2,0
45000,14500,10.36,0.32,4,1
35000,6500,13.43,0.19,4,0
41000,7000,7.9,0.17,2,1
75000,4000,12.99,0.05,2,0
50000,7200,11.71,0.14,2,0
20664,4550,13.72,0.22,3,0
61000,15000,14.65,0.25,2,0
77368,15000,10.0,0.19,3,0
74000,4475,9.99,0.06,2,0
72000,3000,16.89,0.04,4,1
54400,2500,11.14,0.04,2,1
19200,5000,10.99,0.26,2,1
35364,10000,9.32,0.28,4,0
26400,3800,7.9,0.14,2,0
35000,6000,7.51,0.17,3,0
55000,13500,9.67,0.25,4,0
51000,17500,14.09,0.34,2,1
59000,18000,16.0,0.31,2,1
154000,12225,7.49,0.08,4,0
200000,12000,12.69,0.06,2,0
25344,4000,16.49,0.16,3,1
192000,20000,6.54,0.1,2,0
175000,10000,15.05,0.06,3,0
40000,3600,10.59,0.09,4,0
140000,9000,7.14,0.06,2,0
58650,5000,8.59,0.07,4,1
60000,3600,9.99,0.06,3,0
61498,5000,11.36,0.08,3,0
30000,1000,10.99,0.03,2,0
133000,17400,11.71,0.13,3,0
52000,8000,13.22,0.15,4,0
90000,12000,12.18,0.13,4,0
48500,3850,8.49,0.08,2,0
26400,4750,12.23,0.18,3,0
80000,15000,16.07,0.19,2,0
60000,16000,7.9,0.27,3,0
68004,16000,11.26,0.24,3,0
23000,4850,14.27,0.21,3,0
36000,7000,9.99,0.19,3,0
90000,13000,12.73,0.14,2,0
75000,2000,9.99,0.03,4,0
140000,24250,12.53,0.17,4,0
24000,2800,11.49,0.12,3,1
83004,5000,6.76,0.06,3,0
75000,12000,6.62,0.16,3,0
48000,6500,10.62,0.14,2,0
19000,4000,7.4,0.21,4,1
42000,3200,7.9,0.08,3,1
127000,12000,15.05,0.09,3,0
34800,5600,16.77,0.16,4,1
14400,1825,15.62,0.13,2,1
68000,3000,11.78,0.04,4,0
100000,12000,8.94,0.12,4,0
24000,10000,13.48,0.42,2,1
50004,12000,15.31,0.24,3,0
116000,11000,8.94,0.09,2,0
80000,10000,7.74,0.13,2,0
27000,2800,7.51,0.1,3,1
22406,2500,6.76,0.11,2,1
57700,3500,10.65,0.06,2,0
30000,6400,15.99,0.21,4,1
30000,4000,16.32,0.13,2,1
24449,1800,11.89,0.07,4,0
62471,12000,6.91,0.19,4,0
69528,6000,12.99,0.09,3,0
36000,6000,7.51,0.17,4,0
48000,3000,9.32,0.06,4,1
60000,10000,12.21,0.17,3,0
64000,8000,15.28,0.13,4,1
34000,2000,7.66,0.06,4,1
24000,2000,11.14,0.08,4,0
24000,6000,12.68,0.25,4,0
32000,14000,12.23,0.44,3,1
45000,4800,13.98,0.11,3,0
95000,6500,8.49,0.07,4,0
50000,7500,8.32,0.15,2,0
42996,4800,11.03,0.11,4,0
19250,6250,16.82,0.32,2,1
44400,1500,11.63,0.03,4,0
53000,8000,7.88,0.15,3,0
68000,10000,14.26,0.15,2,0
70560,9600,7.9,0.14,4,0
37200,7200,7.9,0.19,4,0
39000,16000,15.65,0.41,2,1
49000,2400,7.66,0.05,3,0
90000,6000,11.89,0.07,4,0
98000,13200,15.28,0.13,3,1
102000,9800,10.36,0.1,4,0
26400,4400,11.49,0.17,3,0
70000,13000,10.0,0.19,2,0
53826,8500,14.79,0.16,2,1
120000,6000,9.99,0.05,3,0
49000,2400,5.79,0.05,3,0
96000,7000,9.91,0.07,3,0
31000,1800,8.32,0.06,2,0
100000,11000,5.42,0.11,2,0
40000,15000,11.71,0.38,3,1
70000,20000,12.21,0.29,2,0
100000,10000,10.59,0.1,4,0
78300,15000,16.82,0.19,3,0
45000,6000,7.49,0.13,3,0
85000,7500,13.99,0.09,4,0
45000,10000,16.89,0.22,3,0
36000,5000,12.68,0.14,4,1
109000,15000,10.25,0.14,2,0
31836,6400,14.35,0.2,4,0
54000,7000,14.96,0.13,2,1
49963,2100,11.49,0.04,3,1
60350,25000,15.95,0.35,4,1
60000,11200,5.79,0.19,4,0
50000,2600,6.03,0.05,3,0
60000,8500,10.59,0.14,4,0
95000,15000,12.69,0.16,3,0
60000,6125,6.17,0.1,2,0
75000,10000,6.62,0.13,2,0
75000,9000,6.99,0.12,3,0
54000,5500,8.07,0.1,3,0
102000,25000,10.99,0.21,2,1
61000,12000,13.49,0.2,4,0
44000,5500,6.17,0.13,4,0
105000,6500,13.87,0.06,3,0
72000,15000,10.25,0.21,4,0
30000,8000,9.25,0.27,2,0
21360,7500,7.14,0.35,4,1
36000,5400,8.9,0.15,4,0
75600,14500,9.63,0.19,3,0
108000,25000,15.05,0.23,2,1
49600,12000,7.14,0.24,3,0
52000,3300,10.99,0.06,2,0
43949,3000,11.49,0.07,2,0
40000,12000,7.51,0.3,2,0
60000,12000,8.9,0.2,3,0
50000,10000,7.74,0.2,2,0
38004,4500,7.88,0.12,3,0
70000,17000,8.88,0.24,4,0
48000,5000,7.88,0.1,2,0
24000,5500,10.99,0.23,4,0
34500,5000,16.89,0.14,2,1
120000,16000,9.63,0.13,2,0
80400,12000,5.79,0.15,2,0
27600,3500,10.99,0.13,4,1
50000,13750,18.43,0.28,3,1
126000,8000,13.23,0.06,2,0
20004,3000,10.37,0.15,4,0
160000,20000,7.49,0.13,3,0
46000,12000,11.71,0.26,4,0
40000,15000,9.64,0.38,4,0
40000,5600,14.61,0.14,2,0
75800,7000,6.54,0.09,4,0
43000,2400,10.99,0.06,3,0
55000,6000,10.65,0.11,2,0
60000,5000,7.14,0.08,2,0
30000,9000,17.58,0.3,2,0
52000,5000,6.99,0.1,2,0
100000,3000,11.49,0.03,4,0
90000,20000,6.54,0.22,3,0
46500,8000,15.23,0.17,2,1
145000,25000,11.36,0.17,3,0
60000,17000,6.91,0.28,2,0
200000,16000,14.65,0.08,2,0
79000,9000,6.76,0.11,4,0
120000,25000,13.99,0.21,4,0
47000,7000,6.62,0.15,4,0
47000,13850,12.68,0.29,2,0
72000,14000,7.9,0.19,2,0
45000,8650,14.27,0.19,3,0
61200,5650,7.66,0.09,2,0
34000,10000,11.26,0.29,3,0
22800,1775,6.99,0.08,2,0
28000,6000,9.63,0.21,4,0
45000,4000,15.99,0.09,3,1
40800,12000,15.21,0.29,2,1
75000,12000,6.92,0.16,4,0
33195,1800,11.99,0.05,3,0
90000,5525,11.36,0.06,4,0
24996,7500,12.98,0.3,2,0
21000,3825,14.65,0.18,4,0
74800,20000,17.04,0.23,3,1
168600,20000,11.58,0.12,4,0
43000,10000,16.89,0.23,4,1
28128,7500,15.33,0.27,3,1
64151,5000,11.86,0.08,4,0
44000,2000,8.0,0.05,3,1
105500,6000,11.99,0.06,4,0
90096,10150,11.97,0.11,3,0
49000,5000,15.21,0.1,3,1
53000,6800,9.91,0.13,3,0
49200,6000,10.0,0.12,4,0
38000,5400,7.9,0.14,4,0
54000,3200,16.49,0.06,2,1
75000,6000,6.03,0.08,3,0
120000,6000,9.88,0.05,4,0
100000,11000,8.49,0.11,3,0
106000,10000,7.14,0.09,3,0
57000,2400,12.69,0.04,4,0
33321,12250,13.11,0.37,4,0
28800,8000,9.88,0.28,2,0
74000,25000,10.36,0.34,2,1
54000,5100,9.62,0.09,4,0
59000,5000,6.17,0.08,2,0
40000,2000,12.53,0.05,4,0
75000,10200,6.03,0.14,3,0
40000,6500,11.89,0.16,3,0
53000,2500,9.91,0.05,2,0
24000,1000,12.84,0.04,3,0
30000,6000,11.71,0.2,3,0
49000,12000,13.49,0.24,4,1
46000,11000,10.59,0.24,2,0
46000,7000,8.49,0.15,2,0
32500,3000,13.22,0.09,3,0
73440,7000,6.99,0.1,4,0
120000,13000,10.99,0.11,2,0
66420,4000,12.18,0.06,2,0
75000,21000,10.0,0.28,4,0
20000,2500,13.79,0.13,4,0
57000,8000,5.42,0.14,4,0
30000,5000,11.49,0.17,4,0
52000,15000,10.0,0.29,4,0
89000,8000,10.99,0.09,3,0
48000,16500,8.9,0.34,3,1
77000,21000,11.48,0.27,3,0
70000,15000,14.42,0.21,2,0
98004,16000,16.32,0.16,4,1
55000,8000,7.49,0.15,2,0
35976,15000,10.25,0.42,3,1
62900,16800,15.65,0.23,4,1
72000,5000,6.03,0.07,4,0
47000,12000,12.21,0.26,3,0
50000,3000,13.47,0.06,3,0
27096,5000,7.9,0.18,3,1
72000,10000,13.85,0.14,3,0
57564,21000,11.48,0.36,3,0
24996,4000,9.45,0.16,2,0
54000,20000,11.83,0.37,2,1
38400,2200,12.69,0.06,3,0
72000,25000,11.89,0.35,2,0
67807,6400,7.14,0.09,3,0
12000,2100,8.94,0.17,2,1
115154,3000,14.27,0.03,2,0
59000,17000,10.25,0.29,4,0
60000,25000,10.25,0.42,2,1
48000,13000,7.88,0.27,2,1
39996,11000,5.79,0.28,2,0
7800,1000,11.36,0.13,4,0
54996,2500,14.35,0.05,4,0
40000,6000,14.79,0.15,3,0
54000,7000,10.65,0.13,2,0
65000,10000,6.03,0.15,3,0
80000,20000,13.06,0.25,3,0
60000,12000,10.65,0.2,2,0
24000,7000,15.62,0.29,4,1
91800,16800,15.62,0.16,4,1
121000,20000,8.9,0.17,4,0
50004,10000,11.12,0.2,2,0
145000,7000,10.99,0.05,2,0
8088,1200,15.23,0.15,2,0
35000,5000,12.98,0.14,2,1
55000,10000,7.51,0.18,2,1
83004,5450,7.9,0.07,3,0
51000,16750,16.4,0.33,3,0
88900,5000,11.83,0.06,4,0
109000,14000,9.63,0.13,2,0
96000,7300,8.49,0.08,4,0
70000,8000,14.84,0.11,3,0
35000,8000,9.2,0.23,4,0
72000,10000,10.37,0.14,4,0
31200,6000,16.89,0.19,4,1
65000,6400,9.99,0.1,3,0
51600,14000,10.37,0.27,2,1
70550,14000,17.51,0.17,2,1
63000,3500,7.68,0.06,4,0
75000,7000,7.66,0.09,3,0
86004,15000,12.53,0.17,4,0
42000,1925,6.17,0.05,2,0
58000,8000,13.61,0.14,4,0
82000,9200,6.03,0.11,3,0
30000,6300,13.22,0.21,3,0
33009,12000,11.48,0.36,4,0
54000,7000,15.62,0.13,3,1
30000,10000,14.61,0.33,3,0
28880,2000,8.59,0.07,4,0
74004,20000,15.95,0.27,3,1
74400,3500,7.29,0.05,3,0
70000,3500,5.42,0.05,2,0
36000,6500,17.49,0.18,4,1
30000,3600,10.99,0.12,4,0
18000,5400,15.31,0.3,4,1
12000,1600,10.59,0.13,2,0
52000,16000,13.98,0.31,4,1
48000,1400,14.79,0.03,3,0
89000,14000,7.49,0.16,2,0
101000,24250,12.53,0.24,3,0
63000,5000,7.74,0.08,4,0
80004,10000,9.62,0.12,4,0
46000,12800,19.41,0.28,2,1
42996,6000,12.84,0.14,3,0
50000,12500,9.32,0.25,3,0
91234,12000,11.83,0.13,2,0
69600,1350,12.68,0.02,3,0
20000,4000,9.45,0.2,3,0
14400,2000,17.49,0.14,3,1
82000,10750,9.25,0.13,3,0
93000,2100,9.91,0.02,2,1
75000,10000,11.86,0.13,2,0
56000,6000,10.74,0.11,2,0
52800,8000,12.87,0.15,4,0
62400,15000,17.58,0.24,3,0
57500,6000,11.28,0.1,3,1
71500,6400,13.11,0.09,4,0
41838,6600,16.89,0.16,3,1
36000,5500,5.42,0.15,3,0
78000,25000,9.64,0.32,4,0
44000,10000,14.74,0.23,3,0
64000,12000,13.16,0.19,4,0
100000,10000,12.87,0.1,4,0
58000,7200,11.97,0.12,2,1
54000,6600,11.97,0.12,3,0
42500,5000,12.98,0.12,4,0
67000,25000,7.9,0.37,3,1
40000,4000,7.14,0.1,2,0
24000,3500,15.65,0.15,4,1
40680,6000,11.36,0.15,4,1
64000,12000,15.62,0.19,4,1
122000,10000,13.57,0.08,4,0
126000,7500,13.92,0.06,2,0
65000,7000,11.66,0.11,3,0
77700,14000,10.99,0.18,2,0
36000,5000,12.99,0.14,4,0
75600,15000,12.68,0.2,3,0
35000,8000,5.79,0.23,3,0
57000,9600,14.46,0.17,3,1
120000,25000,9.99,0.21,2,0
54252,3500,6.39,0.06,4,0
11000,1400,9.32,0.13,4,0
105000,7200,11.71,0.07,2,0
85000,4400,7.4,0.05,3,0
27000,2925,10.71,0.11,3,0
30000,3000,10.36,0.1,2,0
47052,21250,10.99,0.45,2,1
47928,6000,12.53,0.13,3,0
105000,4800,15.23,0.05,2,0
38400,3600,13.61,0.09,3,0
24432,2000,11.36,0.08,3,0
46800,12725,12.42,0.27,3,0
40000,3000,17.27,0.07,2,1
60000,12000,10.0,0.2,3,0
38000,10000,7.49,0.26,2,0
59600,10000,5.99,0.17,4,0
95000,4000,7.9,0.04,4,0
62000,10000,14.27,0.16,2,0
18996,3200,15.28,0.17,2,1
32450,3250,6.99,0.1,2,0
38000,12000,11.71,0.32,4,1
48000,7500,17.04,0.16,2,0
117014,8400,7.29,0.07,3,0
12000,1000,13.57,0.08,2,1
85000,5000,11.58,0.06,3,0
31200,12000,10.39,0.38,2,1
69000,10000,15.62,0.14,3,1
40000,15000,11.71,0.38,3,1
36000,10000,11.11,0.28,3,0
54000,10000,7.9,0.19,3,0
43000,3000,8.49,0.07,3,0
35000,7000,16.29,0.2,4,0
55000,20000,12.53,0.36,3,1
96000,5000,11.83,0.05,4,0
84191,9000,6.62,0.11,3,0
54586,19000,11.14,0.35,4,1
138000,5000,13.23,0.04,4,1
39000,12000,10.99,0.31,2,1
69000,25000,6.99,0.36,4,0
30000,12000,5.99,0.4,4,1
70000,13750,10.75,0.2,3,0
29570,8000,14.42,0.27,3,1
90000,13000,10.59,0.14,3,0
54996,10000,8.94,0.18,4,0
60000,15000,7.9,0.25,3,0
55000,4000,11.26,0.07,3,0
48756,4800,11.36,0.1,4,0
72000,16000,10.59,0.22,4,0
72444,25000,10.74,0.35,3,0
70000,6000,7.49,0.09,3,0
59000,9000,8.49,0.15,4,0
62467,10625,8.49,0.17,2,0
24000,6000,5.42,0.25,4,0
180000,5000,9.33,0.03,2,0
30000,5000,11.86,0.17,4,0
39000,10000,15.2,0.26,4,1
170000,12000,11.11,0.07,2,0
42000,10000,12.42,0.24,4,0
84996,8000,15.57,0.09,4,0
130000,10000,6.03,0.08,3,0
78000,8100,7.29,0.1,2,0
60000,7000,10.36,0.12,3,0
33000,12500,14.26,0.38,4,0
29000,4000,9.96,0.14,3,1
76597,22000,9.25,0.29,4,0
65000,9000,7.29,0.14,3,0
43000,6000,7.74,0.14,4,0
31200,10000,12.73,0.32,2,1
107000,1000,7.4,0.01,4,0
35000,5700,12.99,0.16,2,0
48000,5000,10.08,0.1,3,0
53000,3000,13.99,0.06,4,0
52000,12000,14.83,0.23,3,0
12000,3250,15.68,0.27,2,1
36000,3250,7.75,0.09,2,0
99000,12000,6.03,0.12,4,0
20000,3500,10.28,0.17,3,0
72000,5000,6.54,0.07,2,0
45630,2500,18.64,0.05,4,1
42000,7000,14.84,0.17,3,0
18456,3500,13.35,0.19,3,1
150000,8200,6.99,0.05,3,0
52000,6000,8.9,0.12,4,0
72000,10000,10.59,0.14,3,0
80004,15000,11.86,0.19,3,0
74800,15000,16.0,0.17,2,1
56000,10000,12.69,0.18,4,1
68000,20000,16.77,0.29,3,0
37008,3600,12.42,0.1,3,0
63400,20000,9.62,0.32,3,0
36000,4000,10.99,0.11,3,1
63000,25000,13.87,0.4,4,0
55152,16000,11.49,0.29,4,0
87500,25000,13.98,0.29,3,0
49000,7000,7.49,0.14,4,1
54100,4500,7.14,0.08,2,0
24000,8500,7.9,0.35,2,1
55000,12000,10.62,0.22,2,0
48000,15000,9.63,0.31,4,1
50000,7000,5.42,0.14,3,0
50000,12800,5.79,0.26,3,0
50000,2000,12.18,0.04,4,0
54000,9975,11.48,0.18,4,1
46776,15000,13.24,0.32,3,0
50000,22000,9.91,0.44,4,0
30000,13000,13.11,0.43,3,1
85000,7000,12.69,0.08,4,0
51480,3000,11.83,0.06,2,0
43200,6000,7.68,0.14,4,0
26976,9000,7.51,0.33,2,1
42000,5000,7.29,0.12,2,0
19200,3000,9.99,0.16,2,1
59000,6000,16.49,0.1,2,1
29000,4000,16.29,0.14,4,1
62000,1600,13.85,0.03,4,0
17688,1700,11.11,0.1,3,0
43200,10000,14.26,0.23,4,0
71004,1800,11.12,0.03,4,0
36500,2500,10.37,0.07,3,0
45432,5000,9.88,0.11,4,0
65000,16500,7.49,0.25,4,0
30000,10625,6.92,0.35,4,1
76000,13500,9.99,0.18,4,0
57600,6500,7.49,0.11,3,0
45000,6575,8.0,0.15,3,0
138000,5000,14.91,0.04,2,1
49000,2500,6.76,0.05,3,0
57500,9100,11.49,0.16,3,0
68000,13000,7.88,0.19,4,0
50004,5000,9.32,0.1,2,0
50000,8000,11.12,0.16,4,0
42000,5000,12.87,0.12,3,0
35000,4000,7.29,0.11,2,0
25000,2050,10.59,0.08,3,0
37000,15000,10.25,0.41,4,1
135000,15000,15.33,0.11,2,0
32500,2500,6.99,0.08,2,0
44000,8475,6.91,0.19,4,0
76344,5000,9.63,0.07,3,0
50361,12000,12.73,0.24,4,0
24091,3500,12.99,0.15,2,0
95000,15000,15.96,0.16,3,0
59400,18500,12.73,0.31,3,0
33000,5500,14.54,0.17,2,1
47000,15000,7.9,0.32,3,1
63000,20000,8.49,0.32,2,0
45000,10000,10.25,0.22,2,0
130000,6000,5.42,0.05,4,0
140000,18000,7.9,0.13,4,0
95004,5000,9.63,0.05,4,0
75000,10000,11.26,0.13,4,0
51000,5000,12.42,0.1,2,1
35000,1800,7.14,0.05,3,0
34404,7500,15.05,0.22,2,1
104000,15000,9.63,0.14,4,0
25000,5000,6.03,0.2,3,0
42000,5000,11.91,0.12,2,0
60000,10000,7.14,0.17,2,0
32000,3200,10.2,0.1,4,0
91000,8000,6.92,0.09,4,0
90000,6000,7.14,0.07,3,0
58896,9500,6.76,0.16,4,0
105000,12800,11.83,0.12,3,0
80000,3000,8.0,0.04,3,0
31224,6400,9.32,0.2,4,0
46000,4000,10.37,0.09,2,0
90000,15000,15.31,0.17,4,0
39996,10000,10.99,0.25,4,0
40000,3000,10.25,0.07,3,0
44000,15000,14.59,0.34,3,1
61500,10000,14.22,0.16,2,0
35000,2500,8.9,0.07,2,0
90000,10000,5.42,0.11,4,0
87000,15000,10.62,0.17,4,0
15996,4000,13.35,0.25,2,1
48000,5000,6.99,0.1,2,0
36000,5300,7.49,0.15,3,0
57000,9500,6.17,0.17,3,0
54996,23600,11.89,0.43,4,1
21000,4000,13.43,0.19,4,0
75000,20000,8.88,0.27,2,0
40000,7000,11.34,0.17,2,0
29856,10300,8.94,0.34,2,1
85392,9600,7.29,0.11,3,0
37000,7200,13.61,0.19,2,0
29120,5000,10.99,0.17,4,0
32000,6000,12.92,0.19,2,1
91000,15000,7.88,0.16,3,0
95400,5000,12.68,0.05,2,0
28692,3000,10.75,0.1,2,0
90000,7750,7.51,0.09,3,0
69000,8650,11.49,0.13,4,0
70200,18000,16.45,0.26,3,0
92341,12000,7.51,0.13,4,0
60000,5000,6.91,0.08,3,0
62400,4000,8.9,0.06,4,0
40000,10500,11.36,0.26,2,0
37680,2000,14.96,0.05,2,1
35000,12000,10.91,0.34,3,1
78000,17000,10.99,0.22,2,0
47211,10000,11.83,0.21,3,0
57744,2500,10.37,0.04,4,0
69000,4800,10.75,0.07,2,0
95000,20000,14.96,0.21,4,0
91000,15000,7.88,0.16,2,0
30000,1500,13.92,0.05,3,0
97000,6400,15.96,0.07,3,0
68000,16000,7.9,0.24,3,0
70000,25000,11.86,0.36,2,1
45000,4750,6.39,0.11,4,0
42000,5750,13.57,0.14,2,0
75000,15000,9.99,0.2,2,0
51492,13800,10.38,0.27,4,0
70000,8950,11.89,0.13,2,0
49200,5600,7.49,0.11,3,0
78000,7750,7.51,0.1,4,0
84000,23000,11.99,0.27,2,0
75531,15000,16.49,0.2,2,0
30000,5200,17.19,0.17,2,1
100000,15000,13.85,0.15,3,0
80000,3000,5.99,0.04,3,0
24000,5550,12.53,0.23,4,0
79000,8000,11.49,0.1,4,0
87000,20000,13.85,0.23,4,0
39600,6000,7.88,0.15,2,0
53004,21000,10.65,0.4,3,0
64000,1000,10.75,0.02,2,0
27252,5800,13.06,0.21,3,0
51500,20000,12.21,0.39,4,1
59000,5000,6.03,0.08,3,1
22680,7000,10.62,0.31,2,1
94000,9600,12.99,0.1,2,0
48996,5000,9.88,0.1,2,1
100000,14000,6.17,0.14,4,0
31680,15000,12.61,0.47,2,1
65000,4800,9.99,0.07,4,0
78000,4600,7.66,0.06,3,0
60000,10000,11.26,0.17,3,0
21600,2000,11.71,0.09,4,1
87996,8000,6.91,0.09,3,0
58000,3500,8.59,0.06,3,0
117000,6000,7.51,0.05,3,0
46932,7000,5.79,0.15,3,0
52692,3500,12.23,0.07,4,0
40000,4000,12.69,0.1,4,0
51000,15000,11.12,0.29,2,0
125000,6500,14.61,0.05,3,0
76250,10000,10.71,0.13,3,0
127992,26000,13.99,0.2,2,0
39996,5000,14.11,0.13,2,1
51000,6000,5.42,0.12,2,0
40000,5925,11.11,0.15,3,0
65000,5000,7.51,0.08,2,0
40800,2000,6.62,0.05,2,0
40000,10000,7.14,0.25,3,0
59004,20000,14.84,0.34,4,1
72000,6000,7.49,0.08,2,0
45000,4000,12.21,0.09,2,0
166000,23450,11.36,0.14,2,0
80000,12000,7.88,0.15,3,0
55000,1275,6.91,0.02,4,0
33000,1000,7.29,0.03,4,0
41000,7000,5.79,0.17,2,0
85000,6000,9.88,0.07,2,0
60000,8000,10.25,0.13,3,0
24960,2500,7.51,0.1,4,0
57550,3500,5.42,0.06,4,0
60500,7000,12.84,0.12,3,0
62000,2000,13.49,0.03,3,0
72000,16000,13.06,0.22,4,0
42000,14750,12.99,0.35,3,0
100000,10000,10.65,0.1,2,0
75000,19600,12.42,0.26,4,0
36000,13750,13.22,0.38,3,1
36000,5300,15.28,0.15,3,0
80000,12000,7.49,0.15,3,0
50000,6400,8.32,0.13,4,0
30000,5000,12.69,0.17,2,1
16080,3000,16.29,0.19,2,1
47496,3500,12.69,0.07,2,0
80400,7000,10.65,0.09,2,0
100000,12000,13.57,0.12,2,0
18000,1500,12.87,0.08,4,0
32640,4800,11.99,0.15,3,0
64000,7500,9.83,0.12,4,0
33600,4450,11.49,0.13,4,0
110000,12000,8.94,0.11,2,0
92000,6500,8.0,0.07,3,0
77000,12400,7.51,0.16,2,0
36000,5000,14.61,0.14,4,0
75000,20000,10.38,0.27,2,0
96000,6000,13.92,0.06,3,0
50000,11000,16.89,0.22,2,0
105999,8550,9.88,0.08,2,0
44000,3600,13.43,0.08,3,1
96050,24000,15.28,0.21,2,1
33996,10800,11.12,0.32,3,1
42000,3000,6.03,0.07,3,0
136000,8000,8.32,0.06,2,0
30000,13250,10.99,0.44,4,0
35400,9600,11.89,0.27,2,0
125000,7500,8.0,0.06,2,0
53352,17500,6.54,0.33,4,1
14400,4000,10.74,0.28,3,1
80000,15000,12.61,0.19,2,0
80000,7000,13.22,0.09,2,0
25000,1800,8.49,0.07,2,0
75885,3000,11.03,0.04,4,0
65000,4000,5.42,0.06,2,0
21600,7125,6.99,0.33,3,0
44000,3200,7.51,0.07,2,0
48000,2000,10.74,0.04,3,0
65000,8000,7.14,0.12,4,0
48000,10000,13.49,0.21,2,0
60000,15000,11.71,0.25,3,0
115600,9925,7.29,0.09,4,0
12000,3000,8.9,0.25,3,1
38004,5000,6.91,0.13,4,0
130992,6000,7.51,0.05,4,0
60000,5200,5.99,0.09,4,0
85000,5000,14.35,0.06,3,0
20000,4000,5.79,0.2,4,0
45000,2000,11.49,0.04,3,0
52000,10000,11.71,0.19,2,0
51600,3000,10.65,0.06,3,0
60000,17500,7.88,0.29,2,0
56700,12000,5.42,0.21,2,0
48000,4400,5.99,0.09,4,0
34000,3800,18.25,0.11,3,1
37344,3200,12.68,0.09,4,0
62000,7500,13.87,0.12,3,0
103000,21000,13.49,0.2,3,0
45000,6000,7.51,0.13,3,0
120000,10000,13.61,0.08,2,0
40000,6000,7.88,0.15,2,0
113000,12000,7.66,0.11,3,0
38400,4200,6.76,0.11,4,0
20000,3000,8.94,0.15,3,0
60000,7000,6.91,0.12,4,0
48000,6000,12.87,0.13,3,0
61000,2500,7.49,0.04,3,0
56000,15000,16.0,0.27,4,1
46809,5000,12.18,0.11,2,0
39456,14000,7.29,0.35,3,0
115275,7500,11.28,0.07,4,0
48000,10000,5.79,0.21,4,0
59000,20000,12.29,0.34,2,1
50000,18000,7.88,0.36,4,0
72000,8000,12.21,0.11,3,0
48000,9000,8.94,0.19,3,0
52500,8000,15.23,0.15,4,0
76000,20000,6.54,0.26,2,0
39996,12000,9.63,0.3,3,0
68000,1000,8.0,0.01,4,0
82560,4500,7.42,0.05,4,0
74000,10000,6.62,0.14,2,0
38000,4800,11.71,0.13,3,0
31500,14850,8.9,0.47,3,1
88000,11000,11.14,0.13,2,0
42000,8000,6.62,0.19,2,0
60000,3000,5.99,0.05,4,0
157500,10000,12.69,0.06,2,0
37200,7000,7.9,0.19,2,1
75000,15000,11.71,0.2,4,0
68500,4200,11.66,0.06,3,0
29000,1000,11.99,0.03,2,1
35000,12000,6.54,0.34,2,1
16000,2275,13.06,0.14,3,0
65000,12000,8.9,0.18,3,0
70553,10000,15.28,0.12,3,1
34000,5500,16.89,0.16,3,0
25000,3600,9.91,0.14,4,0
49278,11000,13.22,0.22,2,0
52000,3500,6.76,0.07,3,0
27600,1000,15.27,0.04,3,0
59500,12000,6.62,0.2,4,0
33000,1400,14.27,0.04,3,0
106000,13000,12.69,0.12,4,1
28000,6900,9.99,0.25,3,0
60000,10000,12.18,0.17,4,0
38000,1950,7.37,0.05,4,0
37423,2800,7.88,0.07,4,0
74476,5000,8.49,0.07,2,1
45000,10000,12.98,0.22,3,0
24000,1375,11.11,0.06,3,1
100000,20000,13.06,0.2,3,0
48000,5500,11.36,0.11,3,0
61200,16000,16.45,0.22,4,1
43995,7400,13.99,0.17,3,1
95000,10000,15.23,0.11,4,0
38000,7500,7.88,0.2,3,0
103000,15000,15.99,0.15,3,0
85000,12000,13.16,0.14,2,0
75000,13200,6.17,0.18,3,0
28500,8500,7.68,0.3,3,0
74800,8400,14.65,0.1,4,1
57000,20000,19.13,0.35,3,1
15600,4500,5.99,0.29,3,1
50000,10000,8.94,0.2,2,0
78000,8000,16.0,0.1,4,1
75996,10000,11.99,0.13,3,0
60000,8000,12.53,0.13,3,0
38000,15000,15.33,0.39,3,0
48000,4800,7.9,0.1,2,0
42000,11000,5.42,0.26,4,0
95950,17500,11.71,0.18,3,0
84000,5000,10.99,0.06,2,0
37500,8000,14.26,0.21,4,0
49000,10000,6.62,0.2,2,1
52800,14000,14.27,0.27,4,0
33500,2500,15.68,0.07,4,1
60000,5000,6.54,0.08,3,0
70000,13000,5.42,0.19,3,0
38000,10000,13.49,0.26,2,0
28800,5000,8.9,0.17,4,0
114600,10000,13.06,0.09,4,0
63000,3000,13.47,0.05,2,0
65000,7000,7.9,0.11,4,0
57175,16000,17.15,0.28,2,1
24000,2500,10.59,0.1,2,0
67000,20000,13.48,0.3,3,0
36000,4500,17.27,0.13,4,1
67150,10000,16.32,0.13,2,1
31200,3200,13.49,0.1,2,0
45000,10625,14.27,0.24,4,1
67000,3250,6.76,0.05,4,0
29000,6000,15.27,0.21,2,0
22000,3000,16.0,0.14,2,0
29004,2000,13.16,0.07,3,0
35000,6600,8.59,0.19,3,0
52000,5000,15.65,0.1,4,0
70399,1000,8.59,0.01,3,0
18000,1500,12.18,0.08,3,1
85000,10000,6.17,0.12,3,0
66000,10000,11.49,0.15,4,0
49000,8500,12.53,0.17,3,0
47580,14000,6.03,0.29,2,0
30000,8400,14.65,0.28,3,0
24996,5000,16.45,0.2,4,1
44004,9000,14.11,0.2,4,1
32000,1200,7.68,0.04,2,0
45600,7200,6.91,0.16,2,0
95000,10000,10.99,0.11,4,0
69846,22500,18.99,0.32,4,1
75000,12500,15.33,0.17,3,0
55000,15000,14.61,0.27,4,0
122000,15000,11.58,0.12,2,0
62500,6500,13.22,0.1,3,0
93492,20000,9.45,0.21,2,0
37000,14000,9.88,0.38,2,1
61615,13000,10.62,0.21,3,0
50000,7800,6.62,0.16,2,0
75000,5000,11.49,0.07,4,0
45000,5000,6.99,0.11,2,0
33500,10000,10.25,0.3,3,0
75000,12000,10.38,0.16,3,0
45000,6000,17.19,0.13,3,1
61000,7500,10.39,0.12,4,0
28800,10000,16.49,0.35,2,0
56204,12000,14.11,0.21,2,1
57300,10400,11.66,0.18,4,0
66000,9200,11.86,0.14,2,0
8400,1500,13.99,0.18,4,1
83600,15000,8.49,0.18,3,1
45996,2000,12.98,0.04,4,0
24000,1300,5.42,0.05,3,0
50000,13000,12.23,0.26,3,0
70000,14400,11.71,0.21,4,0
47233,5000,11.36,0.11,4,0
51600,15000,9.88,0.29,4,0
72000,12000,5.42,0.17,4,0
44004,7000,11.46,0.16,2,1
60000,7000,5.79,0.12,4,0
63000,16000,14.42,0.25,2,1
42000,6500,10.37,0.15,3,0
65000,3600,10.59,0.06,3,0
48500,19500,15.57,0.4,3,1
42000,1000,15.58,0.02,4,1
45000,7750,12.53,0.17,4,0
120000,4800,14.22,0.04,4,0
49000,9600,7.51,0.2,4,1
22800,5000,13.57,0.22,2,0
55000,10000,5.79,0.18,2,0
36000,14000,12.99,0.39,3,0
70000,10000,7.29,0.14,3,0
27000,6000,11.66,0.22,3,0
58608,10000,7.51,0.17,2,0
185000,25000,11.36,0.14,4,0
80400,9000,7.51,0.11,4,0
41000,7000,12.53,0.17,2,0
57000,9500,12.53,0.17,2,0
51600,5000,8.94,0.1,2,1
20000,5000,11.86,0.25,2,0
60000,6900,9.99,0.12,2,0
38000,16000,10.99,0.42,2,0
104740,19200,11.99,0.18,2,0
76800,12800,6.92,0.17,3,0
92004,24250,11.12,0.26,2,0
44004,17000,6.62,0.39,2,0
36100,5000,7.49,0.14,2,0
31000,5550,11.36,0.18,3,1
49000,2700,6.92,0.06,3,0
63410,20000,17.51,0.27,4,1
70000,14000,5.42,0.2,2,0
103000,5000,14.96,0.05,4,0
21000,8000,16.77,0.38,4,1
54000,15550,11.71,0.29,4,0
53000,10000,14.91,0.19,2,0
86400,12200,7.29,0.14,2,0
90000,5000,11.34,0.06,3,0
33000,8000,6.62,0.24,3,0
70000,17000,7.51,0.24,4,0
12000,2500,12.69,0.21,4,1
72000,16000,12.42,0.22,2,0
28590,8000,15.65,0.28,2,1
70550,9000,15.05,0.11,2,1
51000,13000,15.33,0.25,2,1
33800,13000,13.57,0.38,2,1
74000,5050,5.42,0.07,4,0
91000,1000,7.68,0.01,4,0
65004,5000,9.99,0.08,4,0
83100,5000,16.35,0.06,3,0
54000,8500,5.42,0.16,3,1
60000,7000,12.99,0.12,2,0
44004,5000,8.9,0.11,3,0
84000,15000,16.0,0.18,2,1
64000,6600,8.9,0.1,4,0
40000,10000,10.36,0.25,3,0
63128,1500,7.49,0.02,2,0
48000,15000,18.64,0.31,3,1
56000,5000,5.42,0.09,4,0
100000,17600,10.59,0.18,3,0
80000,6300,5.79,0.08,4,0
55680,7875,10.65,0.14,3,0
140300,6000,11.14,0.04,3,0
79404,20000,15.05,0.25,3,0
69000,10000,14.09,0.14,2,1
30000,5000,14.96,0.17,4,1
29232,11000,11.71,0.38,2,0
37500,1800,8.94,0.05,2,0
59000,11000,10.74,0.19,3,0
32388,6000,10.71,0.19,4,0
48000,10000,12.84,0.21,3,0
36600,9950,7.29,0.27,3,0
45000,3800,10.65,0.08,3,0
100000,7000,8.59,0.07,4,0
29000,2500,12.84,0.09,4,1
70000,10000,9.45,0.14,3,0
70800,10000,12.61,0.14,2,0
30000,3000,6.03,0.1,4,0
24500,8875,10.0,0.36,3,1
40000,2000,11.71,0.05,4,0
174000,8800,14.27,0.05,4,0
72600,4500,7.74,0.06,3,0
75000,20000,6.91,0.27,2,0
42000,2000,9.25,0.05,3,0
89250,7500,13.24,0.07,2,1
50000,17000,12.42,0.34,4,0
70000,12000,10.37,0.17,4,0
30000,6000,13.16,0.2,4,1
100000,12000,11.11,0.12,4,0
19200,6000,6.54,0.31,4,1
41000,8000,10.99,0.2,2,0
55000,10000,5.79,0.18,2,0
35000,8575,10.65,0.24,3,0
62000,6000,7.51,0.1,4,0
54000,5000,9.99,0.09,2,0
10800,3600,12.23,0.33,3,1
70000,3600,10.59,0.05,4,0
100000,25000,11.71,0.25,4,0
13806,4750,12.73,0.34,2,1
69743,1000,14.11,0.01,2,0
41000,4700,7.9,0.11,4,0
55000,8000,13.85,0.15,2,0
43000,9000,9.63,0.21,2,0
31200,3200,11.99,0.1,4,0
46852,6800,10.65,0.15,4,1
72000,9000,6.76,0.13,2,0
39900,6000,11.49,0.15,2,0
67500,7500,9.76,0.11,3,0
23000,7000,8.9,0.3,4,0
30000,6000,7.51,0.2,3,0
50000,10000,9.88,0.2,4,0
18000,3000,7.9,0.17,2,1
34900,5000,11.49,0.14,3,0
18000,3200,8.49,0.18,2,1
98000,2000,7.37,0.02,3,0
51996,4000,13.98,0.08,2,0
100000,7500,8.32,0.07,3,0
33000,4800,14.54,0.15,4,0
112000,3500,5.42,0.03,4,0
32000,4000,7.68,0.13,3,0
67983,15000,16.49,0.19,3,1
20400,1200,7.9,0.06,2,0
45792,17000,10.38,0.37,3,1
56004,7000,14.22,0.12,4,0
35000,4000,13.11,0.11,4,0
30000,4000,9.76,0.13,3,0
92000,18000,12.68,0.2,2,0
56100,20000,14.74,0.3,4,1
85000,25000,10.62,0.29,4,0
69996,5600,13.11,0.08,4,0
37000,3600,15.62,0.1,4,1
43000,10000,7.88,0.23,3,0
60000,9000,6.17,0.15,2,0
32000,8500,13.16,0.27,4,0
42000,12000,7.66,0.29,2,0
43200,13800,11.48,0.32,2,0
80000,5000,15.62,0.06,2,0
77000,7200,18.53,0.09,2,1
62500,6000,5.79,0.1,3,0
63600,7000,11.49,0.11,4,1
19200,5000,15.33,0.26,2,1
89000,16000,13.22,0.18,2,0
80000,16000,7.88,0.2,3,0
59000,6800,12.53,0.12,2,1
34000,10000,13.79,0.29,2,1
50000,6000,8.94,0.12,4,0
30000,10000,19.29,0.33,3,1
46000,5975,14.46,0.13,4,1
80000,16000,9.88,0.2,2,0
89772,6000,13.92,0.07,3,0
33000,3000,11.99,0.09,3,0
54000,1500,9.62,0.03,4,0
30000,6500,13.85,0.22,3,0
70000,14400,12.68,0.21,4,0
96000,10000,10.65,0.1,3,0
39000,7000,8.94,0.18,3,1
105000,5000,8.49,0.05,4,0
56000,18250,16.7,0.33,3,1
100000,4150,10.65,0.04,4,0
48000,1000,7.29,0.02,4,0
35000,10000,7.66,0.29,3,0
39900,12000,7.9,0.3,4,0
30000,2000,10.38,0.07,3,0
96000,12000,11.99,0.13,3,0
101424,2000,7.29,0.02,3,0
26400,8500,13.23,0.32,4,0
29200,2500,6.76,0.09,2,0
44000,10000,15.65,0.23,2,1
45000,11250,9.38,0.25,4,0
56000,20000,16.7,0.36,4,1
33000,5000,10.25,0.15,2,0
70000,25000,9.62,0.36,4,0
68000,11500,9.99,0.17,2,0
37200,10000,6.92,0.27,2,0
25200,7500,14.96,0.3,3,1
62400,15000,9.45,0.24,2,0
40000,5000,9.91,0.13,3,0
80004,20000,14.26,0.25,2,0
55000,4200,9.91,0.08,4,0
100000,21000,16.49,0.21,3,1
50004,4000,6.92,0.08,4,0
38400,5000,10.59,0.13,3,0
61400,12250,12.23,0.2,2,0
53664,15000,10.75,0.28,2,0
62000,8400,13.47,0.14,3,0
35325,6500,15.95,0.18,3,1
50000,10000,9.63,0.2,3,0
45600,13000,12.99,0.29,2,0
47500,7500,10.99,0.16,3,0
58000,8000,10.37,0.14,2,0
60000,7000,7.14,0.12,3,0
75000,10000,11.49,0.13,4,0
62500,12000,12.23,0.19,4,0
33685,5000,13.85,0.15,3,0
98000,6000,10.59,0.06,4,0
85596,6000,10.0,0.07,2,0
45000,12000,10.99,0.27,3,0
55000,3200,8.49,0.06,2,0
27996,5500,12.53,0.2,2,0
18000,4000,10.99,0.22,3,1
61000,5000,9.99,0.08,2,0
95000,7200,12.23,0.08,4,0
69996,25000,15.21,0.36,4,1
27983,6000,7.88,0.21,3,0
85500,17000,13.11,0.2,3,0
44400,6500,14.35,0.15,3,0
58000,15000,13.79,0.26,2,0
45000,5400,7.29,0.12,2,0
43500,10450,13.57,0.24,3,0
102000,20000,11.36,0.2,4,0
74000,2500,6.62,0.03,3,0
23000,5500,6.54,0.24,3,0
49000,4000,13.99,0.08,3,0
50000,10000,10.99,0.2,3,0
85000,15000,12.73,0.18,3,0
48000,7200,9.62,0.15,3,0
57355,25000,13.49,0.37,3,1
30996,7000,16.63,0.23,2,0
22200,2500,16.29,0.11,2,1
25000,4400,6.76,0.18,2,0
22596,7500,9.76,0.33,3,1
33300,5325,14.59,0.16,4,1
35000,4000,7.51,0.11,4,0
127500,15000,7.49,0.12,4,0
18000,3000,15.27,0.17,2,1
45000,6000,11.49,0.13,3,0
65000,9600,11.99,0.15,3,0
69000,6200,15.99,0.09,3,1
46000,9000,7.14,0.2,3,0
48000,5000,5.99,0.1,4,0
13200,2500,9.91,0.19,3,1
49000,7000,6.99,0.14,3,0
60000,5500,7.88,0.09,3,0
26400,3500,15.27,0.13,3,0
42000,7000,8.59,0.17,3,0
50000,10000,9.32,0.2,3,0
34000,15450,11.22,0.45,4,1
80000,6000,8.59,0.07,2,0
55782,17000,7.51,0.3,2,0
65935,24250,14.96,0.37,4,1
82000,20900,12.69,0.25,2,0
46800,12000,13.11,0.26,4,1
78000,9000,11.78,0.12,3,1
67000,12150,10.37,0.18,3,0
19680,7750,14.83,0.39,4,1
43200,9100,13.24,0.21,3,1
80000,5550,8.49,0.07,3,0
50663,7500,13.22,0.15,2,0
122500,10000,10.65,0.08,2,0
33600,5000,18.25,0.15,2,0
88512,3000,5.79,0.03,2,0
28800,2800,10.38,0.1,2,0
48000,9925,9.63,0.21,3,0
75000,6000,11.48,0.08,2,0
110000,12000,7.9,0.11,3,0
46000,7000,9.99,0.15,4,1
85000,16000,6.91,0.19,3,0
45000,1700,14.72,0.04,2,0
72000,10800,7.88,0.15,2,0
15600,2800,7.4,0.18,4,1
40944,8200,11.36,0.2,4,0
105000,12000,12.84,0.11,3,0
26000,7750,16.7,0.3,3,1
31000,13500,13.43,0.44,4,1
60000,10000,8.9,0.17,3,0
28000,6400,14.75,0.23,4,0
99996,4800,11.49,0.05,4,0
33204,2000,14.72,0.06,2,0
29004,11000,14.22,0.38,4,1
45000,8000,16.49,0.18,4,0
25000,11100,9.63,0.44,3,0
26400,8875,6.62,0.34,3,1
67000,16000,12.69,0.24,2,0
62500,12000,16.77,0.19,4,1
78000,7200,6.62,0.09,4,0
68000,14400,17.99,0.21,2,1
35000,1850,7.12,0.05,3,0
45000,10000,11.89,0.22,3,0
69000,15000,14.96,0.22,4,1
80000,1500,10.37,0.02,4,0
56000,8150,12.87,0.15,2,0
40308,5000,7.68,0.12,3,0
49200,4000,13.06,0.08,3,0
54000,4000,9.99,0.07,2,0
50400,2500,10.99,0.05,2,0
70000,16000,12.18,0.23,4,0
87000,7500,11.28,0.09,4,0
72500,14000,13.49,0.19,3,0
42000,2500,15.28,0.06,2,0
60996,12000,12.21,0.2,4,0
200000,6000,11.86,0.03,3,0
57000,15000,13.85,0.26,2,0
21000,8000,13.79,0.38,2,0
55000,24200,8.49,0.44,2,0
45996,10800,13.16,0.23,4,0
20400,4500,10.99,0.22,3,0
34800,6600,7.49,0.19,2,0
77078,3425,12.18,0.04,4,0
100000,24000,10.99,0.24,4,0
34000,12000,6.03,0.35,2,0
93000,12000,16.29,0.13,3,1
29000,3000,6.62,0.1,4,1
20004,2500,9.63,0.12,3,0
120000,5275,5.42,0.04,4,0
36000,10000,9.99,0.28,2,0
66000,5000,10.39,0.08,4,0
193000,10000,13.06,0.05,4,0
92500,12000,11.71,0.13,4,0
105000,13800,7.66,0.13,3,0
45000,8000,10.38,0.18,2,0
43680,10800,5.42,0.25,4,0
30000,7000,13.98,0.23,2,0
34000,7500,7.9,0.22,4,0
32500,12000,11.49,0.37,3,1
31200,5000,8.63,0.16,2,0
77000,3000,7.49,0.04,4,0
40000,4500,11.71,0.11,3,0
44000,7500,10.08,0.17,4,1
66000,25000,15.33,0.38,2,1
25716,9250,6.54,0.36,2,1
40000,5000,12.61,0.13,4,0
45000,1500,10.25,0.03,4,0
48200,5000,10.38,0.1,3,0
117696,15000,6.03,0.13,4,0
54000,13200,14.91,0.24,2,1
38000,12000,11.89,0.32,3,1
52000,9750,13.06,0.19,2,0
10000,3250,11.12,0.33,9,1
10800,2400,9.99,0.22,7,1
11029,2150,10.78,0.19,7,1
11340,2325,6.39,0.21,7,1
11440,1750,12.73,0.15,5,0
244800,8000,14.09,0.03,5,1
12000,3000,9.62,0.25,5,1
73000,29700,11.11,0.41,7,1
81300,29000,12.69,0.36,6,1
12000,2000,10.75,0.17,6,1
12000,3250,10.99,0.27,5,1
250000,15000,9.88,0.06,5,0
12000,4500,11.14,0.38,6,1
240000,8400,7.51,0.04,5,0
240000,10000,8.49,0.04,8,0
240000,18000,7.88,0.07,10,0
193800,20000,11.83,0.09,6,1
122000,25600,15.96,0.21,7,0
57000,25475,15.99,0.45,7,1
230000,8500,7.49,0.04,10,0
225000,8000,9.99,0.04,10,0
225000,16800,13.92,0.07,5,0
225000,20000,13.92,0.09,10,0
225000,5000,7.75,0.02,5,0
49861,25000,13.11,0.5,7,1
218000,14400,8.9,0.07,7,0
216000,15000,16.02,0.07,8,0
215662,21000,11.99,0.1,7,0
53196,25000,11.86,0.47,9,1
54000,25000,10.74,0.46,6,1
210000,24000,11.49,0.11,6,0
210000,24250,12.87,0.12,6,0
209000,15000,14.84,0.07,7,0
207182,22000,10.62,0.11,5,0
54383,25000,15.65,0.46,7,1
49000,25000,11.36,0.51,5,1
204000,16000,11.83,0.08,5,0
204000,12000,9.63,0.06,9,0
202040,12000,14.46,0.06,8,0
56952,25000,11.36,0.44,9,1
60000,25000,8.9,0.42,10,1
60000,25000,13.49,0.42,10,1
200004,19000,11.83,0.09,7,0
200004,6000,7.68,0.03,8,0
200000,10000,12.69,0.05,9,0
200000,15000,6.03,0.07,6,0
200000,15000,8.9,0.07,10,0
61000,25000,9.91,0.41,7,1
200000,10000,6.99,0.05,7,0
200000,18000,10.99,0.09,10,0
188000,5000,16.49,0.03,9,1
63000,25000,11.36,0.4,8,1
63235,25000,10.25,0.4,8,1
65000,25000,10.38,0.38,8,1
65800,25000,7.51,0.38,9,1
200000,15000,9.88,0.07,9,0
200000,10000,11.36,0.05,9,0
200000,10000,7.51,0.05,10,0
66000,25000,11.48,0.38,10,1
200000,14400,11.14,0.07,7,0
200000,24250,11.48,0.12,8,0
200000,6000,11.83,0.03,5,0
188000,25000,12.18,0.13,5,1
200000,5000,7.74,0.03,7,0
200000,10000,8.59,0.05,7,0
200000,24250,12.53,0.12,5,0
200000,20000,11.48,0.1,7,0
69000,25000,14.09,0.36,5,1
69996,25000,15.95,0.36,10,1
70000,25000,11.71,0.36,7,1
14400,2000,14.79,0.14,8,0
64000,25000,15.2,0.39,5,1
70000,25000,14.83,0.36,6,1
72000,25000,16.32,0.35,5,1
72000,25000,10.75,0.35,8,1
57800,25000,17.19,0.37,8,1
74400,25000,10.38,0.34,8,1
68872,25000,15.95,0.36,10,1
75000,25000,15.2,0.33,5,1
75000,25000,10.38,0.33,8,1
192000,15000,14.27,0.08,6,0
192000,10000,11.99,0.05,9,0
190000,4000,6.62,0.02,5,0
190000,15000,6.03,0.08,8,0
190000,9000,6.03,0.05,7,0
14400,5550,10.37,0.39,8,1
69000,25000,13.75,0.36,6,1
75600,25000,9.99,0.33,8,1
77000,25000,10.75,0.32,8,1
190000,7000,9.88,0.04,9,0
190000,23000,11.83,0.12,8,0
178000,12000,15.65,0.07,5,1
190000,15000,11.48,0.08,8,0
190000,20000,14.11,0.11,10,0
190000,15000,9.63,0.08,7,0
189996,8400,9.32,0.04,8,0
189000,20000,6.17,0.11,7,0
78000,25000,10.75,0.32,8,1
72000,25000,15.95,0.35,6,1
148410,11200,16.89,0.06,9,1
186480,10000,14.22,0.05,9,0
186063,25000,10.46,0.13,6,0
186000,3700,10.99,0.02,5,0
186000,2500,7.4,0.01,9,0
185000,15000,10.99,0.08,7,0
80000,25000,14.09,0.31,10,1
80000,25000,11.86,0.31,8,1
183000,15000,19.03,0.08,6,0
80000,25000,12.87,0.31,9,1
14400,1000,10.62,0.07,10,0
180396,18000,12.69,0.1,9,0
180000,12500,6.03,0.07,6,0
180000,15000,12.42,0.08,10,0
180000,9000,14.27,0.05,6,0
180000,10000,7.9,0.06,10,0
180000,10000,11.71,0.06,7,0
14400,5000,14.96,0.35,9,1
84000,25000,15.95,0.3,7,0
85000,25000,10.75,0.29,7,0
180000,12900,12.99,0.07,7,0
180000,13000,7.29,0.07,7,0
180000,15000,5.79,0.08,6,0
180000,8000,10.37,0.04,5,0
180000,8500,6.92,0.05,8,0
180000,9000,13.8,0.05,10,0
85000,25000,11.89,0.29,6,0
85000,25000,12.21,0.29,6,0
15000,4375,12.42,0.29,9,1
180000,20000,11.48,0.11,8,0
180000,7000,7.74,0.04,6,0
168000,10000,8.94,0.06,5,1
168000,15000,17.26,0.09,9,1
90000,25000,9.99,0.28,7,0
90000,25000,15.58,0.28,7,0
15000,5000,7.51,0.33,7,1
91000,25000,11.36,0.27,5,0
15000,2000,16.89,0.13,8,1
92200,25000,14.96,0.27,5,0
175000,6000,7.9,0.03,10,0
163000,4000,16.29,0.02,6,1
175000,16000,11.49,0.09,10,0
175000,15000,8.49,0.09,8,0
175000,2200,8.49,0.01,7,0
97000,25000,10.37,0.26,10,0
86000,25000,16.0,0.29,5,1
88000,25000,14.46,0.28,10,1
100000,25000,11.66,0.25,9,0
15000,4000,15.37,0.27,10,1
15000,3700,9.32,0.25,6,1
75480,25000,15.27,0.28,9,1
102000,25000,9.62,0.25,8,0
15000,1925,12.84,0.13,6,0
103250,25000,12.73,0.24,10,0
105996,25000,14.83,0.24,9,0
175000,6000,7.68,0.03,7,0
96000,25000,16.89,0.26,10,1
110000,25000,13.49,0.23,8,0
171996,15000,14.96,0.09,5,0
159200,16000,15.65,0.1,6,1
159000,6000,15.95,0.04,10,1
170004,12000,7.51,0.07,9,0
15456,4000,8.9,0.26,5,1
158000,10200,15.99,0.06,7,1
170000,6500,7.49,0.04,10,0
170000,7500,15.99,0.04,10,0
170000,10000,13.49,0.06,8,0
15523,3800,7.49,0.24,9,1
106000,25000,16.63,0.24,7,1
120000,25000,11.36,0.21,8,0
108000,25000,14.61,0.23,6,1
125000,25000,11.36,0.2,5,0
113000,25000,15.31,0.22,6,1
170000,10000,11.14,0.06,5,0
168000,25000,15.27,0.15,6,0
102213,25000,15.7,0.21,7,1
135000,25000,15.21,0.19,6,0
123000,25000,17.19,0.2,8,1
140000,25000,13.11,0.18,7,0
140004,25000,15.58,0.18,10,0
143000,25000,16.07,0.17,7,0
150000,25000,8.49,0.17,7,0
150000,25000,11.36,0.17,6,0
16000,3000,7.9,0.19,8,1
165000,5000,15.62,0.03,10,0
165000,15000,12.61,0.09,7,0
150000,25000,12.53,0.17,6,0
138000,25000,13.24,0.18,7,1
16000,6000,7.14,0.38,5,1
139016,25000,15.37,0.18,8,1
156000,25000,9.88,0.16,7,0
148000,25000,15.95,0.17,8,1
163000,25000,9.91,0.15,5,0
170000,25000,15.2,0.15,8,0
170000,25000,15.21,0.15,5,0
175000,25000,10.74,0.14,5,0
162000,20000,6.99,0.12,9,0
127500,20000,17.04,0.13,8,1
160800,4800,10.99,0.03,5,0
160669,8000,11.36,0.05,9,0
125800,9000,16.77,0.06,8,1
178000,25000,14.46,0.14,7,1
16620,3000,5.99,0.18,6,1
16656,2400,14.72,0.14,7,1
78000,24625,18.36,0.32,5,1
160000,16000,8.49,0.1,5,0
160000,14700,13.43,0.09,5,0
160000,7000,12.23,0.04,6,0
16800,1600,13.72,0.1,5,0
74000,24250,15.31,0.33,8,1
16800,5000,13.98,0.3,8,1
16800,5000,9.88,0.3,7,1
148000,15000,15.65,0.1,5,1
160000,8400,11.89,0.05,6,0
160000,1500,11.78,0.01,6,0
160000,15000,13.04,0.09,5,0
105000,24250,15.65,0.23,10,0
118320,24250,12.53,0.2,5,0
108000,24250,16.0,0.22,9,1
126000,24250,16.7,0.19,7,0
17000,3200,14.84,0.19,7,1
105400,24250,15.31,0.2,5,1
128000,24250,14.59,0.19,10,1
148716,24250,13.23,0.16,9,0
168000,24250,11.83,0.14,10,0
58000,24000,10.75,0.41,10,1
17544,1500,8.63,0.09,10,0
54000,24000,16.45,0.44,8,1
17640,4000,16.29,0.23,7,1
17676,2500,14.74,0.14,10,0
65000,24000,7.9,0.37,5,1
59712,24000,17.43,0.4,9,1
67000,24000,7.49,0.36,10,1
18000,5000,7.9,0.28,9,1
72000,24000,7.66,0.33,6,1
72000,24000,14.96,0.33,10,1
72000,24000,13.85,0.33,5,1
75860,24000,10.99,0.32,5,1
78000,24000,10.99,0.31,10,1
80000,24000,13.92,0.3,5,0
85000,24000,7.9,0.28,6,0
90000,24000,11.49,0.27,6,0
95000,24000,13.67,0.25,10,0
85000,24000,16.82,0.28,8,1
100450,24000,12.69,0.24,7,0
103832,24000,16.69,0.23,5,0
105000,24000,9.25,0.23,7,0
105400,24000,13.11,0.23,6,0
110000,24000,18.39,0.22,8,0
125004,24000,9.25,0.19,8,0
18000,2000,7.88,0.11,5,0
18000,4750,7.88,0.26,6,1
138000,24000,15.65,0.17,5,1
75000,23850,16.29,0.32,10,1
58704,23500,14.72,0.4,7,1
18000,6350,13.57,0.35,5,1
78200,23500,11.36,0.3,8,0
90000,23475,11.58,0.26,6,0
75000,23000,10.51,0.31,9,1
72000,23000,12.18,0.32,6,1
91440,23000,6.54,0.25,7,0
112000,23000,12.18,0.21,6,0
52000,22950,13.49,0.44,9,1
46000,22750,14.46,0.49,9,1
46500,22500,14.96,0.48,9,1
68231,22400,12.99,0.33,7,1
73000,22400,12.69,0.31,5,1
58500,22000,13.67,0.38,6,1
75000,22000,10.62,0.29,10,0
69000,22000,13.67,0.32,7,1
80000,22000,9.76,0.28,9,0
85000,22000,11.58,0.26,5,0
92000,22000,12.69,0.24,9,0
190000,22000,6.91,0.12,10,0
60000,21725,15.62,0.36,10,1
19200,1400,16.77,0.07,6,0
83004,21600,6.91,0.26,10,0
80001,21600,18.64,0.27,10,1
120000,21600,19.03,0.18,5,0
64600,21500,6.91,0.28,10,1
132000,21500,10.62,0.16,8,0
19200,6000,11.99,0.31,7,1
57500,21000,16.29,0.37,5,1
19200,4750,13.61,0.25,8,1
66000,21000,10.37,0.32,10,1
68666,21000,12.69,0.31,8,1
72000,21000,11.99,0.29,6,1
80000,21000,10.99,0.26,6,0
90000,21000,14.54,0.23,9,0
83000,21000,11.71,0.25,7,1
93000,21000,12.42,0.23,10,1
117000,21000,10.65,0.18,9,0
150000,21000,12.62,0.14,9,0
40934,20500,12.53,0.5,6,1
58200,20500,16.82,0.35,5,1
54000,20500,14.61,0.38,5,1
50000,20400,6.54,0.41,7,1
72000,20400,11.49,0.28,7,0
52275,20050,17.58,0.33,10,1
39500,20000,13.11,0.51,5,1
42000,20000,13.57,0.48,6,1
45000,20000,11.86,0.44,7,1
20000,3800,6.99,0.19,5,0
20000,5500,7.66,0.28,8,0
20000,6400,5.42,0.32,6,0
20000,5000,5.79,0.25,7,0
50000,20000,13.49,0.4,10,1
20000,5000,11.83,0.25,7,0
20000,5000,11.83,0.25,5,0
20000,5000,8.59,0.25,7,0
52500,20000,10.37,0.38,7,1
53004,20000,13.04,0.38,10,1
54000,20000,7.9,0.37,8,1
54000,20000,11.11,0.37,7,1
54000,20000,10.99,0.37,8,1
54996,20000,6.62,0.36,9,1
55000,20000,13.48,0.36,9,1
55000,20000,11.83,0.36,7,1
56000,20000,12.18,0.36,10,1
57000,20000,11.71,0.35,6,1
57492,20000,12.53,0.35,10,1
51500,20000,15.65,0.39,8,1
58000,20000,9.91,0.34,10,1
58000,20000,14.72,0.34,5,1
59000,20000,7.51,0.34,10,1
60000,20000,10.99,0.33,10,1
54000,20000,14.84,0.37,9,1
60000,20000,10.99,0.33,6,1
54000,20000,16.0,0.37,6,1
60000,20000,12.21,0.33,5,1
60000,20000,10.51,0.33,7,1
20400,3300,13.06,0.16,10,0
20400,2075,7.88,0.1,8,0
56000,20000,18.25,0.36,6,1
56000,20000,18.62,0.36,7,1
20500,1000,6.76,0.05,6,0
20640,6250,14.84,0.3,7,0
63000,20000,14.61,0.32,9,1
65000,20000,8.9,0.31,10,1
65000,20000,10.65,0.31,8,1
65000,20000,11.99,0.31,8,1
20800,7000,10.62,0.34,8,0
65000,20000,13.8,0.31,6,1
65000,20000,6.54,0.31,5,1
59000,20000,20.17,0.34,5,1
66000,20000,8.9,0.3,9,0
66000,20000,10.62,0.3,9,0
67000,20000,11.71,0.3,9,0
67000,20000,14.26,0.3,10,0
63000,20000,13.92,0.32,9,1
70000,20000,13.85,0.29,5,0
70000,20000,11.48,0.29,9,0
71874,20000,11.48,0.28,6,0
72000,20000,8.9,0.28,5,0
72000,20000,9.25,0.28,10,0
56100,20000,14.59,0.3,5,1
72000,20000,11.89,0.28,10,0
66000,20000,12.21,0.3,5,1
72000,20000,13.79,0.28,7,0
73992,20000,9.96,0.27,7,0
75000,20000,13.49,0.27,5,0
75000,20000,13.49,0.27,7,0
58650,20000,10.59,0.29,8,1
69000,20000,13.49,0.29,5,1
69000,20000,17.14,0.29,7,1
75000,20000,11.11,0.27,7,0
75000,20000,6.54,0.27,9,0
21403,2100,11.12,0.1,7,0
21424,7750,7.51,0.36,10,1
75000,20000,11.83,0.27,10,0
75000,20000,12.18,0.27,7,0
75000,20000,13.16,0.27,9,0
21600,4200,7.49,0.19,6,0
77000,20000,12.42,0.26,8,0
77625,20000,11.11,0.26,9,0
78000,20000,11.48,0.26,5,0
72000,20000,13.22,0.28,9,1
21600,8000,11.49,0.37,5,0
73000,20000,15.05,0.27,5,1
79701,20000,13.92,0.25,7,0
80000,20000,7.49,0.25,9,0
80000,20000,13.98,0.25,7,0
83000,20000,14.38,0.24,10,0
21600,4000,10.62,0.19,9,0
84000,20000,13.49,0.24,8,0
84996,20000,13.92,0.24,9,0
84996,20000,13.92,0.24,9,0
85000,20000,15.27,0.24,10,0
85000,20000,10.59,0.24,8,0
73000,20000,11.83,0.27,9,1
85155,20000,14.61,0.23,6,0
87000,20000,7.49,0.23,8,0
21996,8300,5.42,0.38,7,0
88000,20000,10.38,0.23,7,0
90000,20000,11.99,0.22,9,0
90000,20000,6.54,0.22,9,0
90000,20000,13.22,0.22,6,0
92000,20000,13.72,0.22,10,0
81400,20000,14.84,0.25,6,1
81500,20000,17.51,0.25,8,1
22000,8000,6.99,0.36,5,0
93600,20000,15.31,0.21,5,0
22000,2500,7.49,0.11,6,0
94050,20000,14.26,0.21,9,0
96000,20000,17.19,0.21,8,0
96000,20000,7.88,0.21,10,0
96000,20000,14.42,0.21,9,0
96588,20000,10.95,0.21,9,0
22000,2400,10.75,0.11,7,0
97356,20000,13.22,0.21,7,0
98000,20000,6.91,0.2,5,0
22000,2000,13.57,0.09,9,0
86652,20000,11.58,0.23,5,1
22000,6000,11.89,0.27,8,0
22000,5375,12.21,0.24,9,0
100000,20000,12.42,0.2,9,0
100000,20000,12.69,0.2,5,0
100000,20000,11.12,0.2,9,0
100000,20000,13.98,0.2,6,0
22080,8000,8.59,0.36,9,0
22200,2500,11.49,0.11,5,0
101000,20000,7.9,0.2,10,0
101000,20000,10.75,0.2,9,0
89004,20000,17.58,0.22,6,1
22300,3775,15.27,0.17,6,0
102000,20000,13.85,0.2,10,0
22404,5725,14.79,0.26,9,1
105000,20000,10.62,0.19,9,0
106000,20000,13.22,0.19,5,0
98000,20000,14.96,0.2,6,1
98000,20000,16.0,0.2,8,1
110000,20000,14.11,0.18,5,0
99855,20000,17.06,0.2,8,1
115000,20000,11.11,0.17,7,0
22800,2500,10.99,0.11,10,0
103000,20000,18.17,0.19,5,1
115500,20000,10.46,0.17,9,0
120000,20000,13.8,0.17,7,0
120000,20000,6.54,0.17,9,0
108000,20000,15.31,0.19,7,1
120000,20000,14.26,0.17,7,0
125000,20000,9.25,0.16,8,0
130000,20000,6.62,0.15,10,0
100815,20000,18.3,0.17,6,1
132000,20000,12.73,0.15,8,0
22896,5000,11.48,0.22,8,0
135000,20000,17.74,0.15,8,0
140000,20000,13.49,0.14,8,0
140000,20000,7.9,0.14,6,0
140000,20000,10.0,0.14,9,0
148080,20000,8.9,0.14,6,0
155000,20000,10.74,0.13,6,0
156000,20000,6.54,0.13,8,0
23000,4500,5.79,0.2,9,0
175000,20000,13.49,0.11,8,0
180000,20000,14.22,0.11,10,0
113000,19975,13.92,0.18,9,1
49110,19775,12.42,0.4,10,1
12000,725,7.37,0.06,6,0
12000,900,10.28,0.07,5,1
11808,1000,14.91,0.08,8,1
12000,1000,7.88,0.08,7,1
12000,1000,16.32,0.08,9,1
12480,1000,8.9,0.08,9,0
14400,1000,16.32,0.07,8,1
17000,1000,7.29,0.06,5,0
18000,1000,13.49,0.06,8,1
20000,1000,10.65,0.05,10,0
23400,5000,15.33,0.21,9,0
44000,19000,16.82,0.43,8,1
51500,19000,14.83,0.37,10,1
56136,19000,15.68,0.34,5,1
23652,2000,7.49,0.08,8,0
58000,19000,14.09,0.33,8,1
23748,6100,14.27,0.26,10,1
65000,19000,12.84,0.29,5,0
65412,19000,11.14,0.29,7,0
71000,19000,6.54,0.27,9,0
60000,18950,15.96,0.32,6,1
42000,18825,7.9,0.45,10,1
24000,7000,6.62,0.29,10,0
60000,18800,9.99,0.31,7,1
95000,18600,13.57,0.2,7,0
99700,18600,14.26,0.19,8,0
24000,6000,8.9,0.25,10,0
24000,5000,16.29,0.21,9,0
50400,18500,16.02,0.37,6,1
60000,18500,12.99,0.31,5,1
60000,18500,10.99,0.31,5,1
62004,18500,12.87,0.3,9,0
112000,18500,7.51,0.17,7,0
62500,18400,9.91,0.29,7,0
45000,18250,14.27,0.41,6,1
24000,4000,7.49,0.17,7,0
42000,18000,14.65,0.43,7,1
24000,3000,7.49,0.13,10,0
24000,4000,10.59,0.17,10,0
24000,4000,12.99,0.17,6,0
24000,9600,11.99,0.4,8,0
45150,18000,13.16,0.4,7,1
50000,18000,8.49,0.36,9,1
24000,2000,7.29,0.08,6,0
50000,18000,8.88,0.36,9,1
50000,18000,13.48,0.36,9,1
24000,6250,8.49,0.26,8,0
51200,18000,14.96,0.35,8,1
51312,18000,13.85,0.35,10,1
54000,18000,10.99,0.33,6,1
55000,18000,10.38,0.33,7,1
24000,8000,10.37,0.33,5,0
60000,18000,8.49,0.3,5,0
24000,2500,7.29,0.1,6,0
60372,18000,14.65,0.3,5,0
63000,18000,10.65,0.29,9,0
64000,18000,11.11,0.28,8,0
64000,18000,8.38,0.28,7,0
59000,18000,12.18,0.31,9,1
66000,18000,9.99,0.27,8,0
67800,18000,10.08,0.27,6,0
68004,18000,10.0,0.26,9,0
69790,18000,10.25,0.26,9,0
24000,1500,7.14,0.06,10,0
64000,18000,11.58,0.28,6,1
70000,18000,11.89,0.26,9,0
72000,18000,15.95,0.25,8,0
67000,18000,13.11,0.27,7,1
75000,18000,8.9,0.24,6,0
24000,2400,13.98,0.1,9,0
78000,18000,8.9,0.23,9,0
24000,7500,7.88,0.31,9,0
80000,18000,10.59,0.23,10,0
80000,18000,11.49,0.23,6,0
80000,18000,10.39,0.23,8,0
81972,18000,10.99,0.22,6,0
24000,6000,10.25,0.25,6,0
74000,18000,17.04,0.24,10,1
89004,18000,7.49,0.2,10,0
90000,18000,12.42,0.2,8,0
78000,18000,18.79,0.23,9,1
90000,18000,8.94,0.2,8,0
100000,18000,13.49,0.18,10,0
100000,18000,7.88,0.18,5,0
101500,18000,12.18,0.18,7,0
102000,18000,10.0,0.18,10,0
90000,18000,11.58,0.2,10,1
103000,18000,16.82,0.17,6,0
110000,18000,9.91,0.16,5,0
24000,1200,8.94,0.05,5,0
24000,6000,8.94,0.25,7,0
132000,18000,8.49,0.14,9,0
102616,18000,13.99,0.15,7,1
175000,18000,5.79,0.1,10,0
168000,18000,14.46,0.11,9,1
65000,17900,7.9,0.28,8,0
24000,6000,12.53,0.25,9,0
24000,5000,9.32,0.21,10,0
105600,17700,10.99,0.17,6,0
37793,17625,12.69,0.47,7,1
24000,2000,9.2,0.08,7,0
77000,17600,13.48,0.23,8,0
88000,17600,14.26,0.2,6,0
153000,17600,8.7,0.12,8,0
205000,17600,13.23,0.09,10,0
44900,17500,14.35,0.39,10,1
48500,17500,12.42,0.36,9,1
50000,17500,12.84,0.35,5,1
24600,4800,8.9,0.2,7,1
58100,17500,13.57,0.3,10,0
92500,17500,15.28,0.19,6,0
114237,17500,14.72,0.15,6,0
120000,17500,12.87,0.15,8,0
45000,17475,11.99,0.39,8,1
58650,17400,15.05,0.25,6,1
24996,6000,5.99,0.24,7,0
24996,6600,12.99,0.26,6,0
54000,17250,19.42,0.32,10,1
75000,17200,14.27,0.23,8,0
78000,17200,17.49,0.22,7,1
24996,6000,9.25,0.24,9,0
37000,17000,13.49,0.46,10,1
45300,17000,14.72,0.38,10,1
48000,17000,7.88,0.35,6,1
55000,17000,7.88,0.31,5,1
60000,17000,14.96,0.28,8,0
61000,17000,11.49,0.28,5,0
65000,17000,8.49,0.26,8,0
25000,8500,7.9,0.34,5,0
25000,10625,14.27,0.42,6,0
80000,17000,5.79,0.21,6,0
80000,17000,13.85,0.21,8,0
84996,17000,7.88,0.2,6,0
25000,3000,8.9,0.12,8,0
92000,17000,14.54,0.18,10,0
25000,6000,6.62,0.24,8,0
115000,17000,11.12,0.15,6,0
25000,9175,10.99,0.37,10,0
25000,3500,13.49,0.14,9,0
25000,7475,8.49,0.3,6,0
25000,7000,10.99,0.28,10,0
78000,16800,7.37,0.22,5,0
25000,5000,10.99,0.2,7,0
83000,16775,11.97,0.2,5,0
39672,16750,13.98,0.42,9,1
39996,16750,14.09,0.42,6,1
25000,1000,9.63,0.04,6,0
82000,16750,20.11,0.2,10,1
96600,16750,10.62,0.17,5,0
25000,2500,9.62,0.1,5,0
25000,4750,14.83,0.19,9,0
25000,6000,14.72,0.24,10,0
25000,5000,16.32,0.2,9,0
68000,16500,7.88,0.24,7,0
71000,16500,14.72,0.23,6,0
39000,16450,16.02,0.42,10,1
44544,16425,14.27,0.37,5,1
43920,16400,11.03,0.37,10,1
42000,16200,10.25,0.39,6,1
50000,16200,13.99,0.32,5,1
54000,16200,15.57,0.3,10,1
25000,6400,7.51,0.26,8,0
70000,16100,11.83,0.23,9,0
25000,1600,11.36,0.06,7,0
36000,16000,15.7,0.44,9,1
40000,16000,9.91,0.4,9,1
40000,16000,11.71,0.4,6,1
40000,16000,11.48,0.4,8,1
25000,2400,14.42,0.1,8,0
25000,3000,12.53,0.12,10,0
37000,16000,12.99,0.43,9,1
45000,16000,10.0,0.36,10,1
25056,2000,12.42,0.08,7,0
39000,16000,12.73,0.41,8,1
47000,16000,11.71,0.34,8,1
47831,16000,13.85,0.33,7,1
48000,16000,14.22,0.33,5,1
50000,16000,9.91,0.32,5,1
25200,4500,5.42,0.18,6,0
44000,16000,13.99,0.36,8,1
50000,16000,16.77,0.32,5,1
25200,4000,6.54,0.16,6,0
44000,16000,13.48,0.36,6,1
44000,16000,13.24,0.36,6,1
51600,16000,13.49,0.31,8,1
51648,16000,14.18,0.31,8,1
48396,16000,14.74,0.33,7,1
55000,16000,11.12,0.29,9,0
55000,16000,13.98,0.29,9,0
51000,16000,16.32,0.31,9,1
54000,16000,17.99,0.3,10,1
62000,16000,7.88,0.26,10,0
62800,16000,13.11,0.25,5,0
63564,16000,13.47,0.25,5,0
65000,16000,17.27,0.25,6,0
65000,16000,13.06,0.25,8,0
25740,5000,14.11,0.19,5,0
25800,6000,5.99,0.23,6,0
25800,2400,14.96,0.09,6,0
60000,16000,16.07,0.27,8,1
66500,16000,12.18,0.24,6,0
67600,16000,11.58,0.24,5,0
68000,16000,14.09,0.24,5,0
69000,16000,5.99,0.23,6,0
26000,2400,14.27,0.09,9,0
64000,16000,15.7,0.25,5,1
70000,16000,14.42,0.23,6,0
75000,16000,8.9,0.21,10,0
21000,1000,7.49,0.05,9,0
22296,1000,14.84,0.04,5,0
22800,1000,11.49,0.04,5,0
24000,1000,15.96,0.04,7,0
24000,1000,14.91,0.04,5,1
24000,1000,9.99,0.04,7,0
26000,12000,11.36,0.46,7,1
26000,1200,10.99,0.05,6,0
25200,1000,10.25,0.04,5,0
26000,5000,8.94,0.19,9,0
26400,1000,10.99,0.04,7,0
26000,6000,9.63,0.23,6,0
29311,1000,7.49,0.03,9,0
30000,1000,5.79,0.03,10,0
30000,1000,9.25,0.03,6,0
33000,1000,14.79,0.03,10,0
26004,4000,14.74,0.15,9,1
26010,6500,9.99,0.25,9,0
35000,1000,10.36,0.03,6,0
38000,1000,7.88,0.03,9,0
40000,1000,9.88,0.03,9,0
42000,1000,11.12,0.02,5,0
26400,4800,7.66,0.18,9,0
43200,1000,10.74,0.02,9,0
26400,6000,6.91,0.23,9,1
26400,3000,6.17,0.11,6,0
48000,1000,9.99,0.02,10,0
44000,1000,14.17,0.02,9,1
51298,1000,10.37,0.02,7,0
26400,5000,7.14,0.19,6,0
26400,3600,9.88,0.14,9,0
64548,1000,14.27,0.02,5,0
74000,1000,9.91,0.01,5,0
75000,1000,13.49,0.01,9,0
26496,4400,10.59,0.17,8,0
69000,1000,8.59,0.01,5,1
76000,1000,13.49,0.01,8,0
100000,1000,11.71,0.01,7,0
26688,5000,10.59,0.19,10,0
10000,1200,14.11,0.12,6,1
14800,1200,8.0,0.08,9,0
15600,1200,12.53,0.08,8,0
19200,1200,7.29,0.06,10,1
20000,1200,11.71,0.06,7,1
20000,1200,11.54,0.06,5,0
22884,1200,13.22,0.05,7,0
27000,5600,5.42,0.21,8,0
24000,1200,18.99,0.05,7,0
27000,4300,5.99,0.16,6,0
30000,1200,6.76,0.04,10,0
27000,4200,7.88,0.16,9,0
39996,1200,7.88,0.03,8,0
42000,1200,16.29,0.03,5,0
27000,2400,10.99,0.09,5,0
43000,1200,13.8,0.03,7,0
44000,1200,15.23,0.03,5,0
27000,3000,11.14,0.11,9,0
48096,1200,17.56,0.02,5,1
55000,1200,9.99,0.02,6,0
53326,1200,16.29,0.02,7,1
75000,1200,6.54,0.02,5,0
26000,1250,11.49,0.05,10,0
195000,1250,13.23,0.01,7,0
27036,6500,11.11,0.24,7,0
34400,1300,9.91,0.04,6,0
47000,1300,10.46,0.03,8,0
51000,1300,7.68,0.03,7,0
65000,1300,6.54,0.02,7,0
27204,1800,7.74,0.07,7,0
14400,1400,11.49,0.1,6,0
18576,1400,9.99,0.08,6,0
24960,1400,8.49,0.06,10,0
27385,2000,12.99,0.07,9,1
25200,1400,6.99,0.06,6,0
28800,1400,7.9,0.05,5,0
27600,3000,11.49,0.11,9,0
58000,1400,15.27,0.02,7,0
27600,2250,15.62,0.08,9,1
27600,3500,6.99,0.13,9,0
27000,1500,10.36,0.06,5,0
27600,3000,11.86,0.11,5,0
28452,1500,11.11,0.05,5,0
29120,1500,15.7,0.05,6,1
30000,1500,7.29,0.05,8,1
30000,1500,9.63,0.05,10,1
27840,2400,5.42,0.09,7,0
30000,1500,11.49,0.05,8,1
27852,11000,8.49,0.39,8,0
27852,4200,12.84,0.15,8,0
32004,1500,8.49,0.05,7,0
27996,1800,5.42,0.06,6,0
33996,1500,10.99,0.04,7,0
29780,1500,12.86,0.05,10,1
28000,7600,6.62,0.27,10,0
38000,1500,7.4,0.04,6,0
28000,3000,9.99,0.11,10,0
38004,1500,14.35,0.04,10,0
28000,7500,10.99,0.27,6,0
39600,1500,12.69,0.04,5,0
28000,6300,11.99,0.23,9,0
34000,1500,14.61,0.04,5,1
28000,4800,7.49,0.17,10,0
41000,1500,14.79,0.04,6,0
38004,1500,12.53,0.04,7,1
44604,1500,11.12,0.03,7,0
45000,1500,5.99,0.03,10,0
28000,6000,15.21,0.21,9,1
39000,1500,7.51,0.04,9,1
48000,1500,9.91,0.03,9,0
48000,1500,11.71,0.03,8,0
48000,1500,11.89,0.03,6,0
50000,1500,13.92,0.03,5,0
28000,3250,12.53,0.12,9,0
54600,1500,13.23,0.03,8,0
55000,1500,7.37,0.03,8,0
60000,1500,16.77,0.03,8,0
60000,1500,12.87,0.03,9,0
54000,1500,14.42,0.03,9,1
61900,1500,13.23,0.02,7,0
80000,1500,12.42,0.02,9,0
80000,1500,10.74,0.02,10,0
28500,1600,13.49,0.06,8,1
18000,1600,9.88,0.09,5,1
28500,2600,7.74,0.09,7,0
28500,4000,7.74,0.14,7,0
28560,2400,6.39,0.08,8,0
18000,1700,11.12,0.09,10,0
33000,1700,15.23,0.05,9,0
28672,4650,13.22,0.16,5,0
53040,1700,8.49,0.03,8,0
12996,1750,6.76,0.13,10,0
12000,1800,14.35,0.15,5,0
15000,1800,11.49,0.12,7,0
15000,1800,17.54,0.12,9,0
28800,2000,10.59,0.07,7,0
21360,1800,12.99,0.08,8,0
23766,1800,13.06,0.08,7,0
24000,1800,8.59,0.07,6,0
25200,1800,6.76,0.07,10,0
28800,7500,13.43,0.26,7,0
45996,1800,11.58,0.04,9,0
49000,1800,11.71,0.04,5,0
60000,1800,11.46,0.03,8,0
80000,1800,10.75,0.02,7,0
117000,1800,12.42,0.02,10,0
145000,1800,12.99,0.01,6,0
42000,1850,11.99,0.04,5,0
15204,1875,8.49,0.12,7,1
31200,1900,5.79,0.06,10,0
45000,1900,5.79,0.04,7,0
60000,1925,12.29,0.03,9,0
72000,1925,14.35,0.03,10,1
10800,2000,14.72,0.19,5,1
12996,2000,17.19,0.15,6,1
29000,5000,15.99,0.17,7,0
29000,6250,12.87,0.22,9,0
29000,3500,12.53,0.12,5,0
19200,2000,5.99,0.1,7,1
29000,1500,12.29,0.05,6,0
20000,2000,18.3,0.1,9,1
20400,2000,13.49,0.1,8,0
20400,2000,7.9,0.1,9,1
20400,2000,12.53,0.1,6,0
20928,2000,13.48,0.1,6,0
21240,2000,14.22,0.09,9,0
29112,7000,6.99,0.24,5,0
22800,2000,8.49,0.09,10,0
24000,2000,14.35,0.08,7,0
29160,8000,7.51,0.27,7,0
24600,2000,13.61,0.08,5,0
25000,2000,13.11,0.08,6,0
25000,2000,13.16,0.08,8,1
29500,7000,10.0,0.24,9,1
29568,6000,13.23,0.2,10,0
26400,2000,6.54,0.08,10,0
26400,2000,13.61,0.08,10,0
27000,2000,7.88,0.07,6,0
29760,10000,9.63,0.34,10,0
29766,13900,8.94,0.47,8,0
28800,2000,11.48,0.07,10,0
30000,2000,5.42,0.07,5,0
30000,2000,7.29,0.07,5,0
92700,15000,11.99,0.16,5,0
81000,15000,14.42,0.19,6,1
30000,10000,9.91,0.33,8,0
70553,15000,13.47,0.18,10,1
84000,15000,16.7,0.18,9,1
30000,5000,7.51,0.17,9,0
100000,15000,9.88,0.15,9,0
100000,15000,11.58,0.15,10,0
100000,15000,12.04,0.15,10,0
102000,15000,11.46,0.15,7,0
104371,15000,16.77,0.14,5,0
105000,15000,10.59,0.14,8,0
106000,15000,10.75,0.14,6,0
108000,15000,10.0,0.14,9,0
30000,10000,9.91,0.33,10,0
30000,6000,6.03,0.2,8,0
110000,15000,12.68,0.14,10,0
110000,15000,11.11,0.14,8,0
30000,6625,6.62,0.22,6,0
110000,15000,14.42,0.14,9,0
101000,15000,17.58,0.15,8,1
117000,15000,9.63,0.13,8,0
120000,15000,6.91,0.13,7,0
120000,15000,6.17,0.13,8,0
120000,15000,9.63,0.13,6,0
120000,15000,15.68,0.13,7,0
30000,2000,7.9,0.07,10,0
122000,15000,12.73,0.12,5,0
30000,4750,7.9,0.16,7,0
132000,15000,11.12,0.11,5,0
128000,15000,9.63,0.12,9,1
140000,15000,11.26,0.11,5,0
143000,15000,12.53,0.1,6,0
30000,11000,10.65,0.37,10,0
147000,15000,8.94,0.1,5,0
150000,15000,16.32,0.1,9,0
165000,15000,13.92,0.09,9,0
175000,15000,11.26,0.09,8,0
200000,15000,10.37,0.07,5,0
200000,15000,11.36,0.07,8,0
200000,15000,11.72,0.07,10,0
230000,15000,5.99,0.07,5,0
30000,5100,7.9,0.17,8,0
30000,14800,11.14,0.49,5,1
50000,14800,10.83,0.3,5,0
68000,14800,9.99,0.22,9,0
30000,10000,7.51,0.33,9,0
30000,4300,7.9,0.14,5,0
37000,14700,5.99,0.4,9,1
30000,2000,11.49,0.07,8,0
30000,2000,10.75,0.07,7,0
30225,2000,12.42,0.07,6,0
30000,3300,5.99,0.11,6,0
33000,2000,5.79,0.06,5,0
40000,2000,10.37,0.05,7,0
40000,2000,10.75,0.05,6,0
51000,2000,7.74,0.04,6,0
51600,2000,9.99,0.04,5,0
51996,2000,13.72,0.04,6,0
54000,2000,10.01,0.04,7,0
50000,2000,5.42,0.04,8,1
50000,2000,16.89,0.04,7,1
30000,9000,5.42,0.3,9,0
59000,2000,13.48,0.03,7,0
60000,2000,9.91,0.03,9,0
54000,2000,14.42,0.04,7,1
30000,10000,6.99,0.33,5,0
68803,2000,6.17,0.03,10,0
30000,7000,6.99,0.23,6,0
69000,2000,6.99,0.03,5,0
69996,2000,10.65,0.03,9,0
30000,2975,5.99,0.1,5,0
70000,2000,13.72,0.03,7,0
30000,9450,8.49,0.32,8,0
72000,2000,14.59,0.03,8,1
80000,2000,12.99,0.03,9,0
30000,4000,15.62,0.13,7,1
80000,2000,10.36,0.03,7,0
80004,2000,9.76,0.02,10,0
85000,2000,14.22,0.02,9,0
86000,2000,5.99,0.02,5,0
102400,2000,8.88,0.02,7,0
118000,2000,16.89,0.02,8,1
30000,6000,7.29,0.2,9,0
132444,2000,11.36,0.02,9,0
30000,10000,13.43,0.33,7,1
30000,2050,8.88,0.07,7,1
60000,2075,15.23,0.03,7,0
30000,5000,12.68,0.17,10,0
11292,2100,6.76,0.19,6,1
12500,2100,12.49,0.17,7,1
14400,2100,15.21,0.15,10,1
21000,2100,7.88,0.1,8,0
33500,2100,12.21,0.06,9,0
30000,6000,5.79,0.2,8,0
30000,3000,7.29,0.1,5,0
30000,10000,5.79,0.33,6,0
35000,2125,15.27,0.06,6,0
20000,2150,10.37,0.11,6,0
24000,2150,14.72,0.09,7,0
30000,14000,8.9,0.47,7,1
30548,14000,7.88,0.46,5,1
33200,14000,7.29,0.42,10,1
35000,14000,14.27,0.4,8,1
36000,14000,7.51,0.39,6,1
37000,14000,7.88,0.38,8,1
40000,14000,12.73,0.35,8,1
40000,14000,11.89,0.35,5,1
40404,14000,8.49,0.35,10,1
30000,7500,12.98,0.25,8,0
14400,2200,5.99,0.15,10,0
15000,2200,13.48,0.15,10,1
17004,2200,9.32,0.13,5,1
30000,3000,6.76,0.1,9,0
30000,2200,7.49,0.07,10,0
38400,2200,13.06,0.06,10,0
42000,2200,9.63,0.05,8,0
44004,2200,15.65,0.05,5,1
52416,2200,10.99,0.04,8,0
70000,2200,10.74,0.03,8,0
30000,5000,7.14,0.17,7,0
80000,2200,9.99,0.03,6,0
30000,6000,13.98,0.2,8,0
120000,2200,7.51,0.02,5,0
15600,2250,18.25,0.14,6,1
30000,5000,7.51,0.17,8,0
18000,2250,8.49,0.13,9,0
42000,2250,8.88,0.05,8,0
42000,2250,6.99,0.05,8,1
30000,12000,7.14,0.4,5,0
37152,2300,13.17,0.06,7,0
39000,2300,8.59,0.06,8,0
62000,2300,13.43,0.04,6,1
60000,2375,11.83,0.04,7,0
71004,2375,9.25,0.03,9,0
12000,2400,11.71,0.2,10,1
12000,2400,12.68,0.2,8,1
18000,2400,10.65,0.13,6,0
18000,2400,11.49,0.13,10,0
18000,2400,14.79,0.13,10,0
30000,6600,13.85,0.22,8,0
30000,1600,10.25,0.05,9,0
21360,2400,10.25,0.11,9,0
22800,2400,8.49,0.11,8,1
30000,12250,11.36,0.41,8,0
23520,2400,10.36,0.1,6,0
24000,2400,13.11,0.1,5,0
30000,6000,15.31,0.2,8,0
30000,2400,9.91,0.08,5,0
30000,6500,8.59,0.22,10,0
30000,2400,9.25,0.08,6,0
30988,2400,13.47,0.08,5,0
31000,2400,11.49,0.08,6,0
31200,2400,16.49,0.08,6,0
34000,2400,11.99,0.07,9,0
34000,2400,12.21,0.07,5,0
29004,2400,17.93,0.08,7,1
30000,3000,15.65,0.1,6,0
30000,2400,17.49,0.08,10,1
30069,2400,15.99,0.08,9,1
37500,2400,7.66,0.06,5,0
38400,2400,10.65,0.06,6,0
39000,2400,10.99,0.06,7,0
39800,2400,11.71,0.06,10,0
40000,2400,8.49,0.06,10,0
34000,2400,15.57,0.07,5,1
40000,2400,9.32,0.06,7,0
35000,2400,7.29,0.07,9,1
30000,10500,8.94,0.35,8,0
30000,7300,9.32,0.24,9,0
30000,8000,12.84,0.27,8,0
42000,2400,9.62,0.06,7,0
42000,2400,6.54,0.06,10,0
43812,2400,14.35,0.05,5,0
45000,2400,12.42,0.05,6,0
40800,2400,11.49,0.06,9,1
47652,2400,13.22,0.05,5,0
30000,1500,13.16,0.05,8,0
42000,2400,13.8,0.06,10,1
50000,2400,13.49,0.05,9,0
50000,2400,11.03,0.05,8,0
52800,2400,9.62,0.05,7,0
60000,2400,7.49,0.04,6,0
60500,2400,12.69,0.04,8,0
30000,7500,11.78,0.25,7,0
69996,2400,11.11,0.03,6,0
70000,2400,10.65,0.03,7,0
70000,2400,11.99,0.03,7,0
72000,2400,13.16,0.03,8,0
82500,2400,8.9,0.03,5,0
90050,2400,13.49,0.03,9,0
78100,2425,5.42,0.03,10,0
86400,2425,11.49,0.03,8,0
30000,11225,13.62,0.37,6,1
66000,2475,15.05,0.04,8,1
30000,12000,10.59,0.4,6,0
75800,2475,6.54,0.03,8,0
10800,2500,14.84,0.23,5,1
30016,11000,8.94,0.37,10,0
54000,13575,11.71,0.25,10,1
30108,1400,8.9,0.05,9,1
37200,13500,10.78,0.36,6,1
30156,7000,6.99,0.23,10,0
30422,5000,8.49,0.16,9,0
64402,13500,7.49,0.21,8,0
74984,13500,7.29,0.18,9,0
75805,13450,16.32,0.18,8,1
30720,6000,7.49,0.2,7,0
118000,13425,15.99,0.11,10,1
62040,13400,13.06,0.22,6,0
43000,13350,12.42,0.31,6,1
30792,5000,8.32,0.16,9,0
30929,5300,7.68,0.17,7,0
35000,13250,10.65,0.38,7,1
30992,8000,11.58,0.26,9,1
45000,13250,7.9,0.29,10,0
46000,13250,17.27,0.29,6,1
30996,8875,7.66,0.29,9,0
30996,2400,13.8,0.08,7,0
88000,13225,12.42,0.15,7,0
40000,13200,12.42,0.33,8,1
31000,5500,10.65,0.18,7,0
70000,13200,13.49,0.19,6,0
31000,9950,7.9,0.32,6,0
31000,2400,10.65,0.08,5,1
31000,11300,9.91,0.36,5,0
90000,13200,10.74,0.15,5,0
31692,13150,13.24,0.41,5,1
31000,12000,5.42,0.39,6,0
51200,13075,16.7,0.26,8,1
92500,13050,7.66,0.14,5,0
31000,4200,13.72,0.14,7,0
29000,13000,14.26,0.45,8,1
30000,13000,7.88,0.43,10,1
33000,13000,7.9,0.39,6,1
31000,15000,13.16,0.48,9,0
36000,13000,13.61,0.36,8,1
31075,7400,7.51,0.24,6,0
30288,13000,14.35,0.43,8,1
37000,13000,9.91,0.35,10,1
37000,13000,6.92,0.35,6,1
37800,13000,11.83,0.34,5,1
33600,13000,14.61,0.39,8,1
40000,13000,13.48,0.33,7,1
45000,13000,8.94,0.29,6,0
46000,13000,14.59,0.28,10,0
47000,13000,9.63,0.28,5,0
47000,13000,10.99,0.28,5,0
44000,13000,9.91,0.3,6,1
21600,2500,14.35,0.12,8,0
21996,2500,13.11,0.11,8,1
22708,2500,14.84,0.11,8,1
24000,2500,10.65,0.1,9,0
24000,2500,10.37,0.1,5,0
31200,3600,11.48,0.12,7,0
31200,7000,16.35,0.22,10,1
24000,2500,7.74,0.1,9,0
31200,12300,12.53,0.39,10,0
31200,7500,7.74,0.24,8,0
25000,2500,7.4,0.1,6,0
26004,2500,13.99,0.1,8,0
26400,2500,13.23,0.09,10,0
31323,2500,13.22,0.08,5,1
26592,2500,7.14,0.09,6,1
31416,8000,11.12,0.25,5,0
28080,2500,10.99,0.09,8,0
30000,2500,11.14,0.08,5,0
31600,7500,11.36,0.24,10,0
32108,2500,15.68,0.08,5,1
31776,3400,13.16,0.11,8,0
36000,2500,10.0,0.07,6,0
31850,14125,10.65,0.44,8,0
30000,2500,13.57,0.08,8,1
32000,8575,17.58,0.27,7,1
32400,2500,15.33,0.08,10,1
33000,2500,15.62,0.08,7,1
39400,2500,7.14,0.06,9,0
39420,2500,15.27,0.06,8,0
40000,2500,6.99,0.06,5,0
40000,2500,5.79,0.06,10,0
40000,2500,13.23,0.06,5,0
42000,2500,10.59,0.06,6,0
42000,2500,8.49,0.06,8,0
32000,12000,12.69,0.38,10,1
32000,3100,7.51,0.1,5,1
32000,1000,16.29,0.03,10,1
44500,2500,11.99,0.06,10,0
39000,2500,14.09,0.06,5,1
39300,2500,16.29,0.06,10,1
39996,2500,15.65,0.06,8,1
46000,2500,6.91,0.05,8,0
46500,2500,13.92,0.05,9,0
47544,2500,7.88,0.05,5,0
48000,2500,8.49,0.05,5,0
50000,2500,13.49,0.05,7,0
32000,8000,5.99,0.25,7,0
50000,2500,17.04,0.05,10,0
32000,6625,14.79,0.21,10,0
52000,2500,8.88,0.05,10,0
53000,2500,9.99,0.05,7,0
54600,2500,7.88,0.05,8,0
54924,2500,11.14,0.05,6,0
32000,2275,6.17,0.07,6,0
61200,2500,6.62,0.04,10,0
56000,2500,11.72,0.04,5,1
32000,6000,11.86,0.19,8,0
32000,2000,13.61,0.06,6,0
68004,2500,12.99,0.04,9,0
69000,2500,7.14,0.04,8,0
70000,2500,10.36,0.04,7,0
72000,2500,14.35,0.03,6,0
73000,2500,14.35,0.03,9,0
75000,2500,11.99,0.03,9,0
76320,2500,12.61,0.03,10,0
32000,8500,7.51,0.27,6,0
87000,2500,7.14,0.03,5,0
32000,12000,7.88,0.38,6,0
95000,2500,13.72,0.03,5,0
95800,2500,11.58,0.03,9,0
84000,2500,14.59,0.03,9,1
115000,2500,11.89,0.02,6,0
120000,2500,14.22,0.02,6,0
32000,9850,8.94,0.31,5,0
15600,2800,10.65,0.18,5,1
32000,14000,11.89,0.44,7,0
24000,2800,10.99,0.12,9,0
24000,2800,10.95,0.12,10,0
25000,2800,9.32,0.11,7,0
32000,4000,10.78,0.13,5,0
30000,2800,12.68,0.09,7,0
12000,2850,13.61,0.24,5,1
32004,6000,10.74,0.19,7,0
115000,2850,6.54,0.02,9,0
17000,2875,11.71,0.17,10,1
32004,5500,8.0,0.17,9,0
13200,3000,10.99,0.23,6,1
14400,3000,13.98,0.21,8,1
14400,3000,11.83,0.21,5,1
32400,3000,7.49,0.09,10,0
15000,3000,13.23,0.2,7,1
15500,3000,7.51,0.19,5,1
16000,3000,13.85,0.19,6,1
32400,4000,12.98,0.12,6,0
32400,2500,8.88,0.08,8,1
16800,3000,5.42,0.18,7,1
16800,3000,14.26,0.18,7,1
32400,7500,13.48,0.23,5,0
17573,3000,7.37,0.17,8,1
32400,3000,10.62,0.09,9,0
18000,3000,12.69,0.17,8,1
32468,6000,7.51,0.18,5,0
32496,1800,9.63,0.06,10,0
32500,8975,6.62,0.28,10,0
18072,3000,6.03,0.17,7,1
32500,5000,7.14,0.15,7,0
19200,3000,16.4,0.16,7,1
19992,3000,7.14,0.15,9,1
20000,3000,11.49,0.15,8,1
32678,3075,15.23,0.09,6,0
21000,3000,15.28,0.14,8,0
21600,3000,14.35,0.14,9,0
23000,3000,11.49,0.13,6,0
33000,7100,16.77,0.22,7,0
23004,3000,13.43,0.13,5,0
23004,3000,17.8,0.13,10,0
30000,3000,13.49,0.1,6,0
33000,4000,12.69,0.12,8,0
33000,6000,6.03,0.18,5,0
33000,4800,10.65,0.15,10,0
30000,3000,10.95,0.1,8,0
30000,3000,12.53,0.1,5,0
30500,3000,9.63,0.1,8,0
30857,3000,13.06,0.1,9,1
31000,3000,10.0,0.1,7,0
31200,3000,10.99,0.1,6,0
31704,3000,11.49,0.09,8,0
33000,6000,8.49,0.18,8,0
32000,3000,14.59,0.09,7,0
33000,5600,10.59,0.17,9,0
32796,3000,11.49,0.09,7,0
33600,3000,13.49,0.09,9,0
33600,3000,15.99,0.09,8,1
34320,3000,14.11,0.09,5,1
34580,3000,11.49,0.09,6,1
35000,3000,8.49,0.09,10,0
35500,3000,11.86,0.08,9,0
33000,5000,6.17,0.15,7,0
36000,3000,9.91,0.08,7,0
33000,12000,7.51,0.36,7,0
36000,3000,10.99,0.08,10,0
36000,3000,5.42,0.08,5,0
30000,3000,10.08,0.1,10,1
36000,3000,8.0,0.08,9,0
37090,3000,11.12,0.08,8,0
37440,3000,5.42,0.08,8,0
31440,3000,11.34,0.1,6,1
31800,3000,15.62,0.09,9,1
38000,3000,15.23,0.08,10,0
33000,4200,11.36,0.13,9,0
38000,3000,7.49,0.08,8,0
38052,3000,11.49,0.08,6,0
38400,3000,12.99,0.08,9,0
38400,3000,9.25,0.08,10,0
38500,3000,11.48,0.08,10,0
38688,3000,12.73,0.08,8,0
39000,3000,7.9,0.08,7,0
33600,3000,16.89,0.09,8,1
33000,3000,11.66,0.09,8,0
33000,16000,8.63,0.48,7,0
34000,3000,10.65,0.09,10,1
40000,3000,5.42,0.07,10,0
34000,3000,10.37,0.09,10,1
40000,3000,7.14,0.07,7,0
34000,3000,15.7,0.09,10,1
40000,3000,7.05,0.07,8,0
33225,13500,10.59,0.41,6,0
33267,3200,12.18,0.1,6,0
43000,3000,10.99,0.07,7,0
43200,3000,7.49,0.07,9,0
37200,3000,19.29,0.08,5,1
33280,2400,10.59,0.07,10,0
43500,3000,12.42,0.07,10,0
44000,3000,18.39,0.07,7,0
33300,1600,7.4,0.05,5,0
45000,3000,11.11,0.07,7,0
45000,3000,12.61,0.07,7,0
45000,3000,10.62,0.07,10,0
39000,3000,16.7,0.08,7,1
39314,3000,15.23,0.08,7,1
33600,2500,14.65,0.07,8,0
45996,3000,9.76,0.07,7,0
33600,6000,10.99,0.18,6,0
40750,3000,15.28,0.07,10,1
47000,3000,10.74,0.06,5,0
47000,3000,10.25,0.06,7,0
41277,3000,10.0,0.07,8,1
33600,9500,12.99,0.28,8,0
33600,3000,5.42,0.09,5,0
33600,5400,5.42,0.16,6,0
48000,3000,5.42,0.06,5,0
48000,3000,11.83,0.06,10,0
48750,3000,13.49,0.06,7,0
48876,3000,14.59,0.06,8,0
48996,3000,10.36,0.06,10,0
33600,9000,6.91,0.27,6,0
49000,3000,14.96,0.06,8,0
33600,6000,11.12,0.18,7,0
50000,3000,7.29,0.06,6,0
33600,7000,7.14,0.21,9,0
33600,6400,7.14,0.19,10,0
50000,3000,10.37,0.06,9,0
33600,6500,7.14,0.19,8,0
33600,3000,13.48,0.09,9,0
50000,3000,7.88,0.06,8,0
33600,12000,11.83,0.36,6,0
33600,15250,12.53,0.45,6,0
46000,3000,16.29,0.07,9,1
33612,9000,7.74,0.27,9,1
48715,12000,12.87,0.25,10,0
48996,12000,12.53,0.24,6,0
33975,10000,9.25,0.29,7,0
49268,12000,5.79,0.24,6,0
44000,12000,15.96,0.27,7,1
44000,12000,17.27,0.27,7,1
50000,12000,6.03,0.24,6,0
50000,12000,13.49,0.24,7,0
50000,12000,10.37,0.24,9,0
50000,12000,13.11,0.24,10,0
50000,12000,12.53,0.24,10,0
50000,12000,8.94,0.24,5,0
50004,12000,13.47,0.24,7,0
44400,12000,15.99,0.27,5,1
50600,12000,9.91,0.24,7,0
50600,12000,13.48,0.24,6,0
50700,12000,12.42,0.24,6,0
34000,4000,7.49,0.12,9,0
34000,13000,10.99,0.38,8,0
34000,16750,10.59,0.49,6,0
51600,12000,6.99,0.23,9,0
52000,12000,7.9,0.23,7,0
52000,12000,7.91,0.23,9,0
34000,13500,7.66,0.4,10,0
52000,12000,7.29,0.23,6,0
52000,12000,13.35,0.23,5,0
34000,7000,13.35,0.21,8,0
34000,8000,13.35,0.24,8,0
52500,12000,10.36,0.23,8,0
34000,3000,13.61,0.09,9,0
53000,12000,6.03,0.23,7,0
53000,12000,14.72,0.23,8,0
53000,12000,14.22,0.23,10,0
53000,12000,12.84,0.23,5,0
47004,12000,12.53,0.26,5,1
34000,10000,13.85,0.29,6,1
54000,12000,14.74,0.22,10,0
54050,12000,10.99,0.22,9,0
34000,12800,8.94,0.38,7,0
55000,12000,14.27,0.22,10,0
34000,8000,12.53,0.24,10,0
55000,12000,12.99,0.22,7,0
49000,12000,11.11,0.24,9,1
55000,12000,10.36,0.22,7,0
34000,14400,16.0,0.42,7,0
55000,12000,13.23,0.22,10,0
34000,10625,13.47,0.31,10,0
34000,2800,9.32,0.08,7,0
49000,12000,15.37,0.24,7,1
55000,12000,13.16,0.22,8,0
55500,12000,7.88,0.22,8,0
34320,16000,12.69,0.47,7,0
34320,1900,12.84,0.06,7,0
57000,12000,5.42,0.21,7,0
57000,12000,11.49,0.21,9,0
58000,12000,12.99,0.21,8,0
58000,12000,11.26,0.21,10,0
34500,4500,14.42,0.13,7,1
34500,5000,9.76,0.14,7,0
34560,10625,16.4,0.31,7,0
52000,3000,11.48,0.06,6,0
34800,3000,9.91,0.09,6,0
53196,3000,7.66,0.06,5,0
54084,3000,12.61,0.06,6,0
54996,3000,12.21,0.05,5,0
49000,3000,11.71,0.06,8,1
49000,3000,16.49,0.06,7,1
34800,2000,15.65,0.06,6,0
55000,3000,7.68,0.05,7,0
34900,12000,10.25,0.34,9,0
56000,3000,14.27,0.05,5,0
56312,3000,11.71,0.05,9,0
56400,3000,11.83,0.05,9,0
35000,8000,12.69,0.23,6,0
58800,3000,11.49,0.05,9,0
60000,3000,11.71,0.05,6,0
35000,5000,10.65,0.14,9,0
60000,3000,13.49,0.05,8,0
60000,3000,11.49,0.05,5,0
35000,10400,11.71,0.3,8,0
54000,3000,15.37,0.06,6,1
60500,3000,13.61,0.05,9,0
35000,10000,10.65,0.29,6,0
35000,10000,7.51,0.29,7,0
62000,3000,6.99,0.05,9,0
62000,3000,9.7,0.05,9,0
62000,3000,9.96,0.05,9,0
56400,3000,7.9,0.05,6,1
35000,8000,9.91,0.23,5,0
35000,8300,7.9,0.24,7,0
35000,5000,14.27,0.14,10,0
64800,3000,13.98,0.05,8,0
65000,3000,5.42,0.05,5,0
67000,3000,7.51,0.04,10,0
67000,3000,7.14,0.04,9,0
51850,3000,14.96,0.05,7,1
68000,3000,5.42,0.04,9,0
35000,10000,6.03,0.29,6,0
35000,2000,5.42,0.06,9,0
70000,3000,13.98,0.04,9,0
70000,3000,7.68,0.04,10,0
35000,5200,15.23,0.15,6,0
35000,9000,11.49,0.26,5,0
35000,10000,10.99,0.29,5,0
35000,10225,9.99,0.29,6,0
72000,3000,11.83,0.04,5,0
35000,12000,5.99,0.34,8,0
35000,6075,13.49,0.17,9,0
75000,3000,7.68,0.04,7,0
75500,3000,12.42,0.04,5,0
70000,3000,11.11,0.04,6,1
78000,3000,12.42,0.04,7,0
35000,14000,7.49,0.4,8,0
78000,3000,11.97,0.04,6,0
80000,3000,5.79,0.04,6,0
74400,3000,11.83,0.04,5,1
35000,13250,16.89,0.38,7,0
35000,5600,11.49,0.16,6,0
90000,3000,13.99,0.03,9,0
93600,3000,10.36,0.03,9,0
70910,3000,17.44,0.04,5,1
35000,10000,8.49,0.29,5,0
35000,4000,10.99,0.11,6,0
104000,3000,11.58,0.03,6,0
106000,3000,11.12,0.03,7,0
108000,3000,11.36,0.03,5,0
35000,8000,5.42,0.23,9,0
35000,4000,9.63,0.11,8,0
121000,3000,10.25,0.02,9,0
125000,3000,14.65,0.02,10,0
130000,3000,14.22,0.02,8,0
150000,3000,10.75,0.02,5,0
35000,6000,5.42,0.17,6,0
80000,3025,9.99,0.04,8,0
15120,3050,10.38,0.2,5,1
35000,8000,12.68,0.23,9,0
36000,3050,6.99,0.08,5,0
35000,5000,12.68,0.14,5,0
36000,3075,5.42,0.09,5,0
30892,3100,10.59,0.1,9,1
31200,3100,13.35,0.1,10,0
32000,3125,7.14,0.1,9,0
56100,3150,15.62,0.05,10,1
35000,11850,6.54,0.34,6,0
35000,5000,13.35,0.14,9,0
18240,3200,9.63,0.18,8,1
35000,4000,13.61,0.11,5,0
33600,3200,11.99,0.1,9,0
33600,3200,16.49,0.1,5,0
35000,3200,7.49,0.09,6,0
35000,3200,15.21,0.09,6,0
35000,5200,9.88,0.15,6,0
35000,3200,11.26,0.09,6,0
35496,3200,7.88,0.09,6,0
36000,3200,7.88,0.09,10,0
38000,3200,12.42,0.08,5,0
38000,3200,9.63,0.08,6,0
35000,12000,13.11,0.34,7,0
33000,3200,14.42,0.1,6,1
34000,3200,9.99,0.09,7,1
40800,3200,12.61,0.08,8,0
42000,3200,15.62,0.08,5,0
43000,3200,11.48,0.07,9,0
43000,3200,8.0,0.07,5,0
47515,3200,15.7,0.07,7,0
35000,15000,12.53,0.43,5,0
42000,3200,16.32,0.08,8,1
50004,3200,11.49,0.06,7,0
53500,3200,6.76,0.06,5,0
54000,3200,12.69,0.06,10,0
35000,15000,13.92,0.43,8,0
54000,3200,9.88,0.06,7,0
55000,3200,12.98,0.06,7,0
51500,3200,14.96,0.06,7,1
35000,12000,9.63,0.34,8,0
57504,3200,7.68,0.06,9,0
63996,3200,10.74,0.05,9,0
35000,9600,13.16,0.27,8,0
71000,3200,14.61,0.05,5,1
35000,3600,8.0,0.1,9,0
95000,3200,7.51,0.03,5,0
110000,3200,7.49,0.03,8,0
35000,7500,11.34,0.21,9,0
110000,3200,11.48,0.03,9,0
10000,3250,7.88,0.33,10,1
35000,7000,8.0,0.2,7,0
12240,3250,10.36,0.27,9,1
18996,3250,16.32,0.17,7,1
23000,3250,14.11,0.14,7,0
35004,9500,11.99,0.27,8,0
26400,3250,14.35,0.12,9,1
26400,3250,13.48,0.12,8,0
35004,4000,11.49,0.11,10,0
35004,16000,13.23,0.46,9,0
18000,3300,11.97,0.18,8,1
19000,3300,13.85,0.17,6,1
37500,3300,10.37,0.09,8,0
44760,3300,11.71,0.07,8,0
75000,3300,11.71,0.04,9,0
69000,3325,16.32,0.05,7,1
30000,3350,10.99,0.11,10,0
47756,3350,13.98,0.07,5,0
35088,12000,8.94,0.34,8,0
35100,10000,15.95,0.28,5,0
35100,9000,13.47,0.26,10,0
35184,5000,10.74,0.14,7,0
37500,3400,9.88,0.09,9,0
44000,3400,13.49,0.08,8,0
48000,3400,13.06,0.07,9,0
76000,3400,8.49,0.04,5,0
35352,9000,6.03,0.25,9,0
35360,6350,7.51,0.18,5,0
35000,3425,13.43,0.1,7,0
35376,1500,8.49,0.04,10,0
35380,2050,15.96,0.06,8,0
17004,3500,7.68,0.21,8,1
19200,3500,9.32,0.18,6,1
35496,5500,11.49,0.15,5,0
20004,3500,6.39,0.17,5,0
35500,9600,5.42,0.27,8,0
35500,4000,7.88,0.11,6,0
35568,3975,10.99,0.11,7,0
22608,3500,14.22,0.15,9,0
22800,3500,13.99,0.15,10,1
24000,3500,12.99,0.15,6,0
24000,3500,6.17,0.15,6,0
24000,3500,11.86,0.15,10,0
24000,3500,14.72,0.15,6,1
25000,3500,11.11,0.14,5,0
25000,3500,7.14,0.14,10,0
36000,13500,9.91,0.38,5,0
27048,3500,11.99,0.13,7,0
30000,3500,11.71,0.12,10,1
36000,7000,10.65,0.19,5,0
36000,2400,10.65,0.07,10,0
30000,3500,11.86,0.12,8,0
30720,3500,5.99,0.11,8,0
31400,3500,11.71,0.11,8,0
31500,3500,11.49,0.11,6,0
34000,3500,12.69,0.1,8,0
30000,1100,14.65,0.04,10,1
36000,5000,10.65,0.14,9,0
36000,15000,6.62,0.42,9,0
35000,3500,8.59,0.1,6,0
36000,6250,12.69,0.17,6,0
36000,3500,12.53,0.1,10,0
36000,4800,7.51,0.13,5,0
40800,3500,11.97,0.09,9,0
42000,3500,14.35,0.08,7,0
42756,3500,7.74,0.08,8,0
44000,3500,12.98,0.08,10,0
46344,3500,11.36,0.08,5,0
48000,3500,15.21,0.07,10,0
48000,3500,11.86,0.07,10,0
30000,4400,11.99,0.15,5,1
42000,3500,12.67,0.08,5,1
36000,1200,5.42,0.03,8,0
36000,4800,8.49,0.13,8,0
36000,2600,7.49,0.07,8,0
36000,5000,8.49,0.14,8,0
36000,4000,11.49,0.11,9,0
53000,3500,11.49,0.07,6,0
36000,3925,9.99,0.11,5,0
36000,2500,15.99,0.07,8,0
36000,2500,10.99,0.07,7,0
36000,1925,15.23,0.05,8,0
54263,3500,11.66,0.06,5,0
49000,3500,10.65,0.07,6,1
56000,3500,10.37,0.06,7,0
36000,1000,10.59,0.03,9,0
60000,3500,9.32,0.06,7,0
36000,1600,10.59,0.04,7,0
62400,3500,10.99,0.06,5,0
63504,3500,10.0,0.06,10,0
63945,3500,7.9,0.05,5,0
65000,3500,13.49,0.05,9,0
36000,6000,6.99,0.17,9,0
65000,3500,7.37,0.05,9,0
66504,3500,11.99,0.05,8,0
67500,3500,10.62,0.05,9,0
68000,3500,13.22,0.05,5,0
30000,5350,13.06,0.18,6,1
69996,3500,6.62,0.05,9,0
70000,3500,18.39,0.05,8,0
36000,6625,16.4,0.18,5,0
79500,3500,13.49,0.04,6,0
80000,3500,12.99,0.04,7,0
36000,1750,11.11,0.05,8,0
38400,3550,11.49,0.09,7,0
14400,3600,7.9,0.25,6,1
14500,3600,13.61,0.25,7,1
18000,3600,15.27,0.2,6,1
36000,6000,7.29,0.17,10,0
20000,3600,9.25,0.18,7,0
36000,13500,10.0,0.38,7,0
21112,3600,15.99,0.17,10,1
25000,3600,8.94,0.14,8,0
25000,3600,13.16,0.14,9,0
28000,3600,16.49,0.13,7,1
30000,3600,6.92,0.12,6,1
30000,9000,10.36,0.3,10,1
30000,3600,14.11,0.12,9,1
36000,1800,12.61,0.05,10,0
36000,5000,8.88,0.14,5,0
30000,3600,10.28,0.12,10,0
36000,5500,10.36,0.15,5,0
36000,15250,12.98,0.42,10,0
36000,4000,6.91,0.11,8,0
31200,3600,6.39,0.12,7,0
36000,7000,12.98,0.19,7,0
35000,3600,8.94,0.1,10,0
35004,3600,12.73,0.1,6,0
36000,1050,14.72,0.03,5,0
36000,3600,13.49,0.1,7,0
36000,3000,6.39,0.08,10,0
36000,5000,11.12,0.14,6,0
37000,3600,14.11,0.1,7,0
38700,3600,11.12,0.09,7,0
39500,3600,11.99,0.09,9,0
33996,3600,16.32,0.11,5,1
36000,6000,15.21,0.17,7,0
36000,10000,7.88,0.28,6,0
40000,3600,12.23,0.09,7,0
36000,5300,7.14,0.15,6,0
40000,3600,8.59,0.09,8,0
40050,3600,14.84,0.09,7,0
42000,3600,12.68,0.09,5,0
36000,5000,13.85,0.14,5,0
37500,11000,8.49,0.29,5,0
38126,11000,7.51,0.29,8,0
38400,11000,7.49,0.29,7,0
36000,7800,7.14,0.22,10,0
42000,11000,10.36,0.26,10,0
42000,11000,10.38,0.26,10,0
42000,11000,12.53,0.26,9,0
36000,6000,10.25,0.17,10,0
36000,14400,10.62,0.4,9,0
44000,11000,7.29,0.25,6,0
36000,8000,12.53,0.22,10,0
44000,11000,13.79,0.25,6,0
36000,11500,13.57,0.32,8,0
36000,10000,7.74,0.28,7,0
45000,11000,11.99,0.24,7,0
39000,11000,16.07,0.28,9,1
46992,11000,11.14,0.23,9,0
41000,11000,15.33,0.27,7,1
41500,11000,15.33,0.27,5,1
47900,11000,7.51,0.23,10,0
36000,15000,11.83,0.42,5,0
51000,11000,9.63,0.22,7,0
51250,11000,7.29,0.21,5,0
45996,11000,14.74,0.24,7,1
52000,11000,11.34,0.21,9,0
53000,11000,6.62,0.21,9,0
36000,2500,9.63,0.07,7,0
36000,12000,16.0,0.33,10,0
36000,1400,15.37,0.04,9,0
55000,11000,7.49,0.2,5,0
52000,11000,15.62,0.21,10,1
60000,11000,10.71,0.18,7,0
36000,2400,10.71,0.07,7,0
65867,11000,9.32,0.17,10,0
68000,11000,11.49,0.16,5,0
69000,11000,14.61,0.16,5,0
69996,11000,13.79,0.16,8,0
64000,11000,15.68,0.17,5,1
75000,11000,7.51,0.15,9,0
36100,14000,14.27,0.39,5,0
65025,11000,16.35,0.14,8,1
83604,11000,9.76,0.13,7,0
36120,2000,15.58,0.06,5,0
90000,11000,11.99,0.12,10,0
93000,11000,12.53,0.12,10,0
94527,11000,7.49,0.12,9,0
36153,3000,11.86,0.08,8,0
85500,11000,15.99,0.13,6,1
138000,11000,7.49,0.08,10,0
36400,8000,14.46,0.22,9,0
32000,10800,13.57,0.34,6,1
29000,10800,9.63,0.37,10,1
33288,10800,12.09,0.32,6,1
40000,10800,13.57,0.27,7,1
36500,3200,7.37,0.09,6,0
42000,10800,16.29,0.26,7,1
30500,10000,9.33,0.33,6,1
48000,10800,10.99,0.23,7,0
36538,2500,6.62,0.07,7,0
36600,5000,5.42,0.14,5,0
50000,10800,13.49,0.22,5,0
52000,10800,14.27,0.21,5,0
52300,10800,7.88,0.21,8,0
48000,10800,15.99,0.23,8,1
55596,10800,9.91,0.19,8,0
36789,5500,13.57,0.15,8,0
69996,10800,14.91,0.15,10,0
36900,1600,9.62,0.04,8,0
36960,15000,13.61,0.41,10,0
82600,10800,9.76,0.13,8,0
36996,8800,11.48,0.24,6,0
24960,10750,10.25,0.43,10,1
24996,10750,12.53,0.43,8,1
28800,10750,7.51,0.37,10,1
37000,4650,6.62,0.13,8,0
55000,10725,13.16,0.2,6,0
37000,5000,7.9,0.14,10,0
31000,3000,7.51,0.1,7,1
37000,5000,9.91,0.14,6,0
26500,10625,14.27,0.4,9,1
37000,8000,10.99,0.22,10,0
27900,10625,7.9,0.38,5,1
37000,3000,11.49,0.08,7,0
37000,10000,7.49,0.27,6,0
37000,4400,10.99,0.12,5,0
31000,8875,11.99,0.29,7,1
33000,10625,6.62,0.32,5,1
37000,1000,10.99,0.03,6,0
34000,10625,14.79,0.31,6,1
35000,10625,7.9,0.3,8,0
31000,13000,10.74,0.42,6,1
37000,2800,7.66,0.08,5,0
35000,10600,15.96,0.3,10,0
65600,10600,12.99,0.16,7,0
49668,10525,7.9,0.21,6,0
37000,4800,10.36,0.13,7,0
37000,13000,10.36,0.35,7,0
31000,5000,14.46,0.16,5,1
37000,12000,11.86,0.32,9,0
31000,13000,7.88,0.42,8,1
38000,10500,13.49,0.28,5,0
38400,10500,11.99,0.27,8,0
40000,10500,14.27,0.26,10,0
50000,10500,6.17,0.21,8,0
44000,10500,15.58,0.24,10,1
53796,10500,11.14,0.2,6,0
60000,10500,15.27,0.17,6,0
62100,10500,11.26,0.17,5,0
66000,10500,12.69,0.16,10,0
75000,10500,9.63,0.14,10,0
75600,10500,12.69,0.14,5,0
55500,10450,7.51,0.19,10,0
30456,10400,6.91,0.34,6,1
31400,10400,10.71,0.33,7,1
32004,10400,15.27,0.32,9,1
39000,10400,10.37,0.27,10,0
31000,12000,14.42,0.39,5,1
45000,10400,14.65,0.23,9,0
37017,9000,6.54,0.24,7,0
51600,10400,18.25,0.2,6,1
62000,10400,13.49,0.17,10,0
31100,3000,16.82,0.1,5,1
65000,10400,5.42,0.16,8,0
80400,10400,11.86,0.13,6,0
35000,10375,14.27,0.3,5,0
32400,10275,6.62,0.32,8,1
37200,6600,13.49,0.18,9,0
37200,3000,6.92,0.08,5,0
75000,10250,12.23,0.14,10,0
30000,10200,17.99,0.34,10,1
45000,3600,16.29,0.08,7,0
45000,3600,12.42,0.08,8,0
37290,5500,5.42,0.15,5,0
48000,3600,11.99,0.07,10,0
48000,3600,6.92,0.07,5,0
37400,10750,15.95,0.29,5,0
50000,3600,15.27,0.07,10,0
50000,3600,11.99,0.07,7,0
50000,3600,13.8,0.07,5,0
52000,3600,11.71,0.07,8,0
53000,3600,9.25,0.07,5,0
54996,3600,9.63,0.07,5,0
55000,3600,6.99,0.07,6,0
55000,3600,7.51,0.07,7,0
49000,3600,13.98,0.07,9,1
60000,3600,9.63,0.06,5,0
60000,3600,8.59,0.06,9,0
60000,3600,12.21,0.06,10,0
37500,6500,15.33,0.17,7,0
69000,3600,13.99,0.05,10,0
64000,3600,7.49,0.06,5,1
70000,3600,14.79,0.05,10,0
74400,3600,15.27,0.05,9,0
37620,4000,11.71,0.11,8,0
82300,3600,9.63,0.04,8,0
31732,8000,13.92,0.25,5,1
85000,3600,7.51,0.04,6,0
62050,3600,15.95,0.05,9,1
90000,3600,14.91,0.04,6,0
82438,3600,10.99,0.04,9,1
106000,3600,14.27,0.03,5,0
110000,3600,10.71,0.03,8,0
160000,3600,15.23,0.02,7,0
20000,3625,6.99,0.18,9,0
54000,3625,7.9,0.07,6,0
65000,3625,6.03,0.06,8,0
110000,3650,9.63,0.03,6,0
19200,3675,8.49,0.19,7,1
25000,3700,9.91,0.15,6,0
25200,3700,9.62,0.15,8,0
29000,3700,9.91,0.13,7,1
40000,3700,15.96,0.09,8,0
38000,14000,9.91,0.37,5,0
38000,6000,6.62,0.16,5,0
38000,12775,9.91,0.34,5,0
94000,3700,7.9,0.04,9,0
25200,3750,12.99,0.15,6,0
50000,3775,6.17,0.08,8,0
13200,3800,7.29,0.29,9,1
38000,5000,6.62,0.13,7,0
38000,4000,14.65,0.11,9,0
38000,6425,5.42,0.17,8,0
68000,3800,16.89,0.06,8,0
38000,9600,7.49,0.25,9,0
38000,6500,5.42,0.17,6,0
38000,10400,11.49,0.27,10,0
29950,3825,14.27,0.13,8,0
38000,8000,13.49,0.21,6,0
38000,10000,10.99,0.26,10,0
49000,3850,9.62,0.08,6,0
20292,3900,12.53,0.19,9,0
20400,3900,14.79,0.19,6,0
38000,10000,10.37,0.26,6,0
30000,3900,11.99,0.13,8,0
38000,2400,10.37,0.06,5,0
55000,3900,11.99,0.07,10,0
27000,3975,12.17,0.15,5,1
12000,4000,14.22,0.33,7,1
32000,4500,9.99,0.14,8,1
38000,6000,15.21,0.16,9,0
38000,13750,15.21,0.36,5,0
14400,4000,13.11,0.28,8,1
15000,4000,11.49,0.27,6,1
38000,8400,7.51,0.22,7,0
38000,3600,7.14,0.09,9,0
15000,4000,13.67,0.27,7,1
38000,2000,11.36,0.05,8,0
16500,4000,14.22,0.24,7,1
17000,4000,14.59,0.24,9,1
17000,4000,14.42,0.24,8,1
38000,15000,10.99,0.39,5,0
32000,10750,14.96,0.34,5,1
18000,4000,15.2,0.22,10,1
18000,4000,11.12,0.22,8,1
18000,4000,12.84,0.22,5,1
38000,8000,8.59,0.21,6,0
38000,2500,13.22,0.07,6,0
19200,4000,12.69,0.21,8,1
38000,10000,8.94,0.26,6,0
19200,4000,10.37,0.21,6,1
38000,14500,12.84,0.38,6,0
19820,4000,11.12,0.2,10,1
19968,4000,16.45,0.2,9,1
20000,4000,10.65,0.2,8,0
20000,4000,10.99,0.2,9,0
32000,7500,11.59,0.23,9,1
20000,4000,14.59,0.2,9,0
20000,4000,13.11,0.2,6,1
38000,5000,9.76,0.13,5,0
20000,4000,13.47,0.2,8,0
21000,4000,11.49,0.19,9,0
21000,4000,5.79,0.19,10,0
21300,4000,12.87,0.19,7,0
21600,4000,8.07,0.19,10,0
21864,4000,12.42,0.18,7,0
22000,4000,6.39,0.18,10,0
23000,4000,14.22,0.17,6,0
23400,4000,7.49,0.17,6,0
24000,4000,6.76,0.17,9,0
38004,6500,13.79,0.17,8,0
24000,4000,13.48,0.17,6,0
24000,4000,12.87,0.17,10,0
38100,8400,8.38,0.22,9,0
24960,4000,5.42,0.16,6,0
38196,10750,10.75,0.28,10,0
26000,4000,10.25,0.15,10,0
32304,1200,6.76,0.04,9,1
26004,4000,10.0,0.15,7,1
38400,10000,9.91,0.26,7,0
26568,4000,16.0,0.15,8,1
38400,14000,14.27,0.36,8,0
27500,4000,10.62,0.15,7,1
27600,4000,15.23,0.14,8,0
27996,4000,6.92,0.14,7,0
38400,16450,10.65,0.43,8,0
28550,4000,10.59,0.14,10,0
28800,4000,9.88,0.14,5,0
28800,4000,13.92,0.14,10,1
38400,2400,9.99,0.06,7,0
29120,4000,10.75,0.14,5,0
30000,4000,12.69,0.13,7,1
30000,4000,7.51,0.13,7,0
30000,4000,13.99,0.13,6,0
30000,4000,9.63,0.13,6,0
38400,15000,12.68,0.39,5,0
38400,9500,10.36,0.25,6,0
38400,6500,9.25,0.17,10,0
38400,8000,15.58,0.21,7,0
30000,4000,10.39,0.13,9,0
30996,4000,10.65,0.13,5,0
31000,4000,10.74,0.13,7,0
31150,4000,11.49,0.13,7,0
38400,16750,7.88,0.44,5,0
32004,4000,11.49,0.12,9,0
32004,4000,8.32,0.12,7,0
32160,4000,15.99,0.12,9,1
33000,4000,5.99,0.12,8,0
33000,4000,6.76,0.12,9,0
33280,4000,13.79,0.12,9,0
33600,4000,11.49,0.12,5,0
34000,4000,17.19,0.12,9,1
34000,4000,7.74,0.12,10,0
34000,4000,10.95,0.12,10,0
34200,4000,13.48,0.12,9,0
34400,4000,10.25,0.12,9,0
38600,1600,12.84,0.04,7,0
35000,4000,10.65,0.11,5,0
35000,4000,15.23,0.11,9,0
35000,4000,5.99,0.11,6,0
38769,2400,8.9,0.06,6,0
35000,4000,13.35,0.11,8,0
35000,4000,7.88,0.11,5,0
29004,4000,16.45,0.14,10,1
35004,4000,12.53,0.11,5,0
38970,5750,12.68,0.15,7,0
39000,10000,12.42,0.26,7,0
35600,4000,7.49,0.11,6,0
35600,4000,13.61,0.11,5,0
36000,4000,12.42,0.11,10,0
33000,4000,7.9,0.12,8,1
33000,5600,11.71,0.17,6,1
36000,4000,13.8,0.11,9,0
36000,4000,13.61,0.11,10,0
39000,6400,10.99,0.16,10,0
39000,15000,10.99,0.38,9,0
37400,4000,10.38,0.11,7,0
38196,4000,10.0,0.1,5,0
39000,16000,5.99,0.41,8,0
39000,4000,15.96,0.1,9,0
39000,4000,10.74,0.1,9,0
33000,4000,16.32,0.12,10,1
33456,4000,16.45,0.12,5,1
39996,4000,12.99,0.1,9,0
39000,16700,7.51,0.43,8,0
33996,4000,13.47,0.12,7,1
34000,4000,13.49,0.12,5,1
40000,4000,13.49,0.1,8,0
40000,4000,9.99,0.1,7,0
40000,4000,7.88,0.1,10,0
40000,4000,12.53,0.1,10,0
40000,4000,13.79,0.1,6,0
39000,6900,12.87,0.18,9,0
34800,4000,14.54,0.11,7,1
41000,4000,10.99,0.1,8,0
41000,4000,10.0,0.1,10,0
39000,7100,8.32,0.18,5,0
33000,9000,12.49,0.27,8,1
42000,4000,11.12,0.1,5,0
42000,4000,6.39,0.1,9,0
42000,4000,7.88,0.1,6,0
43000,4000,16.29,0.09,9,0
39432,8000,11.86,0.2,6,0
39480,7200,13.79,0.18,8,0
37200,4000,17.27,0.11,9,1
45576,4000,10.99,0.09,9,0
39600,4000,12.61,0.1,10,1
39500,11000,7.14,0.28,8,0
46000,4000,9.99,0.09,9,0
41000,4000,18.64,0.1,8,1
39500,5000,7.74,0.13,8,0
39504,3000,7.37,0.08,5,0
39552,12375,10.37,0.31,9,0
48000,4000,14.65,0.08,5,0
39600,5600,10.65,0.14,8,0
48000,4000,9.62,0.08,10,0
48000,4000,14.35,0.08,8,0
39600,2400,6.03,0.06,9,0
39600,1500,15.99,0.04,8,0
39600,6000,5.99,0.15,5,0
48000,4000,13.85,0.08,6,0
39600,9900,6.54,0.25,5,0
39600,3000,10.38,0.08,10,0
48000,4000,8.0,0.08,9,0
42804,4000,12.73,0.09,7,1
48996,4000,9.32,0.08,9,0
49000,4000,10.59,0.08,8,0
39600,4800,6.76,0.12,9,0
50000,4000,6.62,0.08,8,0
39600,5000,12.53,0.13,6,0
39600,3000,7.68,0.08,7,0
50000,4000,10.59,0.08,10,0
39750,1425,10.37,0.04,5,0
50000,4000,13.22,0.08,5,0
44000,4000,12.36,0.09,8,1
39960,11000,16.49,0.28,6,0
39962,3200,9.7,0.08,7,0
52000,4000,7.49,0.08,5,0
52000,4000,10.75,0.08,8,0
52600,4000,17.39,0.08,7,0
47000,4000,15.33,0.09,10,1
48000,4000,6.03,0.08,6,1
54000,4000,10.74,0.07,5,0
54000,4000,12.61,0.07,6,0
48996,4000,14.61,0.08,6,1
55200,4000,10.59,0.07,10,0
55200,4000,6.76,0.07,10,0
39996,10000,10.75,0.25,8,0
39996,4000,14.35,0.1,9,0
56000,4000,5.79,0.07,9,0
56800,4000,7.88,0.07,9,0
39996,10000,12.73,0.25,6,0
58000,4000,9.67,0.07,9,0
60000,4000,10.99,0.07,10,0
60000,4000,7.88,0.07,6,0
39996,9600,11.26,0.24,7,0
60000,4000,7.88,0.07,5,0
60000,4000,13.98,0.07,7,0
61500,4000,10.95,0.07,8,0
63000,4000,11.14,0.06,8,0
63500,4000,10.37,0.06,9,0
64200,4000,9.25,0.06,5,0
65000,4000,6.99,0.06,5,0
65000,4000,5.99,0.06,5,0
65000,4000,7.74,0.06,6,0
65000,4000,12.87,0.06,7,0
40000,19200,9.91,0.48,9,0
59000,4000,8.94,0.07,7,1
68000,4000,10.99,0.06,10,0
70000,4000,10.99,0.06,5,0
34000,10000,16.77,0.29,7,1
72000,4000,18.79,0.06,6,0
72000,4000,10.0,0.06,6,0
72000,4000,9.99,0.06,5,0
40000,14675,12.69,0.37,10,0
75000,4000,13.49,0.05,8,0
75000,4000,8.49,0.05,6,0
75000,4000,12.68,0.05,5,0
40000,8600,10.65,0.21,6,0
75250,4000,12.99,0.05,7,0
78000,4000,7.14,0.05,7,0
78000,4000,9.88,0.05,6,0
80000,4000,12.69,0.05,8,0
34000,8000,12.69,0.24,9,1
34000,10200,17.27,0.3,5,1
82350,4000,9.91,0.05,9,0
84996,4000,8.59,0.05,6,0
86095,4000,13.99,0.05,8,0
34000,8875,10.65,0.26,9,1
90000,4000,13.49,0.04,8,0
40000,4625,12.42,0.12,5,0
91000,4000,7.66,0.04,6,0
95000,4000,7.49,0.04,8,0
96000,4000,10.75,0.04,5,0
40000,14000,6.03,0.35,7,0
79050,4000,14.46,0.04,9,1
40000,3000,11.71,0.07,7,0
107000,4000,13.98,0.04,7,0
96000,4000,17.93,0.04,9,1
98000,4000,7.51,0.04,7,1
110000,4000,12.18,0.04,9,0
115000,4000,12.69,0.03,10,0
125000,4000,13.35,0.03,5,0
135000,4000,12.42,0.03,5,0
138000,4000,11.71,0.03,10,1
40000,10625,6.62,0.27,5,0
21000,4200,15.21,0.2,10,1
28800,4200,7.51,0.15,5,0
20000,4350,16.29,0.22,7,1
40000,2400,13.49,0.06,10,0
78000,4350,15.27,0.06,6,1
42500,4375,12.23,0.1,5,0
96000,4375,8.88,0.05,7,0
20064,4400,13.92,0.22,7,0
24000,4400,15.62,0.18,8,1
40000,15000,5.99,0.38,9,0
30000,4400,15.62,0.15,8,0
40000,9600,8.49,0.24,10,0
30000,4400,11.49,0.15,6,0
37440,4400,11.71,0.12,10,0
40000,1400,5.99,0.04,9,0
54000,4425,17.49,0.08,9,0
40000,11200,5.42,0.28,9,0
40000,5000,6.99,0.13,9,0
40000,9000,10.59,0.23,7,0
40000,3600,6.99,0.09,10,0
43680,4475,15.27,0.1,8,0
40000,4200,5.99,0.1,5,0
40000,3200,5.42,0.08,8,0
34000,7500,5.99,0.22,7,1
40000,16000,5.99,0.4,10,0
40000,6000,12.68,0.15,9,0
40000,10000,7.29,0.25,10,0
19600,4500,10.59,0.23,9,1
40000,2000,10.74,0.05,6,0
40000,8000,7.66,0.2,6,0
40000,6000,7.29,0.15,7,0
40000,4000,5.79,0.1,5,0
27000,4500,13.11,0.17,5,0
28800,4500,7.88,0.16,5,0
29496,4500,14.11,0.15,7,0
30000,4500,14.65,0.15,9,0
30000,4500,13.92,0.15,8,0
30555,4500,13.22,0.15,10,0
32000,4500,6.62,0.14,6,0
32000,4500,11.14,0.14,9,1
32640,4500,7.14,0.14,8,0
35000,4500,7.66,0.13,7,0
36000,4500,13.49,0.13,6,0
36000,4500,9.99,0.13,10,0
36000,4500,7.49,0.13,5,0
37000,4500,11.11,0.12,6,0
40000,11000,9.99,0.28,8,0
34000,3700,6.91,0.11,8,1
39000,4500,9.91,0.12,7,0
39000,4500,6.62,0.12,6,0
39600,4500,10.25,0.11,10,0
40000,4500,14.26,0.11,6,0
40000,14000,6.91,0.35,8,0
40000,5000,5.42,0.13,10,0
34000,2500,12.23,0.07,9,1
39000,4500,13.49,0.12,9,1
47000,4500,11.03,0.1,7,0
47360,4500,15.58,0.1,5,0
47400,4500,10.36,0.09,5,0
48000,4500,11.71,0.09,7,0
34000,3500,15.58,0.1,6,1
43200,4500,16.07,0.1,5,1
50000,4500,9.99,0.09,5,0
50000,4500,13.11,0.09,7,0
44400,4500,16.02,0.1,9,1
45000,4500,16.95,0.1,10,1
51372,4500,6.39,0.09,7,0
52000,4500,9.91,0.09,10,0
40000,8000,14.72,0.2,9,0
49000,4500,14.27,0.09,10,1
49362,4500,12.61,0.09,6,1
58000,4500,14.72,0.08,5,0
60000,4500,12.69,0.07,7,0
40000,4000,14.35,0.1,6,0
60000,4500,14.22,0.07,8,0
61828,4500,18.39,0.07,8,0
70000,4500,6.62,0.06,9,0
70000,4500,5.42,0.06,9,0
74100,4500,13.61,0.06,6,0
91500,4500,10.65,0.05,5,0
40000,5000,7.51,0.13,8,0
40000,13000,7.88,0.33,7,0
17000,4575,11.48,0.27,7,1
40000,6400,7.51,0.16,6,0
40000,8000,11.36,0.2,10,0
48000,4600,11.86,0.1,8,0
50000,4600,11.49,0.09,7,0
58000,4600,13.99,0.08,8,0
40000,4200,6.76,0.1,7,0
60000,4600,7.88,0.08,6,0
150000,4600,9.62,0.03,6,0
37000,4650,13.49,0.13,7,1
50000,4675,10.0,0.09,7,0
65000,4700,9.45,0.07,7,0
86000,4700,9.63,0.05,7,0
40000,15000,15.31,0.38,10,0
14000,4750,10.0,0.34,9,1
14400,4750,14.59,0.33,8,1
17000,4750,9.32,0.28,6,1
19200,4750,11.83,0.25,10,1
20000,4750,10.37,0.24,8,0
27840,4750,13.57,0.17,5,0
40000,5000,8.59,0.13,7,0
31000,4750,14.84,0.15,9,1
39996,4750,9.25,0.12,10,0
60000,4750,5.99,0.08,5,0
60000,4750,9.99,0.08,7,0
14076,4800,6.76,0.34,8,1
14400,4800,14.65,0.33,9,1
14400,4800,10.62,0.33,7,1
40000,1400,14.26,0.04,5,0
34000,6000,14.96,0.18,6,1
15000,4800,10.99,0.32,8,1
40000,8000,8.59,0.2,10,0
40000,3500,9.63,0.09,9,0
22000,4800,10.65,0.22,10,0
40000,7200,9.32,0.18,8,0
40000,6600,8.0,0.17,10,0
40000,10000,9.32,0.25,8,0
34000,6000,14.11,0.18,9,1
22884,4800,10.38,0.21,7,0
40000,6000,12.21,0.15,10,0
40000,9000,13.16,0.23,5,0
25000,4800,11.54,0.19,10,0
27180,4800,7.14,0.18,10,0
27996,4800,9.63,0.17,8,0
40000,10000,11.26,0.25,6,0
40000,10000,8.0,0.25,10,0
29004,4800,15.23,0.17,7,0
30000,4800,12.42,0.16,8,0
30000,4800,14.84,0.16,8,1
30000,4800,13.47,0.16,8,0
31000,4800,13.43,0.15,5,0
40000,7200,10.71,0.18,5,0
40000,12650,11.34,0.32,9,0
33600,4800,5.79,0.14,9,0
33763,4800,7.14,0.14,5,0
34000,4800,11.49,0.14,7,0
29000,4800,16.29,0.17,7,1
40056,16750,9.88,0.42,6,0
35000,4800,13.49,0.14,5,0
35000,4800,9.99,0.14,8,0
40200,1900,5.99,0.05,10,0
36000,4800,12.61,0.13,9,0
34300,6125,16.89,0.18,10,1
36400,4800,14.11,0.13,6,0
32400,4800,9.99,0.15,6,1
32900,4800,13.23,0.15,9,1
40000,4800,11.71,0.12,8,0
40000,4800,12.68,0.12,5,0
40500,12000,12.23,0.3,5,0
42000,4800,12.42,0.11,9,0
44000,4800,7.51,0.11,10,0
38100,4800,9.63,0.13,10,1
40500,6000,8.38,0.15,8,0
40560,3000,7.29,0.07,8,0
40704,10000,9.63,0.25,7,0
40740,6400,8.49,0.16,6,0
45000,4800,10.59,0.11,8,0
40777,8000,14.91,0.2,8,0
40800,8000,12.69,0.2,6,0
45000,4800,10.37,0.11,6,0
40800,6700,6.99,0.16,8,0
40800,6000,11.49,0.15,10,0
40800,15000,7.51,0.37,5,0
40800,3200,14.22,0.08,10,0
40800,5000,6.76,0.12,10,0
40800,2000,7.74,0.05,8,0
49000,4800,13.79,0.1,9,0
49200,4800,14.65,0.1,7,0
50000,4800,10.37,0.1,10,0
51000,4800,12.69,0.09,10,0
34999,6250,15.95,0.18,9,1
54000,4800,12.99,0.09,10,0
54000,4800,13.23,0.09,8,0
54996,4800,6.03,0.09,8,0
49000,4800,15.99,0.1,5,1
56000,4800,13.92,0.09,9,0
56048,4800,6.39,0.09,6,0
57408,4800,11.99,0.08,6,0
60000,4800,13.35,0.08,9,0
61000,4800,14.79,0.08,10,0
56000,4800,16.45,0.09,7,1
57996,4800,15.58,0.08,9,1
41000,5000,11.99,0.12,5,0
59004,4800,11.49,0.08,7,1
66000,4800,13.57,0.07,7,0
66560,4800,10.36,0.07,5,0
35000,6000,16.69,0.17,8,1
41000,6000,5.79,0.15,8,0
68004,4800,12.21,0.07,5,0
69000,4800,11.11,0.07,10,0
41000,10000,12.73,0.24,10,0
77000,4800,7.14,0.06,7,0
80000,4800,7.49,0.06,9,0
96900,4800,5.42,0.05,10,0
41000,10000,8.59,0.24,8,0
118000,4800,8.9,0.04,6,0
120000,4800,7.4,0.04,8,0
41000,8000,15.05,0.2,9,0
41000,8000,10.83,0.2,6,0
64052,4875,10.74,0.08,9,0
41000,18000,9.01,0.44,7,0
23350,4900,7.88,0.21,6,0
41004,16000,11.78,0.39,5,0
96000,10000,7.88,0.1,10,0
35050,8000,8.32,0.23,6,1
96500,10000,8.88,0.1,8,0
41196,3300,12.99,0.08,7,0
98004,10000,6.54,0.1,10,0
41235,3000,7.14,0.07,9,0
88000,10000,10.65,0.11,9,1
100000,10000,8.49,0.1,5,0
100000,10000,9.99,0.1,8,0
100000,10000,7.51,0.1,7,0
41400,10500,6.62,0.25,9,0
100000,10000,9.63,0.1,9,0
102000,10000,6.03,0.1,8,0
41464,3500,8.32,0.08,9,0
35496,2800,14.17,0.08,7,1
76500,10000,13.24,0.11,9,1
41500,4500,7.49,0.11,5,0
103000,10000,8.59,0.1,10,0
103241,10000,9.88,0.1,8,0
108000,10000,10.65,0.09,5,0
110000,10000,15.99,0.09,9,0
110000,10000,7.66,0.09,9,0
41600,13200,11.71,0.32,7,0
110000,10000,13.22,0.09,5,0
110000,10000,13.57,0.09,10,0
110000,10000,9.32,0.09,6,0
41600,17500,6.17,0.42,6,0
41600,4500,6.76,0.11,9,0
41600,13000,11.58,0.31,9,0
41604,15000,10.0,0.36,9,0
41700,7750,12.21,0.19,9,0
117000,10000,8.0,0.09,10,0
118000,10000,7.14,0.08,7,0
41916,7000,10.36,0.17,8,0
41979,8150,15.23,0.19,10,0
120000,10000,17.04,0.08,5,0
125000,10000,9.99,0.08,9,0
125000,10000,10.74,0.08,6,0
42000,5375,10.65,0.13,7,0
125000,10000,10.62,0.08,6,0
126000,10000,16.29,0.08,5,0
130000,10000,11.49,0.08,10,0
130000,10000,7.74,0.08,5,0
130000,10000,14.26,0.08,5,0
130000,10000,13.47,0.08,6,0
42000,8000,15.96,0.19,7,0
120600,10000,13.49,0.08,5,1
136000,10000,7.14,0.07,6,0
128000,10000,13.85,0.08,5,1
140900,10000,14.79,0.07,9,0
42000,13000,7.9,0.31,6,0
144000,10000,9.99,0.07,5,0
148000,10000,13.55,0.07,9,0
160000,10000,16.32,0.06,9,0
42000,10000,14.65,0.24,6,0
36000,12500,6.03,0.35,7,1
42000,10000,14.65,0.24,7,0
42000,1200,6.62,0.03,8,0
25404,9950,12.68,0.39,7,1
25200,4900,6.17,0.19,6,0
30000,4900,11.71,0.16,5,0
24000,9925,6.62,0.41,6,1
42000,5000,10.59,0.12,6,0
93500,9925,12.09,0.11,7,0
39000,9900,10.95,0.25,6,0
41303,9900,11.89,0.24,10,0
50000,9900,14.35,0.2,5,0
70000,9850,7.75,0.14,9,0
25000,9800,12.23,0.39,8,1
38400,9800,11.48,0.26,5,0
48000,9800,8.59,0.2,5,0
42000,9000,6.99,0.21,8,0
42000,4000,15.23,0.1,9,0
36000,16000,10.99,0.44,8,1
42000,6000,5.42,0.14,9,0
42000,3500,8.49,0.08,9,0
32400,4900,14.12,0.15,7,1
43000,4900,9.91,0.11,5,0
38000,4900,10.28,0.13,6,1
42100,4925,11.49,0.12,7,0
30000,4975,10.37,0.17,10,0
42000,8000,12.99,0.19,9,0
42000,9050,7.49,0.22,7,0
28000,5000,16.07,0.18,8,1
28140,5000,7.29,0.18,9,0
42000,2000,5.79,0.05,8,0
28800,5000,10.65,0.17,9,0
28800,5000,10.59,0.17,9,0
28800,5000,9.25,0.17,7,0
28800,5000,14.96,0.17,5,0
28968,5000,13.16,0.17,5,0
29000,5000,15.23,0.17,7,0
42000,10375,5.42,0.25,7,0
42000,1225,5.79,0.03,10,0
29152,5000,10.36,0.17,7,0
42000,5000,10.37,0.12,5,0
42000,9000,5.79,0.21,5,0
42000,7500,11.11,0.18,7,0
30000,5000,9.91,0.17,5,1
30000,5000,11.49,0.17,9,0
30000,5000,13.72,0.17,8,0
30000,5000,6.17,0.17,6,0
30000,5000,9.88,0.17,8,0
30000,5000,7.74,0.17,8,0
36000,8000,6.54,0.22,8,1
42000,12000,9.62,0.29,7,0
30000,5000,9.32,0.17,5,0
30240,5000,14.72,0.17,10,0
30796,5000,14.96,0.16,8,0
30960,5000,11.49,0.16,10,0
31000,5000,9.91,0.16,10,0
31000,5000,14.35,0.16,7,0
31100,5000,9.63,0.16,8,0
42000,7200,9.99,0.17,8,0
31577,5000,9.99,0.16,9,0
42000,11000,5.42,0.26,7,0
32000,5000,6.99,0.16,7,0
42000,8000,13.61,0.19,9,0
32400,5000,8.9,0.15,8,0
42000,2500,6.76,0.06,5,0
42000,6400,7.88,0.15,10,0
32760,5000,15.21,0.15,9,0
42000,10000,10.75,0.24,9,0
33000,5000,8.9,0.15,7,0
33000,5000,10.0,0.15,10,0
42000,8500,10.38,0.2,7,0
33000,5000,14.22,0.15,10,0
42000,2500,13.98,0.06,8,0
33600,5000,5.42,0.15,8,0
42000,4200,6.76,0.1,7,0
33600,5000,13.92,0.15,10,0
33600,5000,12.87,0.15,6,0
42000,7800,13.11,0.19,9,0
42000,3000,15.33,0.07,9,0
34000,5000,5.42,0.15,7,0
34152,5000,13.79,0.15,10,0
42000,8500,14.96,0.2,10,0
34868,5000,6.0,0.14,6,1
35000,5000,10.65,0.14,5,0
29000,5000,15.96,0.17,7,1
35000,5000,8.9,0.14,5,0
35000,5000,11.49,0.14,8,0
35004,5000,10.75,0.14,8,0
42000,10400,11.14,0.25,9,0
36000,15200,16.35,0.42,6,1
36000,5000,9.91,0.14,5,0
36000,5000,7.51,0.14,5,0
42000,9000,7.74,0.21,8,0
42000,2500,7.74,0.06,7,0
30000,5000,17.99,0.17,10,1
42000,8500,10.95,0.2,6,0
36000,5000,9.63,0.14,8,0
42000,15000,13.47,0.36,9,0
36000,5000,10.36,0.14,9,0
36000,5000,10.75,0.14,5,0
36000,5000,11.83,0.14,10,0
42000,20000,12.84,0.48,7,0
42000,6000,12.84,0.14,9,0
36933,5000,11.91,0.14,6,0
42000,1800,10.2,0.04,9,0
37000,5000,11.49,0.14,7,0
37000,5000,9.62,0.14,7,0
36000,6825,8.32,0.19,9,1
37300,5000,12.53,0.13,9,0
37500,5000,6.03,0.13,9,0
31513,5000,6.62,0.16,7,1
37992,5000,16.35,0.13,5,0
32000,5000,18.25,0.16,7,1
36082,5000,6.62,0.14,9,1
32000,5000,14.84,0.16,8,1
42108,2500,8.0,0.06,5,0
38000,5000,11.36,0.13,5,0
42162,2400,7.74,0.06,8,0
42200,13200,11.48,0.31,8,0
38004,5000,9.63,0.13,10,0
42240,12000,11.86,0.28,6,0
38250,5000,7.51,0.13,5,0
38300,5000,10.25,0.13,9,0
38400,5000,13.49,0.13,6,0
42300,2000,6.92,0.05,9,0
38400,5000,9.88,0.13,10,0
38500,5000,7.14,0.13,10,0
39000,5000,10.25,0.13,10,0
42500,8000,13.06,0.19,5,0
39516,5000,12.87,0.13,10,0
39996,5000,7.51,0.13,6,0
34000,5000,7.9,0.15,5,1
40000,5000,8.49,0.13,8,0
40000,5000,11.99,0.13,9,0
40000,5000,7.29,0.13,5,0
34000,5000,16.32,0.15,6,1
34000,5000,14.26,0.15,9,1
40000,5000,12.53,0.13,10,0
34000,5000,15.45,0.15,6,1
40000,5000,9.45,0.13,10,0
42994,7675,13.87,0.18,8,0
34040,5000,10.25,0.15,10,1
40752,5000,13.49,0.12,8,0
40800,5000,6.54,0.12,5,0
34900,5000,16.7,0.14,9,1
35000,5000,8.9,0.14,9,1
41000,5000,11.49,0.12,9,0
41004,5000,15.28,0.12,10,0
41600,5000,10.65,0.12,6,0
42000,5000,5.42,0.12,5,0
42000,5000,15.99,0.12,6,0
42000,5000,6.99,0.12,10,0
42000,5000,10.99,0.12,10,0
43000,15000,6.03,0.35,5,0
42000,5000,11.11,0.12,9,0
42000,5000,5.42,0.12,5,0
42000,5000,11.86,0.12,9,0
43000,5000,12.99,0.12,5,0
42000,5000,10.08,0.12,9,0
42016,5000,10.36,0.12,5,0
42072,5000,11.49,0.12,10,0
42100,5000,10.36,0.12,9,0
36500,5000,6.91,0.14,5,1
43000,17500,7.29,0.41,7,0
42996,5000,13.61,0.12,6,0
43000,5000,11.71,0.12,9,0
43000,5000,9.99,0.12,10,0
43000,5000,9.62,0.12,9,0
43000,13800,6.91,0.32,6,0
43000,10000,13.35,0.23,10,0
38000,5000,13.49,0.13,6,1
44000,5000,5.42,0.11,7,0
44908,5000,6.92,0.11,7,0
43000,15000,7.51,0.35,5,0
39000,5000,9.99,0.13,6,1
39000,5000,5.99,0.13,7,1
43000,12000,13.48,0.28,6,0
43000,11000,7.88,0.26,10,0
43000,12000,7.88,0.28,7,0
45000,5000,13.35,0.11,8,0
39000,5000,14.09,0.13,10,1
45000,5000,10.36,0.11,5,0
45000,5000,7.88,0.11,10,0
45000,5000,12.73,0.11,7,0
43000,8000,9.32,0.19,10,0
45360,5000,15.99,0.11,6,0
45500,5000,11.71,0.11,5,0
43000,10000,8.0,0.23,9,0
37000,6000,12.53,0.16,9,1
43200,3000,8.9,0.07,6,0
47000,5000,10.62,0.11,7,0
41000,5000,16.07,0.12,9,1
43200,4200,13.49,0.1,7,0
43200,5000,12.69,0.12,8,0
47000,5000,12.73,0.11,6,0
43200,5000,7.51,0.12,8,0
41998,5000,16.0,0.12,6,1
48000,5000,11.71,0.1,7,0
43200,15000,7.91,0.35,7,0
42000,5000,8.49,0.12,10,1
43200,4625,5.42,0.11,6,0
43200,2000,10.99,0.05,9,0
48000,5000,6.92,0.1,10,0
48000,5000,7.29,0.1,8,0
48000,5000,11.49,0.1,8,0
42000,5000,14.96,0.12,9,1
43200,12250,9.99,0.28,6,0
48000,5000,11.58,0.1,5,0
43200,5000,11.36,0.12,9,0
48000,5000,11.97,0.1,10,0
48504,5000,13.98,0.1,5,0
48879,5000,12.42,0.1,7,0
43344,10000,11.12,0.23,9,0
37400,12700,17.27,0.34,5,1
43495,10800,10.99,0.25,6,0
43500,4000,12.69,0.09,8,0
44000,5000,12.99,0.11,5,1
43500,11250,13.61,0.26,9,0
55000,9000,7.74,0.16,6,0
43680,7000,10.65,0.16,10,0
55070,9000,8.49,0.16,5,0
43680,10000,14.46,0.23,8,0
57057,9000,13.11,0.16,5,0
43800,4800,7.05,0.11,7,0
57500,9000,11.97,0.16,9,0
43900,14000,10.38,0.32,10,0
53321,9000,15.58,0.17,7,1
59520,9000,5.42,0.15,9,0
60000,9000,8.49,0.15,5,0
60000,9000,13.06,0.15,7,0
44000,16000,7.9,0.36,10,0
54000,9000,14.46,0.17,9,1
60000,9000,13.61,0.15,9,0
44000,8000,10.59,0.18,6,0
54000,9000,12.49,0.17,7,1
61000,9000,11.49,0.15,5,0
56000,9000,15.05,0.16,6,1
44000,3600,6.99,0.08,8,0
56004,9000,14.46,0.16,5,1
38000,10000,17.99,0.26,6,1
44000,5500,10.99,0.13,7,0
62201,9000,12.53,0.14,8,0
62532,9000,13.49,0.14,6,0
62839,9000,15.33,0.14,10,0
65000,9000,12.42,0.14,5,0
44000,10000,13.43,0.23,6,0
44000,7000,13.06,0.16,9,0
44000,6800,6.91,0.15,7,0
66000,9000,13.99,0.14,7,0
44000,2000,13.35,0.05,5,0
67092,9000,12.87,0.13,8,0
44000,15600,6.17,0.35,5,0
69996,9000,11.58,0.13,5,0
70000,9000,10.0,0.13,5,0
44000,7500,14.84,0.17,8,0
70176,9000,7.88,0.13,8,0
44000,5700,13.23,0.13,9,0
44000,6500,7.51,0.15,7,0
72000,9000,11.14,0.13,5,0
44000,6400,13.85,0.15,7,0
69000,9000,16.77,0.13,6,1
38000,14000,14.26,0.37,9,1
75000,9000,12.21,0.12,8,0
77800,9000,12.42,0.12,6,0
44000,11000,8.0,0.25,5,0
83200,9000,15.31,0.11,5,0
44000,7500,8.0,0.17,8,0
84000,9000,5.79,0.11,10,0
44000,17350,13.55,0.39,7,0
66725,9000,16.29,0.11,9,1
38004,12000,16.77,0.32,6,1
44004,9275,7.29,0.21,7,0
44004,10000,6.92,0.23,9,0
44004,6000,13.06,0.14,10,0
85000,9000,10.36,0.11,5,0
73004,9000,9.63,0.12,7,1
88000,9000,14.54,0.1,9,0
88000,9000,6.91,0.1,10,0
64698,9000,16.0,0.12,5,1
90000,9000,13.49,0.1,7,0
90000,9000,5.42,0.1,9,0
44200,11500,15.27,0.26,10,0
44300,4325,7.49,0.1,5,0
38300,6000,10.99,0.16,10,1
87550,9000,14.65,0.09,7,1
44400,6500,14.84,0.15,7,0
130000,9000,7.05,0.07,6,0
44400,21000,10.99,0.47,8,0
44447,6000,12.72,0.13,7,0
44449,21250,13.48,0.48,6,0
44460,9600,7.49,0.22,8,0
44500,15000,7.51,0.34,5,0
44500,6000,8.9,0.13,9,0
80000,8900,6.17,0.11,10,0
116400,8900,10.0,0.08,5,0
44500,10000,8.59,0.22,6,0
44500,6000,8.0,0.13,9,0
44500,20000,9.45,0.45,10,0
24000,8875,10.65,0.37,9,1
44630,10825,10.99,0.24,8,0
33000,8875,14.65,0.27,8,0
33000,8875,7.66,0.27,7,0
38000,8875,16.89,0.23,5,0
50000,8825,11.49,0.18,7,0
28114,8800,10.0,0.31,10,1
44894,3600,7.88,0.08,6,0
42000,8800,11.71,0.21,5,0
44928,1000,13.06,0.02,8,0
42000,8800,12.42,0.21,10,0
45996,8800,12.84,0.19,10,0
46000,8800,14.27,0.19,7,0
44991,5000,14.72,0.11,8,0
46296,8800,14.42,0.19,7,0
48000,8800,8.49,0.18,9,0
50000,8800,6.17,0.18,9,0
60000,8800,11.36,0.15,10,0
65000,8800,6.03,0.14,9,0
65000,8800,10.0,0.14,8,0
65500,8800,10.71,0.13,10,0
93200,8800,7.88,0.09,7,0
100000,8800,10.0,0.09,8,0
44000,5000,16.89,0.11,10,1
45000,7200,12.69,0.16,9,0
50000,5000,10.37,0.1,5,0
50000,5000,6.91,0.1,7,0
45000,10000,16.77,0.22,5,0
50000,5000,13.61,0.1,8,0
50000,5000,11.14,0.1,8,0
44000,5000,20.17,0.11,10,1
44000,5000,16.35,0.11,6,1
39000,4000,16.77,0.1,9,1
44000,5000,16.95,0.11,9,1
45000,12250,14.27,0.27,10,0
44004,5000,18.25,0.11,5,1
44004,5000,13.79,0.11,8,1
50176,5000,10.59,0.1,9,0
45000,10500,15.96,0.23,8,0
50532,5000,13.57,0.1,8,0
50700,5000,9.88,0.1,8,0
51000,5000,12.98,0.1,10,0
45000,5000,12.73,0.11,8,1
51000,5000,8.0,0.1,6,0
45200,5000,16.0,0.11,10,1
45000,12000,6.03,0.27,7,0
51200,5000,11.14,0.1,10,0
45000,3000,6.62,0.07,10,0
45000,10000,10.65,0.22,8,0
45000,10000,17.58,0.22,6,0
21996,8500,14.11,0.39,7,1
45000,8000,14.65,0.18,8,0
45000,14000,12.69,0.31,9,0
25000,8500,13.43,0.34,6,1
45000,7500,7.9,0.17,5,0
45000,5000,6.03,0.11,9,0
45000,2100,6.99,0.05,10,0
45000,8000,7.49,0.18,8,0
45000,9250,8.49,0.21,6,0
27050,8500,15.96,0.31,10,1
39000,2200,7.49,0.06,6,1
27996,8500,11.58,0.3,6,0
39000,5000,18.79,0.13,6,1
45000,10000,5.99,0.22,10,0
45000,6000,7.49,0.13,6,0
45000,7000,5.42,0.16,5,0
31800,8500,16.07,0.27,10,1
45000,6000,10.99,0.13,10,0
45000,4000,6.99,0.09,7,0
39000,3000,13.99,0.08,10,1
33000,8500,13.99,0.26,9,0
45000,6000,6.99,0.13,9,0
37273,8500,10.0,0.23,10,0
38000,8500,6.99,0.22,10,0
45000,15000,11.49,0.33,8,0
40000,8500,12.53,0.21,8,0
40556,8500,12.87,0.21,7,0
45000,4800,7.49,0.11,7,0
42000,8500,9.99,0.2,8,0
45000,3450,11.99,0.08,7,0
45000,15000,15.99,0.33,8,0
44000,8500,11.36,0.19,7,0
45000,8500,10.62,0.19,6,0
45000,15000,18.49,0.33,6,0
45000,8500,11.89,0.19,7,0
47500,8500,7.88,0.18,10,0
45000,5400,12.99,0.12,7,0
50004,8500,9.45,0.17,6,0
53000,8500,5.79,0.16,9,0
54000,8500,7.49,0.16,6,0
45000,4000,7.49,0.09,7,0
45000,6400,7.49,0.14,8,0
58000,8500,13.49,0.15,6,0
60353,8500,10.65,0.14,6,0
55000,8500,16.29,0.15,8,1
42000,8450,8.59,0.2,7,0
45000,15000,13.06,0.33,5,0
28000,8400,11.48,0.3,6,0
52000,5000,13.99,0.1,8,0
45000,4450,10.37,0.1,6,0
52000,5000,12.23,0.1,9,0
52000,5000,13.48,0.1,7,0
52100,5000,10.99,0.1,9,0
45000,7500,7.29,0.17,9,0
53000,5000,5.42,0.09,6,0
45000,5000,9.25,0.11,10,0
39000,3375,14.83,0.09,8,1
53500,5000,12.18,0.09,5,0
53922,5000,10.59,0.09,5,0
53995,5000,9.63,0.09,6,0
54000,5000,7.9,0.09,7,0
45000,5000,5.79,0.11,5,0
54396,5000,11.34,0.09,10,0
54590,5000,6.03,0.09,6,0
45000,6800,6.17,0.15,9,0
45000,12000,6.91,0.27,8,0
54792,5000,13.48,0.09,5,0
48996,5000,16.4,0.1,5,1
45000,4000,6.17,0.09,9,0
54996,5000,8.0,0.09,9,0
45000,3000,5.79,0.07,8,0
45000,8000,10.36,0.18,9,0
45000,10000,6.17,0.22,9,0
55000,5000,13.8,0.09,6,0
49000,5000,10.74,0.1,10,1
55000,5000,7.14,0.09,5,0
49000,5000,15.31,0.1,10,1
55000,5000,12.18,0.09,8,0
45000,15250,13.98,0.34,10,0
55000,5000,12.53,0.09,10,0
45000,10000,7.88,0.22,10,0
56000,5000,8.9,0.09,8,0
45000,15000,7.51,0.33,5,0
51000,5000,14.96,0.1,9,1
57312,5000,11.86,0.09,6,0
45000,6500,13.98,0.14,10,0
45000,5300,13.23,0.12,6,0
45000,12000,11.86,0.27,9,0
58000,5000,7.51,0.09,7,0
45000,8000,15.58,0.18,9,0
45000,2500,6.76,0.06,10,0
52000,5000,11.36,0.1,7,1
45000,3900,11.36,0.09,6,0
45000,10000,9.88,0.22,8,0
59600,5000,5.79,0.08,10,0
60000,5000,8.49,0.08,5,0
54000,5000,11.99,0.09,10,1
45000,7500,10.62,0.17,5,0
45000,2500,7.88,0.06,8,0
60000,5000,7.29,0.08,9,0
45000,6800,10.62,0.15,5,0
60000,5000,15.7,0.08,7,0
54000,5000,13.17,0.09,8,1
45000,14000,13.48,0.31,5,0
54000,5000,15.13,0.09,9,1
60040,5000,8.88,0.08,10,0
60400,5000,12.69,0.08,8,0
45000,3250,10.62,0.07,6,0
61000,5000,10.37,0.08,7,0
45000,15000,9.88,0.33,6,0
45000,20000,10.62,0.44,6,0
63000,5000,10.0,0.08,5,0
63500,5000,9.63,0.08,7,0
64000,5000,12.99,0.08,8,0
45000,3500,11.14,0.08,8,0
45000,18000,12.87,0.4,8,0
45000,12000,8.94,0.27,6,0
65000,5000,13.99,0.08,9,0
59000,5000,15.23,0.08,6,1
45000,16750,8.94,0.37,7,0
45000,10000,13.57,0.22,6,0
65004,5000,10.59,0.08,9,0
66000,5000,13.99,0.08,10,0
66000,5000,7.29,0.08,8,0
60000,5000,14.54,0.08,10,1
45000,3800,13.16,0.08,5,0
60000,5000,15.21,0.08,9,1
60000,5000,14.22,0.08,9,1
66240,5000,5.79,0.08,6,0
66920,5000,14.26,0.07,8,0
66924,5000,11.86,0.07,10,0
68000,5000,15.7,0.07,7,0
68004,5000,13.49,0.07,8,0
63600,5000,10.39,0.08,8,1
45000,6000,9.32,0.13,9,0
69996,5000,9.63,0.07,5,0
45000,20000,12.84,0.44,10,0
70000,5000,9.91,0.07,7,0
70000,5000,11.71,0.07,5,0
70000,5000,7.74,0.07,6,0
45000,13000,9.63,0.29,9,0
45000,8000,12.21,0.18,10,0
72000,5000,10.59,0.07,9,0
72000,5000,10.59,0.07,9,0
72467,5000,8.88,0.07,7,0
72516,5000,13.85,0.07,6,0
45000,12000,9.76,0.27,6,0
75000,5000,9.99,0.07,8,0
75000,5000,10.75,0.07,6,0
75000,5000,7.88,0.07,10,0
39000,12000,13.3,0.31,7,1
75000,5000,10.62,0.07,5,0
39000,2800,12.17,0.07,6,1
45100,6000,5.42,0.13,9,0
45136,10175,12.69,0.23,9,0
45180,7000,8.0,0.15,7,0
78500,5000,14.27,0.06,6,0
45204,5000,9.63,0.11,9,0
80000,5000,6.17,0.06,10,0
45324,15150,14.54,0.33,10,0
74000,5000,15.21,0.07,8,1
80004,5000,13.47,0.06,9,0
81996,5000,14.26,0.06,5,0
82000,5000,7.51,0.06,8,0
82000,5000,8.32,0.06,9,0
82150,5000,7.51,0.06,5,0
65453,5000,11.28,0.06,9,1
45489,18250,12.73,0.4,5,0
45500,10000,10.65,0.22,10,0
67027,5000,7.51,0.06,10,1
85000,5000,7.9,0.06,8,0
45500,7500,11.49,0.16,5,0
45500,5000,13.23,0.11,8,0
45500,14000,13.92,0.31,6,0
85000,5000,11.83,0.06,5,0
45504,7000,9.88,0.15,8,0
85000,5000,15.05,0.06,9,0
45516,6000,13.49,0.13,8,0
85000,5000,9.07,0.06,6,0
45600,15350,8.9,0.34,10,0
45600,3000,6.99,0.07,7,0
45600,7500,5.42,0.16,5,0
45600,4000,5.99,0.09,10,0
45600,1450,8.49,0.03,8,0
39600,15000,7.49,0.38,5,1
89400,5000,15.2,0.06,6,0
45600,5000,7.29,0.11,8,0
45600,9600,10.36,0.21,5,0
91200,5000,13.49,0.05,10,0
45600,2500,13.35,0.05,9,0
96000,5000,11.99,0.05,9,0
45600,2000,7.88,0.04,10,0
96000,5000,11.12,0.05,7,0
45600,6400,8.94,0.14,7,0
98000,5000,13.98,0.05,6,0
45678,8000,15.58,0.18,10,0
45727,1000,16.29,0.02,9,0
99996,5000,11.49,0.05,10,0
39760,14500,10.75,0.36,7,1
100000,5000,12.42,0.05,8,0
100000,5000,12.23,0.05,8,0
100000,5000,7.74,0.05,7,0
103000,5000,9.32,0.05,7,0
39912,10000,8.49,0.25,8,1
95028,5000,14.42,0.05,6,1
113800,5000,11.83,0.04,9,0
45996,15000,14.42,0.33,7,0
45996,5500,10.2,0.12,10,0
140000,5000,9.99,0.04,8,0
142000,5000,13.16,0.04,9,0
144000,5000,16.32,0.03,7,0
145000,5000,12.69,0.03,7,0
46000,11200,14.27,0.24,10,0
46000,18000,7.9,0.39,8,0
46000,10000,6.62,0.22,6,0
40000,9500,16.77,0.24,10,1
200000,5000,7.43,0.03,10,0
46000,6000,11.49,0.13,5,0
30000,5200,5.42,0.17,7,0
46000,6500,6.99,0.14,7,0
39000,5200,13.48,0.13,9,0
46000,6000,12.68,0.13,6,0
45000,5200,13.49,0.12,8,0
39000,5250,11.49,0.13,8,0
48000,5250,15.27,0.11,6,0
15600,5275,14.72,0.34,8,1
50000,5275,12.53,0.11,6,0
46000,18000,6.17,0.39,5,0
46000,7500,14.35,0.16,5,0
46000,4000,6.76,0.09,9,0
36000,5300,8.9,0.15,6,0
43218,5300,14.65,0.12,10,0
46000,7000,7.88,0.15,6,0
47500,5300,11.49,0.11,8,0
46000,16750,14.96,0.36,6,0
25000,5325,10.99,0.21,7,0
15360,5375,9.91,0.35,5,1
18000,5375,12.69,0.3,9,1
46000,4000,11.48,0.09,5,0
46000,6000,8.0,0.13,7,0
20000,5400,14.61,0.27,7,0
40000,15000,16.63,0.38,10,1
46028,18000,10.74,0.39,9,0
29120,5400,7.14,0.19,10,0
46097,6000,10.75,0.13,8,0
46140,4800,14.72,0.1,6,0
40000,5400,7.9,0.14,7,0
40000,5400,11.11,0.14,5,0
44000,5400,16.0,0.12,8,1
50725,5400,13.16,0.11,9,0
54000,5400,14.27,0.1,6,0
56461,5400,15.68,0.1,6,0
46300,7500,7.88,0.16,6,0
46300,11500,13.48,0.25,8,0
46400,12000,7.51,0.26,10,0
63533,5400,7.66,0.08,7,0
46500,6250,5.79,0.13,10,0
75000,5400,14.79,0.07,5,0
77200,5425,10.59,0.07,9,1
46500,6000,7.88,0.13,8,0
46500,8000,13.04,0.17,6,0
40525,4800,14.65,0.12,10,1
25000,5475,12.68,0.22,6,0
46654,17000,11.83,0.36,10,0
15085,5500,5.99,0.36,8,1
46700,11325,7.51,0.24,10,0
46709,6200,10.99,0.13,8,0
46713,12375,10.91,0.26,6,0
19200,5500,15.23,0.29,8,1
20000,5500,12.69,0.28,7,0
20000,5500,12.69,0.28,5,0
46800,6000,9.99,0.13,7,0
20400,5500,6.91,0.27,7,0
40800,2000,7.29,0.05,5,1
46800,5525,11.11,0.12,6,0
21600,5500,14.72,0.25,7,0
46800,6500,12.87,0.14,6,0
24000,5500,10.36,0.23,7,0
24000,5500,13.23,0.23,8,0
25000,5500,11.11,0.22,10,0
46858,3600,9.91,0.08,10,0
46873,11200,7.14,0.24,6,0
25200,5500,9.88,0.22,7,0
47000,9000,12.42,0.19,8,0
28089,5500,12.22,0.2,5,0
47000,20000,13.49,0.43,5,0
30000,5500,8.88,0.18,9,0
30000,5500,15.21,0.18,7,1
47000,8000,12.42,0.17,9,0
32000,5500,15.96,0.17,8,0
41000,3800,7.51,0.09,9,1
47000,6000,8.9,0.13,5,0
47000,2650,7.49,0.06,9,0
35000,5500,11.49,0.16,7,0
47000,14000,9.99,0.3,9,0
47000,6000,6.99,0.13,5,0
40000,5500,6.62,0.14,8,0
40000,5500,7.74,0.14,6,0
42000,5500,7.66,0.13,7,0
42230,5500,9.63,0.13,10,0
47000,13000,14.54,0.28,9,0
42300,5500,13.06,0.13,8,0
42312,5500,8.59,0.13,6,0
44196,5500,13.8,0.12,10,0
45000,5500,6.92,0.12,6,0
47000,5000,10.38,0.11,6,0
51504,5500,11.89,0.11,9,0
46000,5500,11.11,0.12,10,1
53000,5500,11.03,0.1,9,0
54000,5500,13.23,0.1,9,0
50000,5500,12.73,0.11,7,1
60000,5500,7.51,0.09,10,0
60000,5500,10.74,0.09,6,0
41000,3200,13.16,0.08,6,1
47000,5000,9.76,0.11,10,0
47000,10000,11.03,0.21,7,0
70000,5500,7.68,0.08,10,0
73000,5500,9.99,0.08,9,0
105000,5500,15.23,0.05,7,0
144000,5500,19.13,0.04,5,0
39996,5525,14.54,0.14,10,0
56004,5525,12.68,0.1,9,0
47125,3200,10.99,0.07,8,0
47232,8000,5.42,0.17,9,0
47300,12000,7.88,0.25,8,0
47380,15000,13.79,0.32,9,0
47400,13500,6.17,0.28,9,0
24000,5600,12.68,0.23,5,0
25000,5600,7.9,0.22,8,0
47500,3500,8.9,0.07,9,0
30000,5600,13.49,0.19,10,0
30000,5600,14.84,0.19,10,1
30000,5600,7.74,0.19,7,0
34444,5600,13.49,0.16,7,0
47600,23800,12.42,0.5,9,0
36000,5600,11.11,0.16,5,0
36000,5600,13.06,0.16,7,0
47820,6000,5.42,0.13,9,0
34000,5600,15.96,0.16,10,1
40000,5600,13.49,0.14,8,0
40000,5600,9.76,0.14,6,0
47900,7500,13.47,0.16,8,0
36000,5600,11.99,0.16,7,1
43000,5600,7.51,0.13,7,0
45000,5600,11.36,0.12,10,0
46000,5600,15.27,0.12,9,0
48000,5600,15.96,0.12,7,0
48000,14400,12.42,0.3,10,0
49000,5600,6.03,0.11,6,0
48000,5000,14.65,0.1,7,0
48000,6000,14.27,0.13,7,0
48000,4300,12.69,0.09,7,0
48000,17375,14.27,0.36,5,0
52000,5600,13.85,0.11,8,0
48000,15000,18.64,0.31,9,0
52884,5600,11.99,0.11,10,0
48000,9000,12.42,0.19,7,0
56056,5600,10.37,0.1,6,0
48000,17000,6.03,0.35,8,0
57995,5600,10.37,0.1,6,0
60000,5600,9.99,0.09,7,0
48000,7500,6.03,0.16,10,0
63000,5600,11.58,0.09,5,0
48000,7000,6.62,0.15,8,0
48000,7500,6.62,0.16,7,0
48000,13800,8.9,0.29,6,0
48000,8000,16.77,0.17,9,0
69600,5600,11.99,0.08,6,0
48000,5600,15.96,0.12,7,0
70000,5600,14.27,0.08,6,0
42000,7600,16.29,0.18,7,1
48000,8400,11.71,0.17,8,0
75000,5600,15.99,0.07,7,0
75797,5600,13.22,0.07,8,0
48000,5650,5.42,0.12,8,0
93600,5600,11.99,0.06,10,0
48000,10000,9.99,0.21,8,0
48000,3000,11.99,0.06,10,0
48000,1600,9.99,0.03,8,0
75000,5625,6.91,0.07,5,0
48000,6625,8.49,0.14,9,0
48000,7000,8.49,0.15,9,0
48000,5000,5.99,0.1,8,0
99000,5675,13.23,0.06,8,0
48000,8500,7.49,0.18,8,0
36000,5700,10.39,0.16,5,0
48000,10650,10.59,0.22,9,0
53000,5700,9.99,0.11,9,0
48000,6000,13.49,0.13,7,0
95800,5750,9.45,0.06,10,0
36996,5775,14.91,0.16,7,0
48000,8000,10.59,0.17,9,0
48000,9000,11.99,0.19,5,0
26988,5800,6.62,0.21,9,0
48000,4500,5.42,0.09,6,0
32000,5800,7.49,0.18,5,0
32400,5800,5.79,0.18,5,1
36000,5800,12.42,0.16,10,0
42000,5800,9.32,0.14,10,0
42000,4500,7.49,0.11,7,1
48000,8000,13.49,0.17,9,0
73000,5800,10.37,0.08,6,0
69000,5800,14.59,0.08,5,1
42000,6000,11.49,0.14,9,1
62050,5800,14.11,0.08,10,1
48000,5000,6.99,0.1,7,0
30000,5825,9.99,0.19,9,0
48000,12000,14.54,0.25,10,0
48000,1850,10.74,0.04,7,0
46000,5850,11.12,0.13,8,0
70000,5850,5.79,0.08,5,0
48000,4500,13.8,0.09,8,0
48000,10000,6.92,0.21,8,0
48000,3000,5.79,0.06,7,0
48000,14400,7.29,0.3,5,0
48000,12000,7.66,0.25,10,0
58000,5900,9.32,0.1,7,0
48000,7000,12.68,0.15,6,0
42000,5950,5.99,0.14,5,0
48000,4975,5.79,0.1,7,0
48000,3600,10.37,0.07,5,0
42000,5500,7.66,0.13,10,1
48000,8000,5.79,0.17,7,0
42000,5000,14.17,0.12,8,1
48000,9600,12.23,0.2,8,0
18000,6000,7.49,0.33,5,1
42000,4000,9.25,0.1,10,1
18835,6000,16.49,0.32,8,1
48000,5200,5.42,0.11,5,0
19200,6000,10.65,0.31,6,1
42000,1200,12.98,0.03,10,1
20000,6000,15.99,0.3,5,0
20000,6000,13.11,0.3,10,0
20400,6000,6.03,0.29,8,0
48000,15000,13.98,0.31,10,0
20800,6000,14.26,0.29,8,0
21000,6000,12.42,0.29,6,0
48000,9000,7.14,0.19,6,0
21600,6000,18.07,0.28,7,1
48000,3250,6.76,0.07,7,0
21600,6000,7.88,0.28,9,0
48000,4200,13.61,0.09,7,0
22356,6000,7.9,0.27,8,0
22500,6000,11.83,0.27,9,0
48000,10000,7.14,0.21,10,0
48000,6600,7.14,0.14,5,0
23000,6000,8.9,0.26,6,0
23000,6000,8.88,0.26,5,0
24000,6000,5.42,0.25,8,0
48000,7800,7.51,0.16,10,0
24000,6000,8.49,0.25,9,0
48000,20000,11.36,0.42,10,0
48000,20000,10.62,0.42,7,0
48000,5000,13.48,0.1,10,0
48000,10000,12.73,0.21,7,0
48000,1500,13.48,0.03,5,0
24000,6000,12.87,0.25,7,0
48000,20000,16.07,0.42,10,0
42000,2850,13.48,0.07,7,1
25200,6000,7.9,0.24,5,0
25200,6000,16.49,0.24,5,1
26000,6000,10.75,0.23,10,0
26004,6000,7.14,0.23,5,0
26400,6000,16.29,0.23,8,1
26880,6000,14.84,0.22,7,1
27000,6000,12.73,0.22,10,0
27000,6000,8.94,0.22,6,1
27120,6000,13.49,0.22,8,1
48000,3000,7.4,0.06,7,0
28000,6000,13.92,0.21,6,0
28800,6000,15.23,0.21,6,0
29000,6000,15.27,0.21,6,0
29004,6000,12.87,0.21,5,0
29496,6000,5.79,0.2,8,0
30000,6000,14.65,0.2,9,0
30000,6000,8.9,0.2,10,0
48000,2000,11.97,0.04,9,0
48000,7500,8.0,0.16,10,0
48000,5000,11.97,0.1,5,0
30000,6000,17.99,0.2,7,1
30000,6000,8.49,0.2,7,0
30000,6000,7.66,0.2,9,0
30000,6000,10.37,0.2,6,1
30000,6000,6.54,0.2,6,0
30000,6000,11.49,0.2,9,1
30000,6000,13.23,0.2,5,0
42000,21000,12.36,0.5,7,1
48000,6500,7.75,0.14,8,0
30000,6000,10.51,0.2,10,0
48100,20000,11.89,0.42,10,0
30000,6000,12.61,0.2,5,1
30784,6000,9.32,0.19,8,0
42200,10000,16.49,0.24,6,1
31000,6000,15.33,0.19,9,0
48250,8400,10.74,0.17,6,0
31000,6000,13.47,0.19,6,0
31200,6000,13.49,0.19,7,0
31200,6000,9.91,0.19,8,0
31200,6000,9.63,0.19,8,0
31200,6000,11.46,0.19,10,1
31500,6000,12.84,0.19,9,1
32000,6000,14.27,0.19,8,0
32000,6000,12.99,0.19,9,0
32000,6000,12.18,0.19,10,0
48528,10000,6.99,0.21,9,0
32004,6000,13.99,0.19,9,0
33000,6000,7.9,0.18,6,0
48600,10000,15.7,0.21,9,0
33000,6000,9.99,0.18,6,0
33000,6000,15.23,0.18,6,0
48712,11050,5.42,0.23,9,0
33600,6000,14.91,0.18,5,1
33600,6000,6.91,0.18,7,0
33864,6000,14.91,0.18,6,1
33996,6000,14.09,0.18,7,0
33996,6000,15.31,0.18,5,1
34000,6000,8.9,0.18,9,0
34000,6000,14.65,0.18,8,0
34000,6000,6.99,0.18,6,0
48989,2400,7.14,0.05,5,0
48996,5000,15.23,0.1,5,0
35000,6000,7.9,0.17,9,0
29000,6000,8.49,0.21,8,1
48996,5000,11.83,0.1,10,0
35000,6000,7.49,0.17,10,0
35000,6000,11.11,0.17,6,0
29000,6000,15.58,0.21,8,1
35000,6000,9.32,0.17,10,0
35000,6000,11.89,0.17,10,0
35000,6000,12.84,0.17,7,0
49000,4400,6.62,0.09,9,0
43000,13200,16.77,0.31,9,1
29004,6000,10.75,0.21,8,1
49000,8500,10.59,0.17,6,0
49000,19000,10.99,0.39,7,0
49000,14000,13.99,0.29,10,0
49000,11750,8.9,0.24,9,0
49000,3500,6.99,0.07,5,0
36000,6000,8.9,0.17,9,0
30000,6000,19.42,0.2,10,1
36000,6000,5.99,0.17,6,0
49000,8500,16.32,0.17,9,0
49000,7000,7.51,0.14,8,0
49000,4750,10.25,0.1,8,0
49000,8500,12.18,0.17,8,0
36000,6000,13.22,0.17,8,0
49200,15025,6.03,0.31,8,0
49200,2500,5.42,0.05,10,0
49200,9600,5.42,0.2,6,0
49200,5000,7.74,0.1,10,0
36500,6000,13.61,0.16,6,0
37000,6000,10.36,0.16,6,0
49304,10000,11.78,0.2,9,0
49349,4000,11.49,0.08,5,0
31200,6000,6.62,0.19,10,1
49500,10000,10.75,0.2,6,0
49536,12000,10.38,0.24,10,0
32004,6000,15.7,0.19,9,1
43580,6000,12.21,0.14,7,1
49641,8400,13.11,0.17,6,0
49700,12000,6.92,0.24,9,0
43772,15000,7.51,0.34,6,1
43800,13200,16.29,0.3,9,1
39000,6000,8.63,0.15,7,0
49800,6000,7.14,0.12,6,0
39184,6000,6.17,0.15,7,0
40000,6000,12.69,0.15,8,0
40000,6000,11.99,0.15,6,0
50000,9500,8.9,0.19,8,0
50000,6000,13.49,0.12,6,0
40000,6000,7.51,0.15,6,0
40000,6000,12.73,0.15,10,0
40000,6000,11.14,0.15,6,0
50000,10000,6.62,0.2,7,0
40000,6000,11.28,0.15,7,0
40500,6000,14.26,0.15,5,0
40800,6000,7.66,0.15,7,0
41000,6000,6.03,0.15,10,0
50000,6000,13.49,0.12,9,0
50000,4000,8.9,0.08,8,0
50000,12000,11.71,0.24,10,0
41000,6000,9.32,0.15,7,0
35496,6000,13.72,0.17,8,1
35600,6000,13.49,0.17,5,1
42000,6000,10.59,0.14,7,0
50000,16000,13.49,0.32,5,0
42000,6000,14.22,0.14,10,0
36000,6000,16.07,0.17,10,1
42000,6000,11.78,0.14,10,0
42328,6000,8.63,0.14,7,0
37000,6000,9.99,0.16,7,1
43000,6000,13.22,0.14,6,0
50000,6000,6.03,0.12,9,0
50000,16000,7.51,0.32,7,0
43000,6000,11.14,0.14,7,0
50000,12000,6.62,0.24,6,0
43000,6000,10.39,0.14,5,0
43150,6000,9.99,0.14,9,0
50000,12000,6.62,0.24,9,0
50000,4000,14.27,0.08,9,0
50000,2100,9.91,0.04,6,0
50000,4200,9.91,0.08,5,0
39000,6000,12.69,0.15,5,1
45000,6000,12.69,0.13,8,0
50000,10000,6.03,0.2,9,0
50000,4800,6.03,0.1,5,0
45000,6000,10.65,0.13,8,0
50000,10000,6.03,0.2,5,0
50000,10000,6.03,0.2,5,0
50000,6300,6.62,0.13,10,0
50000,21850,12.42,0.44,10,0
45000,6000,7.51,0.13,5,0
39000,6000,14.61,0.15,7,1
46000,6000,6.99,0.13,5,0
50000,16000,8.9,0.32,8,0
50000,15000,6.99,0.3,10,0
50000,6000,5.99,0.12,8,0
50000,12000,5.42,0.24,7,0
47000,6000,6.99,0.13,7,0
50000,7800,15.99,0.16,10,0
50000,3200,8.49,0.06,5,0
50000,2000,10.99,0.04,6,0
47581,6000,13.16,0.13,9,0
48000,6000,6.03,0.13,6,0
50000,6000,13.99,0.12,8,0
50000,5125,9.99,0.1,10,0
42000,6000,14.46,0.14,5,1
48000,6000,7.88,0.13,10,0
50000,3975,10.99,0.08,8,0
50000,6000,15.99,0.12,9,0
50000,8000,7.49,0.16,9,0
44000,7000,12.99,0.16,8,1
42996,6000,15.96,0.14,5,1
50000,3575,11.49,0.07,7,0
50000,2200,12.99,0.04,10,0
49000,6000,15.27,0.12,9,0
50000,18225,10.99,0.36,10,0
49000,6000,10.99,0.12,6,0
50000,4000,5.42,0.08,10,0
49500,6000,11.22,0.12,8,0
50000,6000,13.49,0.12,7,0
50000,6000,9.91,0.12,8,0
50000,5000,5.99,0.1,7,0
50000,6000,10.59,0.12,5,0
50000,6000,15.62,0.12,10,0
50000,6000,9.99,0.12,7,0
50000,9725,12.12,0.19,6,0
50000,13650,10.99,0.27,9,0
50000,10000,9.99,0.2,5,0
50000,10000,16.89,0.2,10,0
50000,13650,6.99,0.27,10,0
50000,6000,8.88,0.12,7,0
50000,6000,5.79,0.12,7,0
44000,6000,16.45,0.14,10,1
50000,3000,10.59,0.06,5,0
50000,6000,11.36,0.12,9,0
50000,18000,13.49,0.36,7,0
44000,6000,14.96,0.14,8,1
50000,8000,5.99,0.16,7,0
44004,6000,17.19,0.14,5,1
50004,6000,7.88,0.12,5,0
50100,6000,10.0,0.12,5,0
50000,4000,5.42,0.08,8,0
50000,8000,5.79,0.16,8,0
51000,6000,12.69,0.12,5,0
51000,6000,5.99,0.12,6,0
45000,6000,5.79,0.13,10,1
50000,8000,13.06,0.16,5,0
51000,6000,7.29,0.12,10,0
51600,6000,8.49,0.12,6,0
52000,6000,7.14,0.12,6,0
52000,6000,12.53,0.12,9,0
50000,8000,10.37,0.16,7,0
47000,6000,17.49,0.13,7,1
53088,6000,6.54,0.11,9,0
54000,6000,7.9,0.11,7,0
54000,6000,5.42,0.11,5,0
54000,6000,14.59,0.11,5,0
49000,6000,13.99,0.12,6,1
49000,6000,10.59,0.12,9,1
55000,6000,10.74,0.11,8,0
55000,6000,13.35,0.11,5,0
55000,6000,10.38,0.11,6,0
44000,4500,12.98,0.1,6,1
50000,8500,14.83,0.17,5,0
55560,6000,11.99,0.11,6,0
55840,6000,10.25,0.11,5,0
50000,1400,10.36,0.03,8,0
56160,6000,13.98,0.11,9,0
57000,6000,13.49,0.11,8,0
57006,6000,7.29,0.11,10,0
50000,3000,10.36,0.06,7,0
57016,6000,11.83,0.11,6,0
57600,6000,9.91,0.1,10,0
57996,6000,13.57,0.1,8,0
59000,6000,10.37,0.1,7,0
59000,6000,7.88,0.1,9,0
59004,6000,11.49,0.1,8,0
50000,5000,7.14,0.1,7,0
59363,6000,13.22,0.1,10,0
50000,5400,7.14,0.11,9,0
50000,10000,15.95,0.2,7,0
59500,6000,13.36,0.1,8,0
59578,6000,14.59,0.1,7,0
60000,6000,15.96,0.1,7,0
44000,4000,15.95,0.09,9,1
60000,6000,14.79,0.1,9,0
60000,6000,10.36,0.1,7,0
54000,6000,15.95,0.11,7,1
60000,6000,9.25,0.1,9,0
60000,6000,13.98,0.1,5,0
50000,16000,10.38,0.32,7,0
60000,6000,11.36,0.1,8,0
60000,6000,8.94,0.1,9,0
50000,9600,6.76,0.19,9,0
50000,5000,7.88,0.1,5,0
60000,6000,8.0,0.1,9,0
44000,6000,13.23,0.14,8,1
60000,6000,10.01,0.1,10,0
60000,6000,8.0,0.1,5,0
50000,6000,6.76,0.12,6,0
61000,6000,10.39,0.1,7,0
61400,6000,15.96,0.1,9,0
61500,6000,5.79,0.1,10,0
62000,6000,7.49,0.1,9,0
22800,7125,15.28,0.31,5,1
52000,7125,7.49,0.14,10,0
50000,12000,7.88,0.24,6,0
50000,3000,14.22,0.06,10,0
41200,7100,7.88,0.17,10,0
50000,2000,6.39,0.04,7,0
25200,7050,12.23,0.28,7,0
80000,7050,8.88,0.09,5,0
50000,5000,10.62,0.1,10,0
50000,16000,13.85,0.32,6,0
20000,7025,5.42,0.35,9,1
50000,10750,13.48,0.21,5,0
50000,6000,7.14,0.12,8,0
50000,10000,7.88,0.2,8,0
18000,7000,10.99,0.39,5,1
50000,15000,9.88,0.3,8,0
20244,7000,9.45,0.35,8,1
21000,7000,13.72,0.33,10,1
50000,5000,8.59,0.1,9,0
23400,7000,15.7,0.3,5,1
24000,7000,7.51,0.29,7,0
24000,7000,10.75,0.29,10,0
24996,7000,12.53,0.28,8,0
50000,4500,14.61,0.09,6,0
25000,7000,8.9,0.28,10,0
25000,7000,6.92,0.28,6,0
50000,7000,8.59,0.14,9,0
63000,6000,7.51,0.1,7,0
50000,5000,7.74,0.1,6,0
63552,6000,11.49,0.09,7,0
65000,6000,14.65,0.09,7,0
65000,6000,6.99,0.09,10,0
65000,6000,11.49,0.09,6,0
50000,3250,14.26,0.07,5,0
65000,6000,7.49,0.09,5,0
65000,6000,11.14,0.09,10,0
65000,6000,11.14,0.09,9,0
65004,6000,7.29,0.09,10,0
50000,1200,14.26,0.02,6,0
50000,6500,7.74,0.13,6,0
65600,6000,15.62,0.09,9,0
67000,6000,9.99,0.09,8,0
68000,6000,7.49,0.09,10,0
44000,10000,14.74,0.23,5,1
50000,12000,9.32,0.24,8,0
69996,6000,11.86,0.09,6,0
70000,6000,9.99,0.09,8,0
50000,10000,12.84,0.2,10,0
70000,6000,10.36,0.09,9,0
50000,9000,12.53,0.18,8,0
44000,12000,12.53,0.27,6,1
50000,5000,10.95,0.1,9,0
50000,1875,8.0,0.04,9,0
44000,4500,14.74,0.1,10,1
70000,6000,11.89,0.09,5,0
50000,5600,12.53,0.11,7,0
71000,6000,8.49,0.08,10,0
50000,12000,13.99,0.24,7,0
72000,6000,15.96,0.08,10,0
50000,7500,11.59,0.15,6,0
72000,6000,8.49,0.08,10,0
72000,6000,9.63,0.08,5,0
72000,6000,13.23,0.08,5,0
50000,7500,10.39,0.15,7,0
66000,6000,14.35,0.09,5,1
72000,6000,7.88,0.08,10,0
50000,3000,7.68,0.06,5,0
50000,8800,12.29,0.18,7,0
74000,6000,5.42,0.08,10,0
50000,4000,10.78,0.08,5,0
50000,3000,7.75,0.06,6,0
50004,10000,7.49,0.2,5,0
50004,10000,5.99,0.2,5,0
75000,6000,8.49,0.08,6,0
75000,6000,7.49,0.08,6,0
75000,6000,12.68,0.08,8,0
75000,6000,6.92,0.08,6,0
75000,6000,15.21,0.08,9,0
50004,10200,10.37,0.2,10,0
75000,6000,7.68,0.08,10,0
59500,6000,11.71,0.09,6,1
76000,6000,7.49,0.08,5,0
77385,6000,7.66,0.08,6,0
61628,6000,16.95,0.08,9,1
50004,1500,13.11,0.03,6,0
80000,6000,12.69,0.07,7,0
44004,10000,11.36,0.23,7,1
50004,6250,12.87,0.12,6,0
80000,6000,6.03,0.07,10,0
80000,6000,8.49,0.07,6,0
80000,6000,6.99,0.07,10,0
50004,20000,11.58,0.4,7,0
50004,10000,8.0,0.2,8,0
81000,6000,11.86,0.07,10,0
81000,6000,7.14,0.07,9,0
82000,6000,8.9,0.07,5,0
84000,6000,11.49,0.07,6,0
50055,15000,10.62,0.3,5,0
78996,6000,7.51,0.08,5,1
50123,2200,11.49,0.04,8,0
85000,6000,11.71,0.07,5,0
85000,6000,13.43,0.07,5,0
50268,12000,12.61,0.24,9,0
44340,2600,7.14,0.06,6,1
50343,22000,7.49,0.44,5,0
87500,6000,11.99,0.07,5,0
44400,15000,8.9,0.34,5,1
88020,6000,15.37,0.07,8,0
89004,6000,13.16,0.07,5,0
89700,6000,11.99,0.07,7,0
90000,6000,11.71,0.07,8,0
90000,6000,10.38,0.07,8,0
44400,4000,13.99,0.09,7,1
50400,3000,7.29,0.06,6,0
50400,6000,6.92,0.12,9,0
92004,6000,10.38,0.07,10,0
50400,9000,10.37,0.18,9,0
93000,6000,14.27,0.06,9,0
94773,6000,11.83,0.06,10,0
95000,6000,11.49,0.06,7,0
50400,3600,8.88,0.07,10,0
50400,5000,7.51,0.1,5,0
44400,2000,14.22,0.05,6,1
50400,11000,8.94,0.22,5,0
50402,3000,13.22,0.06,9,0
100000,6000,10.99,0.06,9,0
108000,6000,10.65,0.06,7,0
110000,6000,6.99,0.05,6,0
111280,6000,9.99,0.05,9,0
112000,6000,12.69,0.05,10,0
114000,6000,10.37,0.05,5,0
115000,6000,7.4,0.05,5,0
125004,6000,7.51,0.05,10,0
145000,6000,13.8,0.04,10,0
155000,6000,7.14,0.04,10,0
165996,6000,5.42,0.04,10,0
240000,6000,11.46,0.03,6,0
48000,6025,10.65,0.13,9,0
44960,5000,10.95,0.11,10,1
40000,6125,13.23,0.15,5,0
70000,6125,7.49,0.09,8,0
108000,6125,5.99,0.06,5,1
29400,6150,12.21,0.21,5,0
45000,10800,7.51,0.24,8,1
51000,8000,7.51,0.16,5,0
51000,19750,7.49,0.39,8,0
51000,2000,10.99,0.04,10,0
51000,7000,7.49,0.14,6,0
28800,6200,12.23,0.22,9,0
51000,1800,11.49,0.04,8,0
51000,12000,7.49,0.24,7,0
51000,18000,7.49,0.35,8,0
45000,8000,16.49,0.18,6,1
51000,6600,6.92,0.13,9,0
60000,6200,8.59,0.1,7,0
51000,10000,9.99,0.2,5,0
20400,6225,9.76,0.31,9,1
52000,6225,14.35,0.12,7,0
81000,6225,7.9,0.08,7,0
51000,25000,11.49,0.49,10,0
18000,6250,9.99,0.35,6,1
51000,15000,11.36,0.29,9,0
21000,6250,7.9,0.3,7,0
23004,6250,10.38,0.27,6,0
51000,15000,12.73,0.29,5,0
51000,7200,6.76,0.14,5,0
51000,3500,7.88,0.07,5,0
55400,7000,10.28,0.13,6,0
49900,7000,14.27,0.14,9,1
56000,7000,7.29,0.13,8,0
57000,7000,11.71,0.12,8,0
45000,10000,14.74,0.22,6,1
60000,7000,7.51,0.12,8,0
51150,7200,9.63,0.14,10,0
45200,6000,16.49,0.13,10,1
60000,7000,6.99,0.12,10,0
51267,4000,7.68,0.08,10,0
51320,5000,11.97,0.1,9,0
60000,7000,19.47,0.12,7,0
51456,8000,10.62,0.16,7,0
62000,7000,14.27,0.11,5,0
62000,7000,6.99,0.11,9,0
51540,4000,5.79,0.08,7,0
56400,7000,11.49,0.12,9,1
51600,6000,8.9,0.12,9,0
64000,7000,10.59,0.11,6,0
64000,7000,7.51,0.11,6,0
51600,12200,15.28,0.24,7,0
65000,7000,12.69,0.11,10,0
51600,10800,6.91,0.21,8,0
65000,7000,13.49,0.11,8,0
65000,7000,8.49,0.11,6,0
51621,3500,11.49,0.07,6,0
65000,7000,16.82,0.11,9,0
65000,7000,14.26,0.11,10,0
65000,7000,13.57,0.11,7,0
51750,12000,11.14,0.23,10,0
51888,7000,13.98,0.13,10,0
51996,3200,6.99,0.06,10,0
61350,7000,12.98,0.11,8,1
51996,9600,14.09,0.18,9,0
51996,2000,6.17,0.04,8,0
51996,14000,8.88,0.27,9,0
68508,7000,8.0,0.1,6,0
70000,7000,7.74,0.1,6,0
51996,5000,7.51,0.1,7,0
72000,7000,11.49,0.1,7,0
72500,7000,7.29,0.1,5,0
73000,7000,7.9,0.1,7,0
75000,7000,11.71,0.09,9,0
75000,7000,12.61,0.09,6,0
78000,7000,6.54,0.09,5,0
52000,14000,12.42,0.27,10,0
61200,7000,14.96,0.1,8,1
80000,7000,7.29,0.09,8,0
52000,5000,7.51,0.1,8,0
52000,8000,8.9,0.15,10,0
46000,14300,9.91,0.31,6,1
81000,7000,13.61,0.09,8,0
52000,7000,6.03,0.13,5,0
52000,1800,7.51,0.03,5,0
84175,7000,7.29,0.08,8,0
29640,6250,14.96,0.21,7,1
52000,5000,5.42,0.1,7,0
52000,8000,6.99,0.15,8,0
52000,16000,10.99,0.31,8,0
90000,7000,9.25,0.08,8,0
52000,1000,6.99,0.02,7,0
90000,7000,12.87,0.08,10,0
90000,7000,8.59,0.08,10,0
46000,8000,13.49,0.17,5,1
92000,7000,9.32,0.08,10,0
94000,7000,11.49,0.07,10,0
52000,6000,7.49,0.12,8,0
52000,10000,8.49,0.19,5,0
52000,2800,10.99,0.05,8,0
97000,7000,12.98,0.07,5,0
99000,7000,11.11,0.07,10,0
105000,7000,9.63,0.07,10,0
52000,12000,15.65,0.23,8,0
52000,10000,7.29,0.19,7,0
112200,7000,11.66,0.06,7,0
108000,7000,16.29,0.06,6,1
108000,7000,14.42,0.06,8,1
52000,14675,9.63,0.28,8,0
123000,7000,8.49,0.06,10,0
125000,7000,13.06,0.06,5,0
52000,7800,10.36,0.15,9,0
218000,7000,14.11,0.03,9,1
52000,10400,9.99,0.2,7,0
52000,1800,12.98,0.03,8,0
32200,6300,16.45,0.2,6,1
49000,6300,9.91,0.13,8,0
54000,6300,10.0,0.12,7,0
52000,15000,6.91,0.29,6,0
54380,6300,10.75,0.12,10,0
46000,4800,11.86,0.1,9,1
61000,6300,13.61,0.1,9,0
83000,6300,10.65,0.08,5,0
52000,1000,13.23,0.02,8,0
52000,6400,7.88,0.12,10,0
52000,11500,7.14,0.22,9,0
38000,6350,5.79,0.17,6,0
52000,13600,7.88,0.26,7,0
16800,6500,11.99,0.39,8,1
52000,10000,14.35,0.19,8,0
52000,12000,13.85,0.23,5,0
20000,6500,15.65,0.33,8,1
21000,6500,7.66,0.31,6,1
21840,6500,16.35,0.3,7,1
23000,6500,14.72,0.28,10,0
23000,6500,8.63,0.28,6,0
26004,6500,11.91,0.25,10,0
26400,6500,10.38,0.25,10,0
30000,6500,8.49,0.22,5,0
52000,5500,14.96,0.11,10,0
52000,8000,11.14,0.15,7,0
29000,6500,14.11,0.22,8,1
30000,6500,15.65,0.22,6,1
38000,6500,7.14,0.17,9,0
38400,6500,9.91,0.17,7,0
46000,4000,12.53,0.09,9,1
52000,7500,9.32,0.14,6,0
52000,15200,12.21,0.29,8,0
39520,6500,11.89,0.16,6,0
39996,6500,9.63,0.16,7,0
52000,5750,13.79,0.11,10,0
40000,6500,10.74,0.16,6,0
46000,8725,9.32,0.19,9,1
52000,7000,11.89,0.13,8,0
41000,6500,7.51,0.16,7,0
52000,25000,10.71,0.48,7,0
52000,9000,12.49,0.17,6,0
52000,18500,10.91,0.36,7,0
52000,5000,7.75,0.1,7,0
42500,6500,7.29,0.15,10,0
36500,6500,15.65,0.18,10,1
45000,6500,10.99,0.14,8,0
52260,9000,7.51,0.17,7,0
50000,6500,15.96,0.13,7,0
50000,6500,16.32,0.13,10,0
50000,6500,9.38,0.13,5,0
52500,7000,12.99,0.13,9,0
56000,6500,6.76,0.12,6,0
52500,9500,6.92,0.18,7,0
54000,6500,14.96,0.12,7,1
46500,11000,12.99,0.24,6,1
52524,9200,9.32,0.18,7,0
63360,6500,9.99,0.1,8,0
59000,6500,16.35,0.11,7,1
67000,6500,7.74,0.1,5,0
67275,6500,8.94,0.1,7,0
68000,6500,7.51,0.1,7,0
69476,6500,6.17,0.09,7,0
52680,8000,14.54,0.15,10,0
52692,4500,11.89,0.09,8,0
75000,6500,10.74,0.09,9,0
52800,25475,16.29,0.48,7,0
52800,4800,14.79,0.09,9,0
52800,15000,5.99,0.28,5,0
115000,6500,10.65,0.06,10,0
32000,6525,16.07,0.2,9,1
52800,9250,10.36,0.18,6,0
29500,6550,7.9,0.22,10,0
42000,6550,7.88,0.16,8,0
30000,6575,13.49,0.22,9,1
46800,8000,15.7,0.17,8,1
52828,14500,7.29,0.27,7,0
52833,12250,6.62,0.23,6,0
30000,6600,15.33,0.22,8,1
30000,6600,16.49,0.22,8,1
53000,17050,12.42,0.32,7,0
53000,10000,15.27,0.19,6,0
39000,6600,13.79,0.17,9,0
40200,6600,11.14,0.16,7,0
50100,6600,8.0,0.13,7,0
53000,7475,7.9,0.14,8,0
53000,3100,7.9,0.06,6,0
53000,12500,6.03,0.24,7,0
53000,15875,7.9,0.3,5,0
53000,3000,15.23,0.06,5,0
130000,6600,17.93,0.05,5,0
24947,6625,12.69,0.27,9,1
51000,6625,10.38,0.13,10,0
53000,7200,10.37,0.14,8,0
47000,6000,8.88,0.13,6,1
53000,6000,5.79,0.11,5,0
25700,6700,10.99,0.26,10,0
47000,23000,14.84,0.49,9,1
28600,6700,10.37,0.23,9,0
53000,6700,13.49,0.13,6,0
53000,10750,13.11,0.2,7,0
53000,6400,13.11,0.12,8,0
20000,6800,12.84,0.34,6,1
53000,9600,8.94,0.18,10,0
39270,6800,12.99,0.17,7,0
47818,6800,6.92,0.14,9,0
50000,6800,19.29,0.14,8,0
53000,6800,12.84,0.13,7,0
45000,6800,11.22,0.15,6,1
53000,6000,8.0,0.11,8,0
53000,4550,11.03,0.09,6,0
53004,10000,12.98,0.19,10,0
47004,10000,13.61,0.21,6,1
53004,5600,11.86,0.11,6,0
53004,15000,9.63,0.28,10,0
57000,6800,10.65,0.12,8,0
53100,7500,11.26,0.14,10,0
53200,1000,13.49,0.02,6,0
30000,6475,5.42,0.22,7,0
53329,8250,5.99,0.15,9,0
53360,10475,7.88,0.2,9,0
53400,4000,9.99,0.07,6,0
53408,1400,10.99,0.03,6,0
53500,10000,9.91,0.19,5,0
53500,5000,13.49,0.09,10,0
18000,6400,10.37,0.36,5,1
47500,13000,7.88,0.27,8,1
53500,20000,12.53,0.37,7,0
53549,14200,6.99,0.27,6,0
53590,11225,11.14,0.21,7,0
30000,6400,12.87,0.21,5,0
53796,7000,9.91,0.13,8,0
31800,6400,16.82,0.2,5,1
53979,25000,10.08,0.46,7,0
31836,6400,14.96,0.2,5,1
54000,12000,15.27,0.22,6,0
34000,6400,6.0,0.19,8,0
54000,6000,14.27,0.11,7,0
54000,2500,13.49,0.05,9,0
48000,7000,12.42,0.15,5,1
54000,9000,6.62,0.17,10,0
35000,6400,7.74,0.18,5,0
36000,6400,10.59,0.18,9,0
54000,14500,10.65,0.27,9,0
37000,6400,13.61,0.17,9,0
54000,10000,7.9,0.19,10,0
48000,5000,15.27,0.1,5,1
32000,6400,15.62,0.2,5,1
42000,6400,5.79,0.15,6,0
54000,3800,8.9,0.07,7,0
43000,6400,9.63,0.15,5,0
54000,11200,6.03,0.21,9,0
54000,4000,6.03,0.07,5,0
54000,6000,6.62,0.11,9,0
41000,6400,15.65,0.16,6,1
54000,10000,15.23,0.19,8,0
50000,6400,11.71,0.13,6,0
54000,4150,7.49,0.08,6,0
50000,6400,13.35,0.13,8,0
54000,2100,9.99,0.04,6,0
50000,6400,13.23,0.13,7,0
54000,12000,11.99,0.22,8,0
56000,6400,7.29,0.11,9,0
57192,6400,8.0,0.11,5,0
54000,3500,5.99,0.06,6,0
58000,6400,7.51,0.11,8,0
58500,6400,12.53,0.11,5,0
54000,10000,16.89,0.19,5,0
54000,10975,7.66,0.2,7,0
54000,6000,7.66,0.11,6,0
64775,6400,12.87,0.1,10,1
66000,6400,14.96,0.1,7,1
69000,6400,16.77,0.09,8,1
75000,6400,7.49,0.09,8,0
54000,12000,7.66,0.22,6,0
80000,6400,10.99,0.08,10,0
54000,10000,7.29,0.19,7,0
80000,6400,7.88,0.08,8,0
87000,6400,10.39,0.07,6,0
90000,6400,6.62,0.07,7,0
54000,10000,9.99,0.19,9,0
95000,6400,11.54,0.07,5,0
96000,6400,11.49,0.07,8,0
54000,5000,5.79,0.09,6,0
54000,11000,6.54,0.2,9,0
54000,6250,9.99,0.12,6,0
48000,5000,10.36,0.1,5,1
54000,6000,7.14,0.11,5,0
54000,15000,14.72,0.28,9,0
54000,11500,7.88,0.21,6,0
54000,3500,7.88,0.06,6,0
54000,1200,7.51,0.02,7,0
54000,4000,6.39,0.07,5,0
54000,2000,7.14,0.04,9,0
27000,6900,9.99,0.26,7,0
48000,8000,7.14,0.17,8,1
39500,6925,7.88,0.18,9,0
54000,5000,7.88,0.09,5,0
54000,9250,11.36,0.17,10,0
43000,6950,9.91,0.16,9,0
54000,5000,7.14,0.09,5,0
54000,5000,10.62,0.09,7,0
25200,7000,15.68,0.28,7,1
54000,7500,13.22,0.14,10,0
54000,9600,12.18,0.18,8,0
54000,10000,8.59,0.19,8,0
27000,7000,13.72,0.26,7,0
27600,7000,6.54,0.25,9,0
54000,10000,7.74,0.19,7,0
27720,7000,10.95,0.25,6,0
28000,7000,13.22,0.25,10,0
54000,5000,8.0,0.09,8,0
54000,12000,9.32,0.22,7,0
28704,7000,9.32,0.24,10,0
54000,13000,12.53,0.24,10,0
28800,7000,7.51,0.24,10,0
29004,7000,6.03,0.24,10,0
29736,7000,6.92,0.24,8,0
30000,7000,15.62,0.23,6,1
30000,7000,11.99,0.23,8,0
54072,3000,6.99,0.06,7,0
54072,7000,11.89,0.13,9,0
54080,13750,11.14,0.25,7,0
30000,7000,10.37,0.23,7,0
30000,7000,13.35,0.23,10,0
54099,21000,9.96,0.39,6,0
30000,7000,12.18,0.23,9,0
54120,6000,11.36,0.11,6,0
54216,9000,5.99,0.17,5,0
31200,7000,9.88,0.22,9,0
32000,7000,14.91,0.22,9,1
54548,6000,7.14,0.11,9,0
33000,7000,8.9,0.21,10,0
54600,2500,9.99,0.05,7,0
34000,7000,15.96,0.21,10,0
35000,7000,12.69,0.2,8,0
54912,5500,12.53,0.1,8,0
35000,7000,12.68,0.2,9,0
35000,7000,8.88,0.2,5,0
36000,7000,6.91,0.19,9,0
54996,7000,6.92,0.13,8,0
36000,7000,13.72,0.19,8,0
30416,7000,14.96,0.23,7,1
36500,7000,10.78,0.19,8,0
48996,1200,14.35,0.02,7,1
54996,16400,13.98,0.3,9,0
37000,7000,9.32,0.19,8,0
37120,7000,13.47,0.19,10,0
37440,7000,9.91,0.19,8,0
32000,7000,14.65,0.22,10,1
38000,7000,7.66,0.18,6,0
38400,7000,7.51,0.18,6,0
33000,7000,7.9,0.21,9,1
48996,8500,14.11,0.17,9,1
54996,8000,14.11,0.15,9,0
39996,7000,9.32,0.18,6,0
39996,7000,12.84,0.18,5,0
34000,7000,13.49,0.21,5,1
55000,3500,10.65,0.06,5,0
40000,7000,9.62,0.17,9,0
40000,7000,7.14,0.17,5,0
55000,5000,6.62,0.09,6,0
40000,7000,16.07,0.17,8,0
40000,7000,8.59,0.17,10,0
55000,4000,12.42,0.07,9,0
55000,20000,6.62,0.36,10,0
41000,7000,13.49,0.17,7,0
55000,11500,7.9,0.21,9,0
41000,7000,12.73,0.17,5,0
55000,18000,7.9,0.33,6,0
35520,7000,14.91,0.2,8,1
41779,7000,5.79,0.17,10,0
55000,10000,7.9,0.18,6,0
55000,9000,7.51,0.16,8,0
42000,7000,7.9,0.17,7,0
42000,7000,11.11,0.17,6,0
36000,7000,5.79,0.19,5,1
55000,6700,16.77,0.12,7,0
55000,2500,13.49,0.05,7,0
55000,7000,13.49,0.13,10,0
55000,4500,13.49,0.08,8,0
55000,12625,7.9,0.23,6,0
55000,8000,7.49,0.15,9,0
55000,12000,7.49,0.22,6,0
43000,7000,7.88,0.16,6,0
55000,6500,10.99,0.12,9,0
44000,7000,7.14,0.16,7,0
55000,20000,7.49,0.36,6,0
55000,12800,5.42,0.23,9,0
44400,7000,10.0,0.16,6,0
55000,6000,12.99,0.11,6,0
55000,1450,10.59,0.03,5,0
55000,1775,7.49,0.03,7,0
45000,7000,7.49,0.16,9,0
45000,7000,13.43,0.16,7,0
45000,7000,11.86,0.16,8,0
45000,7000,10.38,0.16,8,0
55000,12000,7.49,0.22,5,0
39000,7000,13.79,0.18,7,1
46000,7000,8.9,0.15,8,0
55000,4000,10.99,0.07,6,0
55000,11000,7.49,0.2,10,0
40000,7000,14.91,0.17,9,1
49000,11500,10.99,0.23,9,1
55000,15000,8.49,0.27,10,0
47000,7000,10.36,0.15,7,0
49000,16000,13.49,0.33,7,1
48000,7000,11.99,0.15,8,0
55000,8000,10.0,0.15,6,0
48000,7000,11.36,0.15,9,0
55000,3600,6.92,0.07,10,0
49000,7000,12.69,0.14,6,0
50000,7000,14.65,0.14,9,0
55000,5000,13.43,0.09,10,0
50000,7000,11.49,0.14,9,0
55000,3200,5.79,0.06,10,0
50000,7000,6.92,0.14,9,0
50000,7000,8.32,0.14,5,0
50400,7000,6.17,0.14,8,0
55000,8000,13.72,0.15,9,0
52000,7000,16.77,0.13,5,0
55000,15000,6.54,0.27,6,0
52000,7000,11.99,0.13,8,0
55000,9600,9.62,0.17,9,0
52249,7000,7.49,0.13,7,0
55000,6250,9.99,0.11,9,0
55000,12000,5.79,0.22,10,0
55000,4800,5.79,0.09,6,0
55000,11000,5.42,0.2,9,0
53000,7000,9.88,0.13,9,0
53250,7000,10.37,0.13,6,0
48000,7000,12.68,0.15,10,1
55000,12000,10.38,0.22,8,0
55000,7000,8.88,0.13,9,0
85000,7000,10.65,0.08,9,0
85000,7000,8.9,0.08,5,0
85000,7000,13.99,0.08,9,0
85000,7000,6.92,0.08,8,0
55000,8000,7.14,0.15,10,0
55000,6400,7.88,0.12,9,0
90000,7000,11.71,0.08,9,0
55000,6500,13.98,0.12,10,0
49000,19750,15.58,0.4,9,1
40100,7175,12.99,0.18,7,0
55000,4500,7.14,0.08,6,0
55000,9000,13.85,0.16,10,0
55000,10000,11.36,0.18,8,0
55000,8000,7.51,0.15,8,0
55000,15000,11.36,0.27,5,0
55000,12000,7.51,0.22,9,0
26400,7200,7.49,0.27,10,0
55000,21250,15.7,0.39,6,0
55000,7000,13.48,0.13,8,0
28800,7200,11.99,0.25,10,1
29120,7200,13.11,0.25,6,0
55000,6500,10.99,0.12,9,0
30000,7200,15.96,0.24,6,0
30000,7200,15.27,0.24,9,0
30000,7200,12.69,0.24,10,1
30000,7200,7.29,0.24,7,0
30000,7200,10.36,0.24,6,0
31000,7200,11.03,0.23,8,1
31500,7200,5.79,0.23,6,0
55000,8500,7.88,0.15,8,0
32000,7200,12.61,0.23,5,0
33000,7200,11.71,0.22,10,1
34200,7200,6.99,0.21,6,0
35000,7200,12.42,0.21,9,0
35000,7200,7.66,0.21,6,0
55000,15250,16.35,0.28,6,0
38000,7200,10.08,0.19,7,0
40000,7200,13.22,0.18,6,0
40000,7200,9.63,0.18,8,0
40351,7200,7.29,0.18,9,0
55000,8000,11.14,0.15,9,0
41000,7200,7.49,0.18,5,0
55000,10650,11.58,0.19,8,0
41196,7200,7.9,0.17,7,0
35316,7200,14.84,0.2,10,1
42000,7200,10.99,0.17,6,0
42504,7200,10.59,0.17,6,0
43108,7200,6.03,0.17,7,0
39000,7200,10.65,0.18,5,1
55000,18000,14.11,0.33,5,0
39000,7200,11.71,0.18,5,1
48000,7200,10.39,0.15,8,0
49000,7200,12.42,0.15,7,0
50000,7200,11.99,0.14,9,0
55000,7500,12.22,0.14,6,0
55000,12000,13.55,0.22,5,0
49000,15000,9.76,0.31,7,1
56052,7200,11.28,0.13,8,0
55140,10000,13.49,0.18,8,0
60000,7200,8.9,0.12,7,0
60000,7200,5.42,0.12,7,0
60000,7200,7.74,0.12,10,0
49200,7500,16.32,0.15,7,1
62000,7200,12.99,0.12,9,0
55200,3000,11.72,0.05,10,0
65000,7200,13.98,0.11,8,0
65000,7200,11.12,0.11,8,0
49500,4750,15.27,0.1,7,1
75000,7200,7.9,0.1,10,0
75000,7200,9.88,0.1,7,0
55530,18825,8.9,0.34,7,0
55596,2000,7.51,0.04,9,0
55600,8800,9.99,0.16,6,0
55600,4200,10.37,0.08,9,0
82500,7200,14.22,0.09,9,0
83000,7200,8.0,0.09,8,0
55680,4000,12.73,0.07,7,0
55684,5200,12.69,0.09,9,0
85000,7200,11.58,0.08,10,0
55704,8400,7.51,0.15,9,0
55728,13000,10.62,0.23,9,0
49777,6000,14.54,0.12,6,1
85000,7200,7.68,0.08,10,0
90000,7200,11.99,0.08,7,0
55920,22000,7.88,0.39,6,0
90000,7200,5.42,0.08,5,0
98500,7200,14.35,0.07,6,0
112123,7200,8.59,0.06,9,0
56000,1000,14.65,0.02,8,0
120000,7200,7.29,0.06,10,0
125004,7200,9.99,0.06,6,0
56000,12000,6.62,0.21,6,0
28800,7225,6.92,0.25,7,0
20800,7250,8.0,0.35,10,1
56000,9200,6.03,0.16,9,0
39750,7250,8.49,0.18,8,0
35000,7300,11.71,0.21,9,0
56000,6000,10.99,0.11,9,0
56000,15000,7.49,0.27,9,0
50000,7300,7.29,0.15,9,0
50000,10000,16.89,0.2,7,1
115000,7300,10.25,0.06,9,0
44995,7350,7.49,0.16,10,0
56000,10050,9.63,0.18,8,0
31000,7400,16.77,0.24,9,1
69000,7400,9.76,0.11,5,0
56000,12000,6.54,0.21,5,0
56000,3000,8.88,0.05,9,0
140000,7400,6.03,0.05,9,0
56000,12000,14.72,0.21,7,0
55000,7450,15.62,0.14,8,0
62900,7450,15.99,0.1,10,1
56000,6000,13.23,0.11,7,0
56000,5600,11.86,0.1,7,0
20000,7500,9.76,0.38,9,1
56000,11500,7.14,0.21,10,0
56000,10000,7.14,0.18,8,0
56000,13000,7.88,0.23,5,0
21996,7500,10.37,0.34,9,1
56000,8000,8.59,0.14,5,0
56000,14000,12.18,0.25,7,0
25400,7500,14.59,0.3,5,1
56000,18000,14.61,0.32,9,0
56000,4800,14.61,0.09,6,0
27000,7500,12.69,0.28,10,0
27600,7500,6.62,0.27,9,0
30000,7500,14.84,0.25,7,0
30000,7500,11.86,0.25,5,1
56000,15000,11.26,0.27,10,0
31000,7500,7.49,0.24,9,0
32004,7500,13.47,0.23,10,0
56004,9600,5.99,0.17,6,0
33000,7500,15.65,0.23,7,1
33000,7500,11.34,0.23,9,0
34000,7500,8.94,0.22,8,0
34200,7500,8.94,0.22,7,0
56004,5000,7.74,0.09,7,0
56004,3100,9.32,0.06,7,0
56030,13000,11.89,0.23,7,0
56033,16000,14.65,0.29,6,0
56100,16000,6.03,0.29,8,0
35004,7500,8.63,0.21,5,0
35300,7500,12.29,0.21,7,0
56148,2400,13.99,0.04,6,0
56244,12000,14.22,0.21,8,0
56256,6500,6.17,0.12,5,0
56331,10000,10.36,0.18,10,0
56400,7000,7.9,0.12,10,0
37000,7500,15.23,0.2,6,0
56400,12100,5.79,0.21,9,0
31000,7500,15.31,0.24,5,1
38168,7500,9.76,0.2,6,0
38400,7500,13.49,0.2,5,0
40000,7500,12.69,0.19,5,0
56604,3000,17.58,0.05,9,0
56628,12000,8.94,0.21,10,0
34000,7500,15.58,0.22,5,1
56700,15000,12.12,0.26,7,0
56700,11000,10.62,0.19,6,0
40000,7500,11.86,0.19,8,0
56784,12000,14.96,0.21,10,0
50820,10000,10.59,0.2,8,1
56864,12300,7.88,0.22,7,0
40000,7500,12.73,0.19,9,0
34000,7500,10.01,0.22,5,1
40000,7500,8.0,0.19,6,0
57000,9500,7.51,0.17,5,0
42000,7500,12.87,0.18,8,0
36000,7500,10.39,0.21,9,1
36000,7500,13.55,0.21,7,1
57000,9600,15.96,0.17,9,0
57000,15000,6.03,0.26,6,0
44875,7500,8.32,0.17,8,0
45000,7500,15.27,0.17,8,0
57000,3000,7.51,0.05,5,0
57000,5500,7.49,0.1,5,0
45000,7500,12.73,0.17,6,0
51000,4775,7.49,0.09,6,1
39000,7500,9.45,0.19,9,1
45756,7500,10.0,0.16,7,0
51000,10000,6.99,0.2,5,1
46000,7500,13.49,0.16,5,0
57000,4500,7.49,0.08,10,0
46800,7500,7.88,0.16,10,0
48000,7500,7.49,0.16,6,0
48500,7500,12.86,0.15,7,0
42996,7500,11.91,0.17,7,1
57000,9000,13.35,0.16,5,0
57000,13000,7.88,0.23,5,0
57000,2500,6.76,0.04,7,0
57000,6000,7.51,0.11,8,0
57000,5000,11.86,0.09,10,0
44000,7500,12.92,0.17,6,1
57000,8000,9.88,0.14,9,0
50400,7500,10.25,0.15,7,0
57000,6000,12.73,0.11,10,0
50750,7500,11.91,0.15,6,0
51000,7500,16.49,0.15,7,0
51000,20400,17.74,0.4,5,1
45063,7500,15.05,0.17,6,1
57000,3500,11.83,0.06,6,0
54200,7500,12.61,0.14,10,0
57000,13000,9.63,0.23,5,0
51000,1200,9.63,0.02,7,1
57000,6000,9.32,0.11,5,0
57000,4000,8.0,0.07,7,0
57000,15000,10.39,0.26,7,0
55000,7500,12.84,0.14,6,0
56400,7500,11.48,0.13,10,0
57000,7500,14.27,0.13,5,0
57000,7500,12.53,0.13,9,0
57000,7500,11.14,0.13,7,0
51043,2100,12.29,0.04,8,1
57996,7500,12.21,0.13,10,0
57200,7500,13.11,0.13,5,0
57240,15000,11.99,0.26,6,0
57240,10000,5.99,0.17,6,0
57248,9000,6.92,0.16,7,0
57300,12000,11.48,0.21,8,0
57335,16500,14.84,0.29,10,0
57400,7600,5.99,0.13,10,0
60000,7500,5.79,0.13,9,0
57408,18000,8.88,0.31,10,0
57500,15000,6.03,0.26,7,0
62000,7500,13.04,0.12,6,0
57500,19600,7.88,0.34,8,0
65000,7500,12.69,0.12,10,0
59000,7500,9.99,0.13,8,1
65000,7500,10.95,0.12,10,0
57600,6000,14.65,0.1,8,0
51600,13650,16.29,0.26,9,1
57600,10625,12.42,0.18,6,0
57600,3000,12.99,0.05,10,0
57600,17000,7.66,0.3,8,0
70000,7500,7.88,0.11,5,0
57600,3000,11.11,0.05,6,0
51600,12000,17.88,0.23,8,1
66000,7500,11.28,0.11,7,1
57600,8500,7.14,0.15,5,0
57600,12000,15.58,0.21,7,0
57600,15000,10.25,0.26,10,0
80000,7500,5.42,0.09,10,0
80000,7500,12.18,0.09,5,0
81000,7500,10.25,0.09,7,0
85000,7500,10.08,0.09,5,0
57758,12000,6.62,0.21,9,0
57770,9975,11.49,0.17,5,0
87360,7500,12.54,0.09,8,0
57800,7000,6.99,0.12,6,0
57886,4000,7.9,0.07,9,0
57912,5600,5.42,0.1,8,0
96000,7500,9.83,0.08,10,0
99504,7500,13.57,0.08,10,0
101000,7500,13.22,0.07,5,0
105000,7500,11.03,0.07,9,0
103000,7500,16.77,0.07,7,1
115000,7500,5.99,0.07,8,0
115000,7500,11.03,0.07,8,0
57996,4800,8.59,0.08,9,0
120000,7500,16.29,0.06,5,0
57996,20475,12.72,0.35,10,0
155000,7500,11.59,0.05,5,0
160000,7500,11.28,0.05,7,0
160000,7500,8.0,0.05,8,0
165000,7500,10.62,0.05,7,0
58000,15000,9.91,0.26,9,0
58000,6200,10.65,0.11,6,0
40000,7550,13.92,0.19,9,0
52000,3000,15.96,0.06,6,1
58000,6000,12.99,0.1,8,0
28000,7600,10.99,0.27,7,0
58000,5350,9.99,0.09,9,0
58000,4000,5.42,0.07,8,0
58000,6700,9.99,0.12,5,0
33000,7600,15.27,0.23,6,0
33000,7600,8.0,0.23,10,0
58000,2800,11.99,0.05,8,0
44208,7600,7.74,0.17,8,0
58000,3000,5.42,0.05,9,0
45000,7600,14.59,0.17,8,1
51996,7600,14.17,0.15,8,0
58000,9600,7.49,0.17,7,0
33000,7650,19.29,0.23,6,1
58000,6000,5.79,0.1,5,0
58000,14500,13.06,0.25,7,0
58000,12500,13.43,0.22,8,0
58000,3625,6.17,0.06,5,0
30000,7700,12.42,0.26,8,0
58000,3250,11.86,0.06,8,0
58000,3000,6.76,0.05,10,0
58000,9000,13.23,0.16,6,0
58000,12000,7.51,0.21,8,0
48000,7725,8.94,0.16,5,0
56200,7725,13.75,0.14,6,1
58000,4000,11.12,0.07,6,0
58000,6500,13.98,0.11,8,0
24000,7750,13.85,0.32,8,1
58000,4000,7.14,0.07,9,0
58000,1800,6.76,0.03,8,0
26400,7750,14.27,0.29,7,1
26400,7750,12.87,0.29,5,0
29000,7750,11.86,0.27,5,0
58000,8000,13.85,0.14,10,0
30000,7750,13.87,0.26,9,1
32000,7750,14.22,0.24,5,0
58000,14000,7.51,0.24,7,0
41558,7750,16.45,0.19,7,0
58000,4000,11.14,0.07,10,0
28000,7800,8.88,0.28,7,0
30100,7800,14.35,0.26,10,0
58000,14000,12.87,0.24,9,0
58000,14000,11.83,0.24,8,0
58000,10000,9.32,0.17,10,0
58000,6000,9.32,0.1,5,0
40320,7800,8.88,0.19,10,0
41004,7800,11.14,0.19,7,0
52044,8875,7.9,0.17,7,1
58075,4000,5.99,0.07,6,0
58200,4500,11.12,0.08,7,0
54000,7800,14.84,0.14,6,1
58239,10500,6.62,0.18,5,0
70000,7800,7.9,0.11,8,0
93158,7800,16.29,0.08,6,0
52500,10000,9.63,0.19,8,1
58570,11000,7.88,0.19,9,0
52600,21600,17.27,0.41,9,1
58600,4550,8.0,0.08,8,0
37000,7900,11.11,0.21,7,0
58656,8000,11.14,0.14,6,0
24000,7950,15.99,0.33,5,1
35000,7950,15.62,0.23,10,1
58788,2200,11.99,0.04,6,0
58800,11400,10.99,0.19,9,0
58800,7000,13.99,0.12,7,0
58800,16000,9.88,0.27,6,0
58800,5500,6.76,0.09,9,0
58800,9800,13.22,0.17,9,0
58868,8400,13.57,0.14,9,0
20000,8000,12.42,0.4,8,1
59000,5500,7.9,0.09,8,0
59000,5500,9.91,0.09,9,0
20000,8000,11.89,0.4,10,1
20400,8000,8.49,0.39,6,1
21000,8000,11.71,0.38,7,1
21340,8000,11.14,0.37,6,1
21600,8000,10.59,0.37,5,1
59000,10000,7.49,0.17,6,0
59000,10000,7.49,0.17,7,0
59000,4000,5.79,0.07,6,0
59000,14000,10.36,0.24,5,0
24000,8000,12.99,0.33,6,1
59000,10000,6.91,0.17,5,0
59000,10000,7.51,0.17,8,0
59000,16000,13.98,0.27,10,0
24000,8000,7.29,0.33,7,1
53000,5000,7.14,0.09,10,1
24000,8000,11.12,0.33,9,1
24996,8000,7.51,0.32,7,1
59000,6000,11.83,0.1,5,0
59000,13000,11.14,0.22,7,0
25000,8000,6.91,0.32,6,1
25000,8000,14.84,0.32,7,1
59004,24250,11.49,0.41,9,0
26000,8000,7.9,0.31,10,1
59068,13500,13.22,0.23,9,0
26000,8000,11.36,0.31,5,1
59147,7000,11.26,0.12,5,0
59196,5000,8.0,0.08,5,0
26400,8000,10.59,0.3,7,1
26400,8000,7.51,0.3,10,0
27996,8000,10.99,0.29,8,0
59450,3000,10.38,0.05,6,0
59500,15000,6.54,0.25,8,0
59506,8000,16.07,0.13,7,0
59520,5000,8.59,0.08,7,0
59700,6000,10.99,0.1,5,0
59904,3000,12.53,0.05,10,0
28800,8000,12.73,0.28,10,0
28800,8000,13.22,0.28,9,0
29962,8000,12.53,0.27,7,0
60000,14400,13.49,0.24,7,0
60000,7200,6.03,0.12,8,0
60000,16000,15.96,0.27,5,0
60000,6000,13.49,0.1,8,0
60000,15000,15.96,0.25,9,0
30000,8000,20.52,0.27,7,1
30000,8000,7.74,0.27,9,0
30000,8000,13.22,0.27,9,0
60000,12000,6.62,0.2,10,0
60000,5000,14.27,0.08,5,0
30996,8000,7.29,0.26,10,0
32000,8000,9.91,0.25,7,0
54000,10000,14.27,0.19,10,1
60000,3500,7.9,0.06,9,0
32000,8000,17.27,0.25,10,0
60000,19600,9.91,0.33,5,0
60000,21000,7.9,0.35,5,0
33000,8000,14.65,0.24,9,1
60000,2500,12.69,0.04,7,0
34000,8000,7.9,0.24,7,0
60000,4000,9.91,0.07,7,0
60000,14125,13.49,0.24,6,0
34000,8000,9.99,0.24,5,0
60000,8650,8.9,0.14,10,0
29000,8000,18.25,0.28,6,1
60000,1500,6.03,0.03,9,0
35000,8000,14.79,0.23,9,0
60000,17000,8.9,0.28,8,0
35000,8000,6.17,0.23,9,0
60000,6000,6.62,0.1,7,0
60000,9000,12.69,0.15,8,0
29000,8000,13.11,0.28,9,1
35000,8000,12.21,0.23,6,0
60000,20000,11.71,0.33,5,0
60000,16000,11.71,0.27,8,0
60000,5000,6.03,0.08,10,0
60000,13000,8.9,0.22,10,0
35142,8000,11.11,0.23,6,0
30000,8000,12.69,0.27,6,1
36000,8000,10.65,0.22,6,0
60000,8000,7.51,0.13,10,0
60000,4000,7.9,0.07,8,0
60000,10000,12.69,0.17,5,0
60000,4000,6.03,0.07,7,0
36000,8000,8.49,0.22,8,0
60000,5600,12.42,0.09,10,0
36000,8000,11.36,0.22,8,0
36000,8000,13.92,0.22,9,0
60000,9000,12.42,0.15,7,0
36000,8000,12.84,0.22,6,0
36996,8000,7.49,0.22,6,0
37000,8000,13.49,0.22,10,0
31000,8000,7.66,0.26,8,1
60000,20000,7.9,0.33,7,0
37050,8000,8.0,0.22,6,0
37440,8000,10.99,0.21,9,0
60000,7000,7.49,0.12,8,0
37681,8000,10.99,0.21,7,0
60000,20000,6.99,0.33,7,0
60000,10000,10.99,0.17,10,0
60000,7000,15.99,0.12,7,0
32000,8000,5.99,0.25,9,1
60000,1500,12.99,0.03,10,0
60000,7800,10.59,0.13,10,0
32918,8000,14.59,0.24,8,1
33000,8000,5.79,0.24,8,1
60000,3250,13.49,0.05,5,0
60000,10500,7.49,0.17,7,0
39000,8000,11.03,0.21,9,0
60000,5075,5.99,0.08,8,0
39600,8000,9.91,0.2,10,0
60000,2000,5.42,0.03,8,0
33666,8000,17.49,0.24,9,1
39996,8000,5.99,0.2,5,0
54000,7500,7.49,0.14,9,1
34000,8000,16.77,0.24,10,1
34000,8000,7.9,0.24,5,1
40000,8000,7.9,0.2,9,0
40000,8000,11.99,0.2,7,0
60000,5100,11.49,0.09,6,0
40000,8000,9.62,0.2,9,0
40000,8000,10.25,0.2,10,0
54000,20000,18.79,0.37,5,1
54000,6000,15.23,0.11,8,1
40000,8000,11.89,0.2,7,0
40000,8000,10.95,0.2,6,0
60000,3000,17.49,0.05,8,0
41200,8000,11.99,0.19,7,0
35600,8000,14.59,0.22,9,1
42000,8000,12.42,0.19,7,0
42000,8000,5.99,0.19,7,0
36000,8000,15.99,0.22,6,1
60000,8000,5.99,0.13,9,0
42000,8000,10.0,0.19,5,0
60000,5000,16.49,0.08,9,0
60000,4000,6.99,0.07,7,0
42000,8000,7.29,0.19,6,0
60000,7125,9.99,0.12,7,0
36000,8000,13.85,0.22,6,1
36672,8000,7.9,0.22,9,1
42682,8000,6.03,0.19,9,0
60000,6000,5.99,0.1,8,0
43000,8000,16.49,0.19,5,0
60000,5000,5.42,0.08,7,0
60000,15000,11.99,0.25,6,0
43000,8000,12.68,0.19,6,0
43000,8000,10.0,0.19,8,0
60000,10000,7.49,0.17,7,0
60000,7000,5.42,0.12,8,0
60000,6500,10.99,0.11,5,0
54000,12000,16.49,0.22,5,1
44000,8000,17.49,0.18,8,0
60000,3600,5.42,0.06,9,0
38760,8000,18.09,0.21,7,1
60000,4125,5.99,0.07,5,0
60000,4125,9.99,0.07,10,0
54000,15000,8.49,0.28,6,1
45000,8000,10.99,0.18,10,0
45000,8000,7.66,0.18,5,0
39000,8000,14.91,0.21,7,1
60000,7000,11.11,0.12,5,0
45000,8000,13.85,0.18,10,0
60000,5000,7.66,0.08,10,0
60000,15000,12.68,0.25,6,0
45000,8000,12.18,0.18,5,0
45000,8000,12.53,0.18,6,0
60000,5000,7.66,0.08,10,0
60000,15000,10.74,0.25,5,0
60000,8500,6.92,0.14,6,0
46000,8000,7.14,0.17,10,0
46000,8000,11.36,0.17,8,0
40000,8000,15.65,0.2,6,1
60000,2000,7.29,0.03,7,0
47000,8000,8.59,0.17,9,0
41000,8000,12.84,0.2,10,1
60000,7000,7.66,0.12,9,0
60000,5000,9.63,0.08,6,0
60000,10000,5.79,0.17,6,0
60000,12000,7.29,0.2,7,0
48000,8000,13.23,0.17,5,0
60000,8000,7.66,0.13,6,0
60000,9000,12.23,0.15,10,0
50000,8000,14.27,0.16,9,0
60000,16800,12.61,0.28,7,0
50000,8000,7.9,0.16,9,0
60000,4000,6.54,0.07,9,0
50000,8000,11.71,0.16,9,0
60000,16000,6.54,0.27,6,0
60000,6000,13.35,0.1,8,0
60000,2000,6.91,0.03,6,0
60000,12000,5.79,0.2,8,0
50000,8000,14.65,0.16,9,0
60000,6300,9.62,0.1,10,0
54000,5000,12.61,0.09,10,1
60000,22000,14.09,0.37,8,0
60000,20000,6.17,0.33,5,0
50000,8000,13.43,0.16,10,0
50000,8000,7.14,0.16,7,0
50000,8000,13.98,0.16,9,0
50000,8000,10.62,0.16,8,0
50000,8000,7.14,0.16,6,0
60000,15000,14.83,0.25,9,0
50004,8000,15.23,0.16,9,0
60000,1750,9.99,0.03,8,0
51000,8000,13.11,0.16,10,0
51000,8000,9.63,0.16,9,0
60000,7500,5.79,0.13,8,0
51400,8000,7.51,0.16,10,0
60000,9600,9.99,0.16,10,0
52000,8000,11.11,0.15,8,0
52000,8000,7.51,0.15,5,0
52500,8000,7.51,0.15,6,0
60000,2400,10.75,0.04,9,0
60000,4000,13.98,0.07,7,0
60000,5100,10.75,0.09,8,0
60000,7200,7.88,0.12,7,0
53040,8000,9.88,0.15,10,0
60000,10000,10.38,0.17,6,0
54000,8000,15.23,0.15,9,0
54000,8000,13.8,0.15,5,0
48000,8000,14.42,0.17,8,1
54590,8000,11.49,0.15,6,0
54000,12000,15.58,0.22,5,1
54996,8000,5.79,0.15,10,0
60000,8800,7.51,0.15,9,0
60000,9600,7.51,0.16,10,0
60000,9600,14.35,0.16,6,0
55000,8000,10.0,0.15,9,0
55000,8000,7.29,0.15,9,0
60000,13500,7.51,0.23,7,0
60000,8000,7.88,0.13,8,0
60000,15000,11.86,0.25,8,0
60000,12000,7.51,0.2,5,0
60000,15000,11.86,0.25,6,0
55000,8000,11.83,0.15,9,0
60000,6000,14.84,0.1,6,0
54000,6500,16.45,0.12,6,1
60000,2500,14.72,0.04,5,0
55000,8000,13.16,0.15,5,0
50000,8000,14.09,0.16,8,1
56004,8000,7.66,0.14,5,0
56400,8000,16.77,0.14,10,0
56888,8000,16.29,0.14,5,0
60000,10000,13.98,0.17,7,0
60000,8000,7.88,0.13,5,0
60000,12250,7.51,0.2,6,0
60000,12000,10.75,0.2,8,0
57996,8000,11.12,0.14,8,0
60000,5000,16.45,0.08,6,0
58000,8000,11.36,0.14,7,0
60000,5000,7.88,0.08,5,0
54000,16000,18.67,0.3,10,1
60000,8000,12.42,0.13,7,0
60000,3500,10.25,0.06,10,0
60000,5000,12.73,0.08,8,0
60000,7400,13.11,0.12,5,0
60000,8000,7.66,0.13,6,0
60000,8000,5.79,0.13,10,0
60000,25000,12.73,0.42,8,0
60000,7000,7.14,0.12,10,0
60000,8000,11.14,0.13,5,0
60000,5000,15.7,0.08,9,0
60000,8000,12.53,0.13,6,0
60000,6000,10.99,0.1,6,0
60000,6000,7.14,0.1,9,0
45000,5200,13.06,0.12,10,0
50500,5200,12.53,0.1,8,0
60000,10000,9.88,0.17,8,0
60000,17000,16.07,0.28,5,0
60000,10000,11.36,0.17,7,0
75000,5200,10.75,0.07,8,0
25000,5175,18.43,0.21,6,1
60000,1000,6.76,0.02,8,0
60000,12000,13.11,0.2,9,0
60000,6000,12.73,0.1,6,0
40000,5100,13.72,0.13,5,0
60000,10000,12.53,0.17,10,0
60000,6000,11.48,0.1,8,0
47133,5100,11.86,0.11,7,0
52000,5100,10.37,0.1,9,0
61150,5100,11.49,0.08,8,0
20000,5075,12.54,0.25,10,0
60000,13250,11.83,0.22,10,0
60000,6000,8.94,0.1,8,0
60000,24250,12.18,0.4,7,0
60000,16000,16.0,0.27,8,0
60000,15000,12.87,0.25,5,0
50000,5050,12.73,0.1,5,0
60000,20000,12.53,0.33,7,0
14000,5000,13.35,0.36,10,1
14573,5000,12.18,0.34,5,1
60000,24000,12.53,0.4,9,0
54000,14800,15.31,0.27,10,1
15000,5000,7.4,0.33,9,1
60000,15000,8.94,0.25,9,0
15600,5000,5.42,0.32,5,1
15600,5000,10.37,0.32,9,1
60000,16000,12.18,0.27,9,0
16000,5000,16.45,0.31,7,1
60000,16000,14.96,0.27,6,0
60000,25000,15.31,0.42,6,0
16800,5000,6.92,0.3,10,1
16800,5000,7.29,0.3,9,1
60000,15000,15.31,0.25,9,0
16800,5000,14.35,0.3,7,1
60000,6000,8.94,0.1,10,0
17676,5000,13.11,0.28,10,1
54000,14800,18.53,0.27,8,1
60000,7000,12.53,0.12,10,0
19200,5000,6.99,0.26,7,1
19200,5000,9.99,0.26,9,1
19200,5000,12.53,0.26,7,1
60000,4800,11.89,0.08,7,0
20000,5000,10.65,0.25,8,0
20000,5000,8.9,0.25,5,0
60000,15000,11.26,0.25,6,0
20000,5000,13.8,0.25,5,0
20000,5000,18.43,0.25,9,1
60000,3600,7.68,0.06,9,0
20000,5000,8.59,0.25,5,0
60000,10500,15.68,0.17,10,0
60000,6400,11.89,0.11,8,0
54000,15250,14.42,0.28,8,1
20520,5000,9.99,0.24,5,0
20743,5000,7.51,0.24,5,0
21000,5000,13.49,0.24,7,0
54000,19400,18.53,0.36,10,1
21600,5000,11.71,0.23,7,0
60000,7500,15.37,0.13,5,0
60000,10000,9.63,0.17,8,0
60000,14000,12.84,0.23,5,0
22000,5000,12.42,0.23,6,0
60000,16000,12.72,0.27,7,0
60000,10000,15.25,0.17,5,0
60000,4500,10.83,0.07,10,0
60000,8000,10.51,0.13,8,0
23400,5000,12.69,0.21,10,0
60000,2500,10.83,0.04,8,0
24000,5000,10.65,0.21,7,0
24000,5000,10.99,0.21,6,1
60000,7500,11.03,0.13,10,0
60000,9600,10.08,0.16,8,0
24000,5000,10.59,0.21,6,0
24000,5000,10.74,0.21,10,0
24000,5000,11.11,0.21,9,1
60000,8350,11.34,0.14,7,0
60000,10000,8.63,0.17,5,0
24000,5000,6.92,0.21,10,0
60000,18000,13.24,0.3,7,0
60000,10425,9.45,0.17,8,0
60000,7000,7.43,0.12,9,0
24000,5000,11.86,0.21,5,0
24000,5000,14.72,0.21,10,0
24000,5000,7.51,0.21,8,0
60096,3000,7.66,0.05,10,0
60100,1500,6.03,0.02,6,0
24414,5000,6.91,0.2,5,0
24720,5000,7.49,0.2,5,0
24996,5000,12.99,0.2,8,1
24996,5000,8.49,0.2,6,0
60380,6000,11.48,0.1,10,0
25000,5000,9.91,0.2,7,1
25000,5000,7.51,0.2,7,0
25000,5000,9.62,0.2,7,0
60589,2650,9.88,0.04,10,0
54600,20000,11.89,0.37,5,1
60600,3000,7.12,0.05,6,0
25000,5000,10.95,0.2,10,0
25200,5000,7.91,0.2,5,0
25480,5000,12.8,0.2,5,1
25591,5000,10.65,0.2,9,0
26000,5000,7.9,0.19,6,0
26000,5000,11.71,0.19,7,0
60996,24250,16.4,0.4,8,0
54996,16750,10.38,0.3,9,1
26100,5000,10.75,0.19,6,0
26400,5000,13.11,0.19,6,1
26496,5000,14.83,0.19,10,1
61000,12000,6.03,0.2,7,0
61000,4000,7.9,0.07,7,0
61000,2000,7.9,0.03,7,0
27000,5000,7.88,0.19,8,0
27000,5000,6.76,0.19,9,0
61000,5000,5.42,0.08,6,0
55000,16000,10.59,0.29,7,1
61000,12000,9.99,0.2,5,0
61000,1050,8.49,0.02,9,0
61000,1200,10.37,0.02,5,0
27911,5000,17.51,0.18,7,1
62000,8000,9.99,0.13,5,0
61000,4500,6.54,0.07,6,0
61000,6000,6.54,0.1,7,0
61000,9000,7.88,0.15,7,0
55000,5000,12.73,0.09,7,1
62000,8000,11.48,0.13,7,0
62400,8000,6.62,0.13,8,0
63000,8000,16.29,0.13,7,0
63000,8000,7.51,0.13,6,0
61104,4400,8.9,0.07,8,0
64000,8000,14.22,0.13,9,0
61104,15000,9.25,0.25,10,0
64800,8000,13.49,0.12,10,0
65000,8000,7.51,0.12,5,0
61200,17000,6.03,0.28,10,0
61200,8000,6.62,0.13,8,0
65000,8000,6.99,0.12,9,0
61200,15000,6.99,0.25,10,0
61200,4500,11.86,0.07,7,0
65000,8000,10.37,0.12,6,0
61200,5700,11.12,0.09,6,0
59000,8000,14.96,0.14,10,1
59004,8000,16.49,0.14,8,1
61400,15000,10.25,0.24,10,0
61425,9000,5.99,0.15,7,0
61440,3500,7.9,0.06,9,0
55476,10000,15.33,0.18,8,1
61476,9200,7.74,0.15,7,0
66000,8000,14.79,0.12,7,0
66000,8000,7.29,0.12,10,0
67200,8000,6.03,0.12,5,0
61500,6000,10.99,0.1,7,0
68120,8000,10.0,0.12,5,0
68500,8000,6.62,0.12,10,0
61572,15000,13.57,0.24,7,0
68500,8000,10.62,0.12,6,0
63000,8000,10.74,0.13,5,1
61800,20000,11.36,0.32,8,0
61838,10675,7.49,0.17,7,0
61848,5000,10.38,0.08,10,0
70000,8000,10.99,0.11,6,0
70000,8000,7.49,0.11,5,0
54400,8000,15.65,0.13,10,1
70000,8000,13.11,0.11,6,0
70000,8000,12.53,0.11,5,0
70000,8000,12.92,0.11,6,0
70004,8000,9.63,0.11,9,0
71000,8000,11.49,0.11,6,0
62000,9475,6.03,0.15,5,0
71000,8000,11.12,0.11,8,0
72000,8000,7.9,0.11,7,0
62000,15000,6.03,0.24,10,0
62000,9000,6.62,0.15,7,0
62000,15000,6.03,0.24,7,0
62000,12000,7.51,0.19,5,0
62000,2500,14.65,0.04,6,0
62000,10000,5.99,0.16,8,0
72000,8000,13.57,0.11,9,0
62000,5000,5.42,0.08,5,0
72100,8000,14.65,0.11,10,0
73000,8000,7.4,0.11,7,0
73008,8000,9.99,0.11,7,0
75000,8000,7.9,0.11,6,0
62000,4150,18.39,0.07,5,0
75000,8000,13.49,0.11,5,0
62000,9600,18.39,0.15,10,0
56000,8000,11.49,0.14,5,1
62000,7500,10.99,0.12,5,0
62000,9600,11.99,0.15,8,0
76000,8000,11.36,0.11,5,0
76860,8000,5.79,0.1,6,0
78000,8000,7.9,0.1,7,0
61200,8000,10.38,0.11,8,1
78500,8000,8.59,0.1,5,0
62000,6550,5.79,0.11,5,0
80000,8000,12.61,0.1,7,0
56000,10000,6.91,0.18,8,1
80500,8000,8.49,0.1,9,0
62000,3600,7.14,0.06,9,0
82000,8000,7.49,0.1,10,0
62000,10000,7.88,0.16,6,0
82710,8000,13.49,0.1,9,0
62000,3000,14.84,0.05,7,0
83500,8000,11.49,0.1,8,0
62000,6000,11.36,0.1,6,0
62000,3700,6.39,0.06,7,0
85000,8000,11.71,0.09,5,0
62000,5000,13.11,0.08,8,0
62000,20000,11.36,0.32,9,0
85000,8000,10.62,0.09,8,0
62000,5000,10.25,0.08,6,0
62000,3600,7.14,0.06,9,0
86000,8000,5.99,0.09,10,0
86400,8000,13.49,0.09,9,0
62000,15000,12.18,0.24,6,0
90000,8000,10.99,0.09,10,0
62000,9800,13.79,0.16,10,0
90000,8000,7.88,0.09,5,0
62000,10000,12.41,0.16,9,0
56000,5050,12.29,0.09,5,1
56000,25000,13.55,0.45,8,1
95000,8000,12.42,0.08,6,0
62000,3275,9.33,0.05,8,0
62004,12000,11.11,0.19,7,0
99000,8000,12.99,0.08,8,0
104000,8000,11.58,0.08,8,0
105000,8000,8.38,0.08,8,0
105500,8000,7.49,0.08,7,0
103000,8000,14.61,0.08,10,1
62217,6000,14.27,0.1,6,0
62256,9000,15.05,0.14,10,0
108000,8000,14.96,0.07,7,1
62352,3800,6.62,0.06,7,0
62400,6000,6.03,0.1,10,0
56400,8500,12.42,0.15,6,1
130000,8000,10.99,0.06,10,0
62400,1000,5.42,0.02,7,0
132640,8000,13.57,0.06,5,0
62400,12000,5.42,0.19,8,0
62400,5400,7.29,0.09,7,0
150000,8000,11.71,0.05,10,0
62400,8500,14.09,0.14,5,0
56400,4000,13.35,0.07,5,1
155000,8000,7.9,0.05,6,0
160000,8000,12.69,0.05,7,0
160000,8000,12.42,0.05,9,0
215000,8000,10.71,0.04,7,0
62400,20000,12.53,0.32,6,0
67000,8050,14.72,0.12,9,0
35004,8150,16.49,0.23,5,0
62500,1600,5.42,0.03,5,0
62500,12000,7.66,0.19,8,0
62500,15000,6.91,0.24,10,0
42996,8200,7.88,0.19,9,0
62500,5000,11.36,0.08,7,0
62500,3000,13.92,0.05,5,0
32500,8250,7.51,0.25,10,0
48000,8250,7.51,0.17,6,0
62570,25000,14.84,0.4,5,0
56664,16300,14.91,0.29,10,1
62910,7075,17.58,0.11,8,0
26900,8325,7.51,0.31,7,1
81120,8350,7.49,0.1,8,0
63000,15500,14.65,0.25,5,0
63000,18250,8.9,0.29,9,0
30000,8400,11.89,0.28,10,0
63000,5000,6.03,0.08,5,0
32000,8400,13.98,0.26,9,1
63000,3500,7.49,0.06,7,0
63000,1700,8.49,0.03,5,0
32758,8400,14.96,0.26,5,1
63000,4400,5.99,0.07,8,0
63000,8575,13.49,0.14,8,0
33144,8400,14.91,0.25,8,0
63000,18000,11.49,0.29,9,0
57000,2600,5.99,0.05,7,1
33276,8400,18.43,0.25,5,1
63000,7400,10.99,0.12,10,0
63000,6400,14.79,0.1,9,0
63000,4000,6.99,0.06,7,0
63000,18000,7.49,0.29,9,0
37000,8400,9.91,0.23,7,0
33500,8400,10.99,0.25,9,1
41000,8400,11.71,0.2,6,0
63000,8000,6.17,0.13,8,0
63000,11500,9.99,0.18,8,0
63000,4500,8.88,0.07,7,0
42000,8400,7.88,0.2,9,0
63000,13500,13.23,0.21,5,0
49872,8400,7.29,0.17,9,0
57000,9000,17.93,0.16,6,1
63000,8000,10.25,0.13,6,0
63000,15000,10.99,0.24,9,0
63000,12800,7.88,0.2,10,0
50400,8400,12.42,0.17,7,0
51000,8400,10.71,0.16,5,0
63000,8000,12.73,0.13,9,0
63000,5000,11.14,0.08,9,0
63000,7000,13.92,0.11,7,0
52000,8400,5.79,0.16,6,0
63000,25000,11.48,0.4,8,0
63000,7000,13.57,0.11,7,0
52800,8400,11.86,0.16,10,0
63000,4500,9.63,0.07,8,0
63000,2500,7.68,0.04,7,0
57996,8400,12.98,0.14,8,0
57000,10000,15.68,0.18,8,1
52576,8400,7.49,0.16,6,1
63000,5000,13.67,0.08,7,0
63000,9500,8.07,0.15,6,0
65000,8400,6.99,0.13,5,0
65280,8400,13.61,0.13,9,0
63324,24000,11.83,0.38,6,0
63344,8000,11.36,0.13,10,0
71000,8400,12.61,0.12,10,0
66000,8400,7.51,0.13,8,1
63440,20000,8.9,0.32,10,0
63500,5125,8.49,0.08,5,0
75000,8400,11.14,0.11,5,1
63500,12000,15.33,0.19,9,0
102000,8400,17.19,0.08,10,0
57504,17000,12.18,0.3,8,1
57600,2000,6.76,0.03,9,1
63600,8500,13.23,0.13,8,0
98000,8525,10.78,0.09,9,1
63830,15000,17.99,0.23,5,0
63844,20000,6.54,0.31,10,0
27840,8575,19.42,0.31,8,1
63996,3200,5.42,0.05,6,0
63996,12000,12.61,0.19,5,0
35000,8575,15.27,0.24,6,0
63996,6400,8.0,0.1,9,0
30000,8600,7.51,0.29,8,0
32000,8600,16.02,0.27,6,1
35000,8600,15.99,0.25,5,0
64000,10200,6.62,0.16,8,0
43200,8600,11.36,0.2,5,0
30000,8650,8.94,0.29,6,0
60682,8650,8.49,0.14,8,0
64000,7000,11.71,0.11,9,0
64000,12000,6.03,0.19,8,0
28320,8700,14.61,0.31,10,1
32004,8700,15.58,0.27,10,1
40320,8700,12.61,0.22,5,0
45000,8700,7.88,0.19,9,0
64000,3500,11.99,0.05,8,0
64000,8800,7.49,0.14,5,0
64000,8825,5.99,0.14,5,0
68000,8700,7.88,0.13,5,0
64000,9000,6.92,0.14,6,0
59000,8750,12.68,0.15,9,0
64000,14500,7.66,0.23,6,0
64000,7200,7.29,0.11,7,0
65000,8750,9.63,0.13,5,0
64000,7200,7.29,0.11,8,0
64000,5000,5.79,0.08,5,0
42240,8775,13.06,0.21,6,0
64000,8000,5.79,0.13,5,0
64000,8000,6.91,0.13,6,0
145000,8800,10.59,0.06,7,0
64000,5000,13.23,0.08,7,0
64000,8000,6.76,0.13,7,0
24000,9000,15.62,0.38,7,1
58000,15000,10.62,0.26,5,1
24000,9000,11.14,0.38,8,1
64000,13000,7.88,0.2,7,0
64000,24000,10.25,0.38,5,0
58000,15000,13.99,0.26,9,1
64049,20000,12.69,0.31,7,0
64197,7600,12.99,0.12,7,0
64300,14000,15.33,0.22,10,0
64320,8000,6.03,0.12,9,0
30000,9000,13.92,0.3,7,0
32000,9000,16.77,0.28,5,0
32000,9000,11.48,0.28,8,1
64500,7000,7.88,0.11,5,0
64500,24000,11.83,0.37,5,0
32400,9000,11.22,0.28,10,0
64500,4500,12.53,0.07,9,0
34000,9000,14.17,0.26,10,1
34000,9000,11.48,0.26,5,0
29000,9000,6.54,0.31,9,1
35000,9000,8.59,0.26,6,0
58800,5000,11.71,0.09,6,1
64800,5600,10.99,0.09,8,0
29000,9000,15.37,0.31,9,1
58800,12000,15.7,0.2,9,1
58800,17000,17.74,0.29,10,1
30000,9000,6.91,0.3,8,1
64992,2500,9.62,0.04,6,0
65000,23200,7.9,0.36,10,0
65000,4500,15.96,0.07,9,0
65000,3000,7.51,0.05,8,0
36400,9000,7.49,0.25,8,0
59000,3000,7.9,0.05,9,1
37000,9000,11.11,0.24,5,0
37000,9000,6.92,0.24,8,0
37000,9000,8.94,0.24,7,0
37200,9000,7.51,0.24,6,0
65000,13225,12.69,0.2,6,0
38000,9000,14.65,0.24,8,0
65000,20000,16.77,0.31,6,0
65000,5000,6.03,0.08,9,0
38000,9000,9.96,0.24,9,0
65000,20000,11.71,0.31,9,0
32200,9000,13.99,0.28,7,1
32400,9000,15.62,0.28,10,1
39000,9000,10.71,0.23,6,0
39000,9000,10.08,0.23,8,0
40000,9000,14.27,0.23,5,0
65000,10000,12.42,0.15,6,0
40000,9000,16.77,0.23,5,0
40000,9000,12.53,0.23,5,0
40020,9000,14.35,0.22,6,0
65000,3000,16.77,0.05,7,0
41000,9000,9.88,0.22,8,0
65000,3000,12.42,0.05,10,0
36000,9000,18.39,0.25,6,1
42000,9000,13.06,0.21,5,0
59000,8000,16.77,0.14,8,1
42597,9000,10.37,0.21,5,0
65000,15000,7.51,0.23,8,0
65000,3000,6.03,0.05,7,0
37200,9000,14.59,0.24,8,1
65000,6025,6.03,0.09,10,0
65000,1800,16.49,0.03,9,0
38482,9000,15.31,0.23,7,1
45000,9000,14.65,0.2,10,0
65000,15000,9.99,0.23,10,0
45000,9000,12.69,0.2,7,0
45000,9000,12.84,0.2,5,0
65000,15000,11.99,0.23,10,0
65000,12000,7.49,0.18,6,0
65000,8000,11.49,0.12,5,0
46000,9000,7.51,0.2,9,0
46000,9000,7.29,0.2,5,0
47000,9000,12.98,0.19,7,0
47700,9000,7.14,0.19,7,0
65000,10000,8.49,0.15,10,0
48000,9000,13.99,0.19,8,0
48000,9000,10.99,0.19,10,0
65000,8000,7.49,0.12,8,0
48000,9000,8.59,0.19,7,0
65000,24000,10.99,0.37,5,0
65000,19200,7.49,0.3,7,0
44000,9000,15.21,0.2,6,1
50000,9000,7.51,0.18,5,0
65000,10000,7.49,0.15,5,0
65000,5000,6.99,0.08,7,0
65000,10000,6.99,0.15,9,0
65000,6000,6.99,0.09,10,0
51000,9000,12.99,0.18,5,0
51000,9000,10.99,0.18,7,0
51600,9000,6.54,0.17,6,0
65000,21200,9.99,0.33,6,0
65000,2000,7.49,0.03,6,0
46000,9000,17.56,0.2,7,1
65000,2500,5.99,0.04,7,0
65000,3600,13.99,0.06,9,0
65000,4500,11.99,0.07,10,0
53000,9000,5.79,0.17,6,0
65000,15000,6.99,0.23,5,0
65000,10000,11.99,0.15,5,0
65000,9000,7.66,0.14,6,0
55000,9000,10.25,0.16,6,0
30000,9050,5.99,0.3,9,0
65000,7000,7.29,0.11,6,0
62130,9050,7.29,0.15,7,0
65000,5000,6.92,0.08,5,0
65000,12000,7.66,0.18,7,0
62000,9100,13.48,0.15,7,0
65000,8000,7.66,0.12,7,0
125000,9100,7.88,0.07,8,0
43000,9150,13.16,0.21,10,0
120000,9150,13.99,0.08,5,0
28500,9175,12.69,0.32,5,1
65000,7500,7.29,0.12,8,0
65000,3600,6.92,0.06,10,0
65000,9600,5.79,0.15,5,0
60000,9200,12.42,0.15,7,0
65000,12000,13.35,0.18,9,0
62000,9200,10.0,0.15,9,0
73000,9200,7.88,0.13,5,0
65000,22000,14.09,0.34,6,0
65000,6500,5.42,0.1,5,0
59000,3500,13.72,0.06,6,1
65000,7500,6.17,0.12,9,0
65000,6000,10.36,0.09,7,0
21996,9250,12.87,0.42,9,1
65000,7750,7.51,0.12,8,0
65000,5000,7.88,0.08,5,0
28000,9250,11.48,0.33,9,1
65000,15000,10.75,0.23,5,0
29736,9250,9.99,0.31,10,1
65000,10000,13.61,0.15,9,0
32000,9250,15.65,0.29,7,1
65000,4000,15.21,0.06,7,0
40000,9250,14.65,0.23,7,0
34000,9250,10.59,0.27,10,1
65000,11200,7.88,0.17,6,0
54996,9300,9.32,0.17,7,0
62000,9300,11.72,0.15,5,0
65000,12000,7.88,0.18,5,0
30000,9325,13.62,0.31,7,1
65000,6000,7.14,0.09,10,0
65000,18000,7.51,0.28,8,0
65000,12000,11.36,0.18,8,0
65000,20000,10.25,0.31,5,0
65000,5500,7.51,0.08,7,0
65000,10000,11.36,0.15,7,0
65000,10000,15.33,0.15,6,0
31200,9400,6.91,0.3,5,0
65000,2000,7.88,0.03,7,0
72800,9425,11.49,0.13,8,0
28800,9450,14.27,0.33,10,1
65000,11500,7.51,0.18,10,0
29000,9450,16.29,0.33,8,1
65000,22000,15.65,0.34,5,0
65000,10250,8.59,0.16,5,0
65000,4500,13.92,0.07,7,0
70000,9450,10.83,0.14,10,0
95000,9450,6.54,0.1,6,0
65000,24000,17.74,0.37,6,0
65000,10000,12.53,0.15,7,0
65000,10000,8.94,0.15,9,0
65000,25000,15.65,0.38,5,0
36000,9500,8.59,0.26,8,0
65000,2500,13.22,0.04,7,0
59000,18000,15.65,0.31,8,1
65000,16000,12.87,0.25,10,0
59000,12000,9.63,0.2,10,1
65000,5600,8.0,0.09,6,0
65000,5600,11.58,0.09,5,0
72000,9500,11.26,0.13,7,0
65000,7500,10.96,0.12,5,0
77040,9500,12.84,0.12,9,0
59000,10000,8.0,0.17,9,1
65000,16800,9.76,0.26,6,0
59000,15000,9.76,0.25,8,1
24696,9600,7.14,0.39,9,1
65000,1450,9.76,0.02,6,0
65000,25000,9.51,0.38,10,0
25000,9600,14.27,0.38,10,1
65004,15000,7.51,0.23,9,0
28080,9600,13.57,0.34,7,1
65004,1500,5.99,0.02,9,0
33504,9600,10.99,0.29,8,0
65004,9000,5.99,0.14,5,0
33600,9600,15.99,0.29,7,1
65004,5000,6.17,0.08,7,0
34000,9600,10.99,0.28,5,0
65004,8000,11.49,0.12,9,0
37595,9600,7.14,0.26,8,0
65004,7100,8.0,0.11,10,0
59004,8000,7.37,0.14,6,1
65004,5250,9.63,0.08,8,0
39000,9600,7.49,0.25,8,0
65004,12000,12.09,0.18,7,0
65061,12000,9.62,0.18,5,0
65136,6250,12.87,0.1,9,0
65200,8000,6.92,0.12,7,0
65200,7000,8.0,0.11,8,0
40000,9600,13.48,0.24,5,0
65304,5300,7.51,0.08,10,0
42000,9600,7.9,0.23,7,0
36000,9600,14.61,0.27,10,1
65500,11000,6.03,0.17,8,0
44000,9600,13.16,0.22,5,0
45000,9600,8.49,0.21,5,0
65600,4000,12.68,0.06,7,0
59619,7750,14.84,0.13,9,1
48000,9600,16.29,0.2,7,0
51996,9600,9.07,0.18,7,0
46000,9600,14.46,0.21,5,1
66000,7000,9.91,0.11,10,0
60000,6000,15.27,0.1,10,1
66000,3000,6.03,0.05,7,0
53000,9600,12.73,0.18,5,0
66000,9100,12.42,0.14,7,0
58327,9600,11.48,0.16,5,0
59000,9600,9.91,0.16,8,0
60000,9600,10.65,0.16,7,0
60000,9600,13.57,0.16,8,0
66000,4200,7.49,0.06,7,0
60000,3000,11.99,0.05,10,1
66000,3000,5.42,0.05,7,0
66000,8400,16.49,0.13,7,0
60000,9600,11.66,0.16,6,0
54000,9600,12.17,0.18,9,1
66000,5600,10.99,0.08,9,0
66000,3000,7.66,0.05,7,0
65000,9600,12.42,0.15,10,0
62000,9600,10.25,0.15,8,1
60000,6500,5.79,0.11,6,1
70000,9600,5.42,0.14,9,0
71400,9600,12.61,0.13,6,0
60000,2000,15.7,0.03,6,1
78000,9600,17.14,0.12,7,0
78000,9600,12.29,0.12,9,0
60000,8400,12.73,0.14,9,1
66000,12000,7.51,0.18,10,0
80000,9600,9.91,0.12,7,0
66000,9250,8.59,0.14,9,0
80000,9600,11.14,0.12,5,0
66000,15000,11.14,0.23,8,0
66000,6000,7.68,0.09,8,0
66000,11200,9.32,0.17,9,0
66000,22000,16.63,0.33,5,0
66000,20000,12.61,0.3,5,0
66100,5000,6.03,0.08,8,0
66120,2800,13.57,0.04,6,0
66300,6075,6.03,0.09,10,0
66352,7000,7.88,0.11,5,0
66360,7000,11.86,0.11,6,0
66500,12000,6.99,0.18,8,0
120000,9600,8.0,0.08,7,0
66500,4200,7.66,0.06,8,0
113000,9600,14.91,0.08,7,1
66500,8000,7.88,0.12,9,0
66500,16000,10.99,0.24,5,0
56400,9700,8.88,0.17,10,0
71000,9700,8.94,0.14,5,0
66560,4200,5.79,0.06,10,0
66560,2500,6.39,0.04,7,0
60675,14000,15.62,0.23,10,1
27000,9750,9.63,0.36,6,1
29000,9750,7.51,0.34,6,1
66800,9600,7.51,0.14,7,0
33000,9750,14.54,0.3,9,1
66887,25000,10.36,0.37,8,0
66888,15000,12.23,0.22,8,0
30784,9950,12.99,0.32,8,1
86000,9950,7.88,0.12,7,0
66996,9000,8.94,0.13,7,0
67000,7000,7.51,0.1,9,0
67000,3000,10.65,0.04,9,0
61000,6800,15.99,0.11,7,1
67000,10000,6.99,0.15,6,0
24000,10000,8.9,0.42,5,1
24000,10000,13.23,0.42,8,1
67000,6400,13.23,0.1,7,0
67000,7000,7.14,0.1,8,0
67000,3300,7.88,0.05,6,0
67000,14400,9.88,0.21,10,0
61000,15000,9.88,0.25,9,1
24000,10000,12.87,0.42,10,1
67000,3600,7.51,0.05,10,0
24000,10000,7.68,0.42,9,1
67000,10000,7.14,0.15,6,0
67000,10000,10.25,0.15,9,0
67000,25000,10.99,0.37,6,0
67000,24250,14.96,0.36,8,0
24500,10000,10.25,0.41,7,1
67000,20000,11.83,0.3,7,0
25000,10000,8.49,0.4,10,1
25000,10000,7.29,0.4,9,1
67014,16000,13.22,0.24,8,0
67200,10000,6.03,0.15,7,0
25368,10000,11.34,0.39,5,1
67200,10750,6.91,0.16,6,0
26000,10000,12.42,0.38,7,1
52020,15000,11.03,0.25,6,1
67222,10000,11.14,0.15,9,0
67386,1500,6.91,0.02,6,0
67422,12800,11.49,0.19,8,0
26400,10000,10.25,0.38,9,1
67500,1000,7.4,0.01,7,0
27000,10000,15.62,0.37,6,1
27600,10000,10.37,0.36,6,1
67641,10000,8.0,0.15,5,0
67642,17000,11.58,0.25,6,0
67656,11000,7.88,0.16,8,0
28000,10000,12.84,0.36,9,1
67692,23200,15.96,0.34,7,0
67992,2000,7.43,0.03,7,0
30000,10000,17.58,0.33,5,1
30000,10000,8.9,0.33,5,1
68000,8000,7.9,0.12,5,0
68000,3000,14.65,0.04,10,0
30000,10000,17.58,0.33,6,1
68000,20000,7.9,0.29,9,0
68000,20000,8.9,0.29,5,0
68000,18000,7.9,0.26,10,0
68000,12000,12.69,0.18,9,0
68000,10000,16.29,0.15,9,0
68000,2500,11.71,0.04,7,0
30000,10000,14.54,0.33,7,1
30000,10000,12.68,0.33,9,1
68000,6000,10.59,0.09,7,0
30000,10000,10.38,0.33,5,1
68000,4000,5.99,0.06,5,0
30000,10000,16.82,0.33,7,1
68000,3000,5.42,0.04,10,0
68000,5000,12.99,0.07,9,0
68000,3500,11.99,0.05,10,0
30000,10000,13.48,0.33,8,1
68000,2000,13.8,0.03,5,0
68000,18000,10.0,0.26,10,0
30000,10000,15.31,0.33,7,1
62000,13000,9.25,0.21,10,1
30000,10000,8.94,0.33,10,1
68000,6000,13.72,0.09,5,0
30000,10000,9.32,0.33,7,1
68000,13600,7.88,0.2,9,0
30000,10000,8.63,0.33,5,1
30000,10000,11.03,0.33,6,1
68000,3250,13.23,0.05,7,0
68000,6100,10.25,0.09,7,0
30636,10000,10.37,0.33,5,1
68000,3000,12.73,0.04,9,0
62000,10000,15.33,0.16,10,1
68000,15000,12.73,0.22,6,0
68000,10800,7.88,0.16,8,0
68000,5000,12.18,0.07,10,0
68000,10000,7.74,0.15,7,0
68000,2100,12.53,0.03,9,0
31200,10000,13.99,0.32,10,1
68000,16000,11.89,0.24,7,0
68000,15000,11.78,0.22,5,0
68000,12000,12.09,0.18,9,0
31200,10000,8.0,0.32,9,1
31500,10000,7.29,0.32,6,1
32000,10000,12.42,0.31,8,1
68004,6000,11.86,0.09,6,0
68004,10000,10.99,0.15,9,0
68004,6000,10.95,0.09,9,0
68004,3500,12.21,0.05,9,0
68340,25000,10.99,0.37,10,0
68400,15000,11.71,0.22,5,0
68400,5000,12.99,0.07,8,0
32890,10000,10.95,0.3,5,0
32997,10000,5.79,0.3,7,0
33078,10000,7.51,0.3,8,0
33200,10000,11.71,0.3,5,0
62500,3800,13.11,0.06,10,1
33600,10000,14.72,0.3,8,0
68553,15000,13.85,0.22,10,0
33900,10000,15.58,0.29,6,0
68700,10000,6.92,0.15,6,0
34000,10000,14.54,0.29,6,1
34000,10000,14.22,0.29,9,0
68804,22000,6.99,0.32,6,0
34000,10000,14.74,0.29,9,0
29000,10000,12.69,0.34,10,1
35000,10000,16.77,0.29,8,0
35000,10000,16.29,0.29,5,0
35000,10000,8.49,0.29,6,0
69000,4000,9.91,0.06,6,0
29000,10000,13.06,0.34,9,1
35000,10000,5.79,0.29,9,0
69000,4000,5.99,0.06,7,0
35000,10000,9.88,0.29,8,0
69000,10000,9.99,0.14,9,0
35000,10000,13.48,0.29,10,0
35000,10000,13.48,0.29,10,0
69000,7200,10.74,0.1,7,0
35000,10000,14.61,0.29,7,0
63000,9000,13.72,0.14,9,1
69000,20000,6.54,0.29,6,0
69000,6000,11.12,0.09,5,0
35000,10000,12.21,0.29,6,0
69000,14000,7.51,0.2,5,0
69000,6000,11.86,0.09,9,0
29000,10000,13.75,0.34,8,1
29004,10000,11.83,0.34,5,1
29238,10000,12.99,0.34,6,1
69000,15000,10.62,0.22,6,0
29400,10000,13.87,0.34,6,1
69000,10000,9.88,0.14,8,0
35665,10000,10.08,0.28,6,0
69000,10000,8.94,0.14,8,0
63000,11200,14.42,0.18,7,1
36000,10000,10.65,0.28,5,0
69000,18000,12.61,0.26,9,0
36000,10000,11.99,0.28,9,0
36000,10000,11.11,0.28,5,0
30000,10000,10.74,0.33,10,1
69500,14750,7.49,0.21,9,0
36000,10000,17.19,0.28,7,0
69592,6500,10.74,0.09,10,0
63600,4800,12.42,0.08,6,1
69600,16000,11.99,0.23,8,0
36000,10000,8.59,0.28,9,0
69638,16725,10.74,0.24,9,0
69830,15000,16.45,0.21,5,0
69900,18000,11.49,0.26,8,0
30000,10000,14.42,0.33,9,1
69900,12000,7.49,0.17,10,0
69930,6300,7.14,0.09,10,0
69936,8000,7.66,0.11,10,0
69996,3200,9.99,0.05,8,0
36996,10000,8.9,0.27,6,0
37000,10000,7.88,0.27,6,0
37000,10000,12.53,0.27,5,0
69996,3400,6.39,0.05,6,0
69996,6000,10.75,0.09,10,0
37965,10000,9.63,0.26,6,0
69996,6000,14.26,0.09,8,0
69996,7200,11.83,0.1,10,0
38000,10000,8.49,0.26,7,0
69996,11250,12.21,0.16,10,0
38000,10000,9.76,0.26,5,0
38004,10000,9.99,0.26,7,0
38004,10000,13.61,0.26,7,0
70000,18000,8.9,0.26,10,0
38400,10000,15.23,0.26,7,0
38400,10000,7.49,0.26,6,0
70000,16000,7.9,0.23,7,0
70000,3000,8.9,0.04,8,0
38400,10000,10.39,0.26,10,0
70000,10200,12.42,0.15,6,0
70000,7000,8.9,0.1,9,0
70000,14000,16.29,0.2,8,0
70000,15000,14.65,0.21,10,0
39000,10000,10.25,0.26,5,0
70000,8000,6.62,0.11,5,0
70000,22000,19.91,0.31,8,0
39312,10000,15.7,0.25,7,0
70000,1800,14.65,0.03,6,0
70000,5200,7.51,0.07,10,0
39996,10000,15.37,0.25,8,0
70000,6000,14.27,0.09,7,0
70000,12000,11.71,0.17,10,0
70000,12000,9.91,0.17,6,0
70000,5500,13.49,0.08,10,0
70000,4500,7.9,0.06,8,0
70000,5000,11.71,0.07,8,0
40000,10000,12.42,0.25,5,0
70000,8000,9.91,0.11,5,0
40000,10000,10.65,0.25,5,0
70000,5600,6.62,0.08,5,0
34000,10000,16.77,0.29,7,1
70000,4600,14.79,0.07,7,0
70000,25000,15.62,0.36,9,0
34000,10000,13.49,0.29,10,1
70000,3700,5.99,0.05,6,0
70000,5600,5.42,0.08,7,0
70000,24000,5.99,0.34,5,0
70000,24000,7.49,0.34,6,0
70000,4200,10.99,0.06,9,0
70000,20000,11.49,0.29,10,0
70000,10000,16.89,0.14,5,0
70000,3000,5.42,0.04,7,0
70000,3000,7.49,0.04,5,0
34000,10000,15.33,0.29,8,1
70000,10000,10.99,0.14,9,0
40000,10000,11.36,0.25,5,0
70000,10000,6.99,0.14,5,0
34000,10000,12.53,0.29,6,1
70000,6000,5.42,0.09,6,0
34000,10000,15.37,0.29,5,1
70000,8000,8.49,0.11,9,0
54400,18000,12.99,0.28,8,1
70000,6000,7.49,0.09,7,0
70000,15000,7.49,0.21,8,0
70000,8500,11.14,0.12,10,0
40000,10000,11.41,0.25,5,0
40992,10000,14.27,0.24,6,0
70000,14000,7.49,0.2,10,0
70000,5000,6.99,0.07,7,0
41300,10000,13.48,0.24,6,0
41500,10000,11.09,0.24,6,0
70000,7000,7.66,0.1,10,0
70000,3000,9.63,0.04,9,0
54400,15000,15.65,0.23,9,1
42000,10000,16.11,0.24,9,0
70000,4000,5.79,0.06,5,0
70000,25000,7.66,0.36,5,0
54400,27050,14.54,0.42,7,1
42000,10000,9.32,0.24,9,0
42500,10000,7.88,0.24,6,0
43000,10000,12.42,0.23,9,0
70000,14000,16.4,0.2,6,0
70000,25000,15.57,0.36,9,0
70000,12000,6.91,0.17,7,0
70000,8400,6.91,0.12,9,0
70000,2250,10.36,0.03,7,0
70000,1300,5.79,0.02,9,0
70000,1000,6.54,0.01,5,0
43080,10000,13.98,0.23,9,0
70000,20000,6.54,0.29,5,0
43200,10000,7.49,0.23,10,0
70000,8000,14.46,0.11,7,0
43288,10000,10.74,0.23,5,0
70000,4000,6.54,0.06,7,0
43337,10000,6.92,0.23,6,0
70000,13000,6.91,0.19,8,0
70000,10200,6.91,0.15,8,0
44000,10000,16.77,0.23,9,0
54400,23500,6.91,0.37,7,1
70000,14000,12.61,0.2,10,0
44000,10000,6.54,0.23,6,0
38469,10000,12.23,0.26,7,1
45000,10000,12.42,0.22,7,0
70000,9000,7.14,0.13,10,0
70000,12250,7.51,0.17,6,0
45000,10000,7.51,0.22,7,0
45000,10000,11.71,0.22,10,0
45000,10000,10.65,0.22,5,0
64000,6000,16.45,0.09,9,1
70000,4000,6.39,0.06,8,0
45000,10000,9.91,0.22,6,0
70000,14400,7.88,0.21,10,0
70000,10000,10.75,0.14,6,0
70000,4000,11.86,0.06,5,0
70000,8000,11.49,0.11,9,0
70000,8000,7.88,0.11,5,0
54400,5000,11.86,0.08,9,1
45000,10000,10.36,0.22,5,0
70000,20000,9.88,0.29,10,0
70000,3000,6.39,0.04,8,0
70000,15000,12.73,0.21,6,0
39000,10000,14.96,0.26,6,1
64000,25000,10.62,0.39,5,1
45000,10000,7.51,0.22,5,0
45000,10000,14.22,0.22,6,0
39000,10000,13.16,0.26,6,1
54400,5000,16.07,0.08,8,1
39000,10000,14.11,0.26,7,1
70000,4625,10.62,0.07,6,0
70000,14000,7.88,0.2,10,0
70000,10000,9.88,0.14,5,0
70000,17000,9.88,0.24,6,0
64000,10000,10.25,0.16,8,1
45000,10000,13.36,0.22,9,0
54400,11000,15.33,0.17,10,1
70000,6500,7.88,0.09,9,0
70000,10000,13.85,0.14,7,0
45000,10000,9.2,0.22,10,0
52800,4325,10.75,0.08,5,0
70000,3000,13.57,0.04,9,0
64000,5100,13.22,0.08,10,1
35000,4250,16.96,0.12,6,0
70000,4000,7.74,0.06,5,0
14400,4200,14.17,0.29,8,1
70000,8000,16.0,0.11,10,0
70000,5600,13.57,0.08,8,0
70000,20000,12.18,0.29,6,0
70000,2000,7.4,0.03,7,0
70000,5000,11.14,0.07,6,0
70000,15000,16.0,0.21,7,0
46000,10000,10.59,0.22,7,0
46000,10000,17.14,0.22,5,0
46000,10000,7.51,0.22,7,0
40000,10000,13.16,0.25,7,1
46000,10000,9.32,0.22,7,0
70000,15000,12.84,0.21,10,0
30000,4200,15.23,0.14,7,0
30000,4200,5.79,0.14,5,0
70000,20000,12.84,0.29,7,0
30000,4200,12.53,0.14,10,0
30996,4200,14.79,0.14,6,0
64000,15000,9.63,0.23,10,1
31500,4200,9.99,0.13,7,0
32000,4200,8.0,0.13,10,0
33600,4200,10.0,0.13,5,0
36000,4200,14.27,0.12,5,0
64000,24000,10.71,0.38,7,1
70000,5000,7.43,0.07,5,0
70008,5000,5.99,0.07,5,0
40000,4200,12.68,0.1,7,0
70116,5000,11.71,0.07,6,0
40000,4200,7.51,0.1,5,0
70197,4100,7.51,0.06,6,0
70200,6000,7.29,0.09,5,0
70254,3500,6.62,0.05,9,0
70356,6000,11.11,0.09,5,0
70400,13000,7.88,0.18,9,0
43200,4200,10.74,0.1,6,0
64500,19400,13.11,0.3,10,1
64500,4000,13.79,0.06,8,1
48000,4200,10.74,0.09,5,0
70596,10000,11.26,0.14,9,0
70632,1500,10.65,0.02,5,0
48500,4200,11.48,0.09,7,0
52000,4200,7.51,0.08,6,0
52000,4200,13.23,0.08,10,0
70834,20000,12.21,0.28,9,0
53000,4200,11.71,0.08,6,0
70900,25000,15.37,0.35,6,0
70920,7600,6.03,0.11,9,0
53500,4200,13.98,0.08,10,0
54996,4200,15.95,0.08,10,0
71000,12000,8.49,0.17,9,0
50650,4200,9.91,0.08,7,1
71000,5300,11.49,0.07,7,0
71000,14000,6.99,0.2,8,0
60000,4200,8.49,0.07,10,0
60000,4200,8.63,0.07,10,0
71000,10000,5.79,0.14,9,0
71000,8000,12.68,0.11,10,0
71000,11000,13.43,0.15,6,0
55512,4200,14.26,0.08,8,1
61600,4200,7.29,0.07,9,0
65000,4200,14.79,0.06,10,0
71000,14000,7.14,0.2,5,0
71000,6000,14.72,0.08,7,0
71000,4000,7.14,0.06,9,0
53550,4200,11.99,0.07,8,1
70000,4200,14.61,0.06,6,1
85000,4200,5.99,0.05,6,0
71000,9800,12.21,0.14,5,0
93000,4200,5.42,0.05,6,0
25000,4125,11.71,0.17,6,0
71007,25000,18.62,0.35,7,0
59000,4100,14.91,0.07,10,1
19200,4075,8.32,0.21,6,1
71352,9000,6.54,0.13,6,0
71500,6000,9.63,0.08,10,0
71500,15000,11.49,0.21,7,0
71500,19200,10.99,0.27,6,0
71700,9000,13.8,0.13,5,0
71738,11500,9.63,0.16,9,0
47000,10000,11.99,0.21,8,0
47200,10000,9.99,0.21,8,0
47500,10000,15.96,0.21,10,0
72000,22000,17.58,0.31,6,0
66000,2400,9.91,0.04,5,1
72000,13150,6.03,0.18,10,0
47800,10000,7.49,0.21,5,0
72000,10000,13.49,0.14,8,0
42000,10000,11.71,0.24,5,1
72000,10000,7.9,0.14,7,0
72000,4500,6.62,0.06,8,0
72000,21100,8.9,0.29,8,0
66000,12000,11.71,0.18,6,1
48000,10000,13.8,0.21,10,0
72000,14000,10.65,0.19,7,0
72000,17000,6.03,0.24,6,0
42000,10000,15.21,0.24,7,1
72000,1900,7.51,0.03,6,0
48000,10000,7.51,0.21,7,0
72000,6500,6.03,0.09,5,0
72000,10000,6.62,0.14,9,0
72000,14000,12.42,0.19,10,0
72000,9800,6.62,0.14,8,0
72000,12800,6.62,0.18,5,0
48000,10000,10.62,0.21,10,0
48000,10000,10.62,0.21,6,0
48000,10000,13.48,0.21,9,0
72000,15000,5.42,0.21,5,0
48000,10000,15.7,0.21,9,0
48000,10000,12.87,0.21,8,0
48000,10000,12.18,0.21,9,0
72000,4800,13.49,0.07,7,0
72000,10800,6.99,0.15,8,0
72000,14000,6.99,0.19,9,0
72000,9500,13.99,0.13,6,0
72000,5000,6.99,0.07,5,0
72000,12000,9.99,0.17,9,0
72000,3000,9.99,0.04,9,0
72000,4250,5.42,0.06,5,0
48000,10000,10.08,0.21,6,0
72000,12000,11.49,0.17,5,0
72000,16800,15.62,0.23,9,0
56100,10000,8.49,0.15,8,1
72000,10000,10.99,0.14,9,0
72000,7000,11.49,0.1,8,0
72000,7000,5.42,0.1,8,0
66000,11200,13.49,0.17,9,1
72000,9000,15.23,0.13,10,0
49800,10000,10.74,0.2,7,0
72000,15000,10.59,0.21,6,0
72000,6000,11.99,0.08,10,0
72000,24000,6.92,0.33,8,0
72000,10000,10.0,0.14,7,0
72000,22100,7.29,0.31,5,0
50000,10000,9.91,0.2,7,0
72000,5000,6.92,0.07,10,0
66000,2000,15.28,0.03,7,1
72000,6000,5.42,0.08,10,0
72000,9600,14.17,0.13,5,0
72000,7400,5.42,0.1,8,0
72000,12000,6.92,0.17,7,0
44000,10000,15.27,0.23,7,1
72000,25000,11.11,0.35,8,0
50000,10000,12.69,0.2,8,0
72000,11500,6.91,0.16,10,0
72000,2600,9.25,0.04,7,0
72000,10000,6.17,0.14,10,0
50000,10000,10.74,0.2,8,0
50000,10000,10.36,0.2,7,0
50000,10000,9.25,0.2,8,0
72000,16000,15.95,0.22,5,0
50000,10000,7.88,0.2,7,0
44000,10000,13.48,0.23,8,1
50000,10000,13.22,0.2,7,0
72000,20000,10.38,0.28,5,0
72000,24000,7.88,0.33,9,0
72000,4000,7.14,0.06,9,0
72000,12000,7.88,0.17,8,0
50000,10000,11.26,0.2,6,0
44000,10000,10.71,0.23,9,1
72000,9000,14.22,0.13,6,0
44004,10000,15.33,0.23,8,1
72000,10750,7.51,0.15,9,0
72000,22000,10.25,0.31,6,0
72000,4000,10.99,0.06,6,0
72000,24000,10.99,0.33,6,0
50800,10000,16.4,0.2,7,0
50911,10000,13.06,0.2,7,0
51000,10000,6.92,0.2,8,0
72000,16000,14.26,0.22,9,0
51000,10000,7.88,0.2,5,0
72000,10000,8.94,0.14,6,0
72000,15000,8.94,0.21,9,0
66000,8200,17.04,0.12,7,1
72000,12300,14.96,0.17,5,0
72000,6000,15.37,0.08,10,0
51996,10000,5.79,0.19,9,0
51996,10000,7.14,0.19,6,0
72000,12000,10.95,0.17,5,0
72000,10000,10.95,0.14,7,0
72000,12500,11.89,0.17,8,0
52000,10000,12.69,0.19,7,0
72000,15250,13.16,0.21,5,0
72000,18000,11.89,0.25,10,0
52000,10000,6.92,0.19,8,0
52000,10000,13.23,0.19,9,0
72000,1000,7.68,0.01,6,0
72000,7500,6.0,0.1,10,0
52000,10000,11.83,0.19,7,0
52000,10000,8.0,0.19,8,0
72000,8000,11.09,0.11,9,0
53000,10000,15.96,0.19,9,0
72072,12000,8.49,0.17,8,0
53000,10000,10.25,0.19,5,0
53000,10000,8.94,0.19,9,0
53000,10000,11.89,0.19,6,0
53376,10000,5.42,0.19,5,0
72396,9000,10.59,0.12,9,0
54000,10000,8.9,0.19,5,0
72500,8875,11.99,0.12,7,0
54000,10000,5.42,0.19,10,0
72500,4000,5.42,0.06,10,0
56525,12000,15.95,0.18,7,1
72500,4000,10.25,0.06,6,0
54000,10000,6.17,0.19,10,0
72500,7000,13.79,0.1,8,0
54000,10000,10.99,0.19,8,0
54996,10000,9.99,0.18,10,0
48996,10000,10.37,0.2,9,1
54996,10000,7.74,0.18,9,0
72890,16400,13.79,0.22,6,0
72900,10000,15.7,0.14,9,0
72960,11000,12.21,0.15,8,0
72996,9200,6.03,0.13,8,0
48996,10000,15.45,0.2,5,1
73000,15600,6.03,0.21,9,0
55000,10000,14.27,0.18,7,0
73000,13000,6.03,0.18,9,0
55000,10000,12.42,0.18,7,0
73000,9600,7.9,0.13,7,0
55000,10000,10.59,0.18,10,0
55000,10000,8.49,0.18,10,0
73000,6000,15.62,0.08,8,0
73000,8500,7.29,0.12,10,0
73000,10000,5.79,0.14,8,0
55000,10000,10.25,0.18,5,0
73000,12000,7.29,0.16,10,0
55000,10000,12.53,0.18,9,0
55000,10000,14.42,0.18,9,0
55000,10000,9.32,0.18,8,0
73000,17000,7.88,0.23,6,0
73000,12000,13.11,0.16,9,0
55000,10000,9.51,0.18,5,0
73000,15000,11.83,0.21,9,0
55812,10000,6.54,0.18,10,0
56000,10000,12.42,0.18,5,0
73000,6800,7.74,0.09,8,0
56000,10000,11.36,0.18,6,0
56000,10000,7.74,0.18,5,0
56253,10000,11.36,0.18,8,0
73008,14000,12.73,0.19,6,0
73073,4200,5.79,0.06,7,0
57000,10000,18.64,0.18,6,0
73200,18000,10.99,0.25,8,0
73200,15000,13.22,0.2,5,0
73200,7200,10.2,0.1,7,0
67392,15000,13.85,0.22,5,1
73400,2100,6.76,0.03,5,0
57000,10000,11.14,0.18,8,0
73500,10000,9.88,0.14,10,0
73524,10000,14.74,0.14,8,0
73527,12000,12.42,0.16,7,0
58000,10000,10.65,0.17,9,0
73580,19950,14.96,0.27,7,0
73600,15000,12.42,0.2,7,0
58000,10000,6.99,0.17,5,0
58000,10000,10.96,0.17,10,0
58100,10000,10.25,0.17,8,0
57800,16000,16.29,0.24,8,1
74000,5000,7.9,0.07,5,0
74000,17000,14.27,0.23,10,0
59004,10000,16.32,0.17,6,0
74000,12100,16.89,0.16,9,0
74000,1200,7.49,0.02,9,0
74000,7800,10.99,0.11,7,0
54000,10000,13.49,0.19,9,1
74000,15000,11.11,0.2,7,0
74000,10500,10.74,0.14,8,0
60000,10000,8.9,0.17,9,0
74000,20500,6.54,0.28,10,0
74000,25000,11.49,0.34,6,0
74000,9000,7.51,0.12,10,0
68000,1000,14.72,0.01,9,1
74000,18000,10.75,0.24,5,0
54000,10000,11.71,0.19,7,1
74000,5000,10.62,0.07,10,0
74000,14000,13.92,0.19,10,0
60000,10000,6.03,0.17,7,0
60000,10000,12.42,0.17,9,0
74000,1800,8.94,0.02,10,0
60000,10000,7.49,0.17,7,0
54000,10000,16.49,0.19,7,1
74000,8200,8.0,0.11,5,0
74000,5450,12.67,0.07,6,0
74004,7200,6.62,0.1,7,0
60000,10000,11.11,0.17,9,0
74004,10000,11.86,0.14,8,0
74004,13000,11.26,0.18,6,0
54000,10000,16.02,0.19,8,1
60000,10000,5.79,0.17,5,0
60000,10000,9.62,0.17,9,0
60000,10000,6.54,0.17,6,0
74256,11000,9.25,0.15,9,0
74346,7000,7.9,0.09,9,0
74360,8725,5.99,0.12,7,0
60000,10000,7.88,0.17,8,0
54000,10000,15.95,0.19,9,1
74400,13000,7.88,0.17,10,0
68400,8000,14.26,0.12,7,1
60000,10000,7.51,0.17,9,0
54000,10000,14.96,0.19,9,1
74600,9500,10.78,0.13,9,0
74628,15000,12.99,0.2,5,0
74700,14000,9.91,0.19,5,0
60000,10000,8.59,0.17,5,0
74778,6000,13.98,0.08,9,0
60000,10000,13.57,0.17,6,0
74800,21000,10.59,0.28,7,0
60000,10000,13.22,0.17,7,0
68900,18000,17.39,0.26,7,1
75000,12000,12.69,0.16,5,0
60000,10000,11.97,0.17,5,0
60132,10000,10.62,0.17,6,0
75000,18000,12.42,0.24,9,0
60626,10000,10.74,0.16,6,0
75000,10000,14.27,0.13,6,0
61000,10000,16.07,0.16,9,0
75000,15000,8.9,0.2,9,0
43200,4000,13.48,0.09,7,0
44000,4000,10.36,0.09,9,0
75000,6000,7.9,0.08,8,0
75000,12000,10.65,0.16,5,0
75000,7500,8.9,0.1,10,0
75000,6000,12.69,0.08,7,0
75000,16800,6.03,0.22,8,0
75000,4000,14.27,0.05,5,0
75000,3500,6.03,0.05,10,0
39000,4000,15.99,0.1,5,1
75000,15000,14.65,0.2,7,0
75000,5600,15.96,0.07,9,0
45000,4000,13.43,0.09,6,0
75000,18750,7.9,0.25,6,0
75000,16500,16.77,0.22,8,0
45200,4000,10.59,0.09,8,0
45204,4000,11.48,0.09,7,0
75000,20000,13.49,0.27,5,0
75000,14000,6.03,0.19,10,0
45468,4000,13.99,0.09,5,0
75000,6000,7.51,0.08,8,0
75000,12000,11.71,0.16,6,0
62004,10000,12.84,0.16,5,0
75000,3000,7.9,0.04,5,0
69000,4050,7.51,0.06,7,1
69000,25500,17.27,0.37,5,1
63000,10000,7.49,0.16,8,0
63000,10000,15.33,0.16,9,0
75000,25000,10.65,0.33,7,0
64000,10000,15.27,0.16,10,0
64000,10000,12.69,0.16,10,0
75000,8000,12.99,0.11,10,0
75000,4200,5.42,0.06,9,0
64000,10000,11.99,0.16,6,0
64000,10000,11.66,0.16,8,0
64125,10000,10.65,0.16,7,0
75000,8000,5.42,0.11,5,0
75000,3000,8.49,0.04,5,0
64500,10000,8.94,0.16,7,0
75000,5000,11.49,0.07,8,0
64600,10000,13.48,0.15,7,0
75000,10000,10.99,0.13,10,0
75000,16000,13.49,0.21,8,0
64900,10000,7.66,0.15,5,0
59000,10000,13.49,0.17,10,1
65000,10000,14.27,0.15,7,0
75000,5000,15.62,0.07,10,0
65000,10000,11.99,0.15,9,0
75000,16000,16.89,0.21,5,0
75000,8000,11.99,0.11,5,0
75000,2500,12.99,0.03,5,0
65000,10000,12.73,0.15,6,0
58650,4000,5.42,0.06,6,1
65000,10000,14.96,0.15,6,0
65004,10000,7.88,0.15,6,0
66000,10000,7.9,0.15,7,0
75000,10000,7.29,0.13,9,0
66000,10000,7.9,0.15,6,0
66000,10000,7.9,0.15,9,0
66000,10000,11.71,0.15,9,0
66500,10000,10.95,0.15,6,0
75000,9000,5.79,0.12,9,0
75000,12000,7.29,0.16,10,0
75000,16950,10.37,0.23,10,0
67500,10000,10.65,0.15,7,0
58650,20000,14.91,0.29,10,1
68000,10000,14.27,0.15,8,0
62000,10000,17.27,0.16,7,1
68000,10000,10.65,0.15,5,0
75000,20000,13.06,0.27,8,0
75000,8000,5.42,0.11,10,0
68000,10000,10.75,0.15,7,0
75000,10000,11.11,0.13,10,0
68500,10000,12.53,0.15,7,0
68580,10000,7.88,0.15,10,0
75000,10000,5.42,0.13,9,0
69204,10000,12.18,0.14,6,0
75000,15000,12.98,0.2,8,0
75000,12000,5.42,0.16,10,0
70000,10000,10.65,0.14,10,0
69000,15000,6.54,0.22,5,1
75000,17000,6.54,0.23,5,0
70000,10000,13.98,0.14,7,0
75000,10000,5.79,0.13,7,0
75000,5000,12.61,0.07,10,0
70000,10000,16.45,0.14,10,0
70000,10000,13.48,0.14,9,0
75000,16000,6.17,0.21,6,0
70000,10000,10.99,0.14,6,0
70360,10000,6.62,0.14,5,0
75000,10000,7.88,0.13,5,0
75000,8000,7.14,0.11,9,0
75000,10000,10.38,0.13,10,0
75000,4000,10.75,0.05,9,0
71020,10000,12.53,0.14,6,0
75000,10000,7.88,0.13,9,0
75000,15000,7.88,0.2,9,0
58650,3000,17.19,0.04,6,1
71500,10000,13.57,0.14,6,0
75000,12000,7.51,0.16,5,0
75000,12000,10.38,0.16,10,0
75000,21000,14.35,0.28,5,0
66000,10000,14.83,0.15,9,1
72000,10000,9.99,0.14,7,0
72000,10000,7.51,0.14,7,0
75000,4000,11.49,0.05,7,0
75000,6000,7.51,0.08,7,0
66000,10000,15.7,0.15,5,1
75000,25000,13.85,0.33,10,0
75000,4200,10.99,0.06,6,0
73000,10000,11.11,0.14,10,0
73000,10000,8.59,0.14,8,0
75000,20000,16.45,0.27,8,0
75000,9600,10.62,0.13,7,0
74000,10000,11.71,0.14,8,0
74520,10000,16.89,0.13,10,0
75000,20150,11.36,0.27,6,0
75000,10000,7.9,0.13,5,0
75000,25000,10.99,0.33,7,0
75000,8500,17.19,0.11,5,0
75000,14400,13.92,0.19,9,0
75000,22000,13.92,0.29,10,0
75000,10000,7.29,0.13,10,0
75000,2000,15.65,0.03,10,0
75000,10000,7.29,0.13,9,0
75000,10000,9.63,0.13,9,0
75000,10000,10.0,0.13,8,0
58650,12000,20.17,0.17,10,1
75000,15000,13.57,0.2,6,0
75000,15600,11.83,0.21,5,0
75000,15000,11.48,0.2,7,0
75000,20000,12.18,0.27,5,0
75000,6000,11.48,0.08,8,0
75000,18000,13.57,0.24,9,0
75000,10000,13.47,0.13,6,0
75000,10000,11.48,0.13,10,0
77250,10000,9.2,0.13,7,0
60775,10000,16.49,0.14,6,1
75000,8000,18.21,0.11,7,0
75000,12000,9.63,0.16,6,0
75000,10000,11.89,0.13,5,0
78504,10000,11.41,0.13,8,0
79000,10000,7.51,0.13,8,0
75000,4000,14.11,0.05,7,0
75000,10000,12.21,0.13,5,0
79200,10000,7.66,0.13,10,0
80000,10000,17.27,0.13,8,0
80000,10000,9.91,0.13,7,0
75000,7200,15.05,0.1,6,0
75000,20000,14.74,0.27,10,0
75000,6000,13.47,0.08,7,0
75000,4200,9.32,0.06,8,0
75000,8000,10.95,0.11,7,0
75000,15000,12.21,0.2,10,0
75000,6500,9.38,0.09,7,0
80000,10000,7.66,0.13,7,0
75000,3900,10.51,0.05,8,0
58650,7500,15.07,0.11,9,1
75000,15250,11.34,0.2,5,0
75000,6000,7.68,0.08,7,0
75000,3000,9.45,0.04,10,0
69000,14000,10.14,0.2,10,1
80000,10000,8.59,0.13,6,0
75000,21000,15.2,0.28,8,0
75000,7500,8.38,0.1,6,0
69000,25000,12.8,0.36,5,1
80004,10000,15.2,0.12,7,0
75000,5000,8.7,0.07,9,0
80004,10000,7.51,0.12,10,0
81004,10000,6.91,0.12,9,0
75288,18050,10.0,0.24,10,0
75333,15000,11.58,0.2,5,0
75400,6000,7.74,0.08,9,0
75500,9000,7.9,0.12,5,0
75500,3500,14.91,0.05,9,0
75573,22000,9.88,0.29,8,0
83000,10000,11.99,0.12,6,0
75600,25000,13.61,0.33,6,0
83004,10000,11.86,0.12,10,0
65984,10000,15.33,0.13,5,1
75670,10000,8.94,0.13,10,0
75689,10000,13.48,0.13,8,0
75693,22000,10.25,0.29,10,0
77976,10000,13.85,0.13,5,1
59354,9600,13.67,0.14,10,1
75852,4000,9.32,0.05,9,0
78000,10000,13.06,0.13,9,1
59497,17000,16.89,0.24,8,1
75996,8000,10.74,0.11,10,0
84456,10000,9.88,0.12,10,0
84996,10000,8.0,0.12,10,0
84996,10000,10.51,0.12,7,0
85000,10000,6.62,0.12,9,0
76000,6400,10.65,0.08,7,0
70000,9000,5.42,0.13,7,1
85000,10000,12.87,0.12,7,0
85000,10000,13.16,0.12,10,0
76000,10000,5.42,0.13,10,0
76000,6250,7.88,0.08,10,0
85248,10000,9.99,0.12,9,0
76000,10000,10.99,0.13,9,0
88000,10000,7.51,0.11,5,0
88000,10000,7.51,0.11,7,0
89000,10000,10.99,0.11,9,0
89904,10000,10.0,0.11,5,0
70000,17000,11.14,0.24,8,1
78000,10000,14.27,0.13,10,1
90000,10000,14.27,0.11,8,0
76080,12000,11.14,0.16,5,0
76176,4800,6.99,0.06,7,0
76200,3200,8.49,0.04,7,0
76200,20000,6.91,0.26,7,0
76248,10400,7.66,0.14,5,0
90000,10000,7.49,0.11,10,0
90000,10000,15.62,0.11,6,0
76404,12000,6.54,0.16,5,0
90000,10000,7.66,0.11,7,0
76500,10000,12.42,0.13,7,0
76500,13475,8.94,0.18,9,0
90000,10000,11.12,0.11,8,0
76596,17600,13.16,0.23,7,0
90000,10000,14.18,0.11,10,0
76788,17000,12.42,0.22,10,0
60174,3025,10.99,0.04,10,1
76800,5000,11.49,0.07,7,0
76800,2400,9.62,0.03,10,0
76992,1800,12.18,0.02,8,0
77000,10000,14.65,0.13,5,0
77000,10000,16.77,0.13,8,0
80004,10000,12.21,0.12,6,1
77000,6000,12.69,0.08,8,0
77000,4900,6.03,0.06,7,0
77000,2600,11.71,0.03,5,0
93000,10000,11.14,0.11,8,0
77000,12000,7.29,0.16,10,0
77000,18500,11.11,0.24,10,0
95000,10000,9.99,0.11,6,0
77000,8000,7.14,0.1,7,0
60350,25000,16.82,0.35,5,1
95000,10000,10.38,0.11,5,0
77000,5000,7.14,0.06,7,0
77000,1500,6.39,0.02,7,0
77000,25000,12.18,0.32,10,0
71000,5000,17.39,0.07,9,1
77000,15000,12.21,0.19,5,0
146000,10175,12.99,0.07,6,1
77040,5900,5.99,0.08,7,0
44000,10200,10.2,0.23,8,0
77065,23700,6.17,0.31,10,0
48000,10200,10.38,0.21,10,0
54400,10200,16.89,0.16,5,1
77248,21600,13.85,0.28,7,0
90000,10200,8.9,0.11,8,0
77268,7500,11.03,0.1,7,0
77270,3000,7.74,0.04,5,0
77367,1000,7.37,0.01,9,0
71400,10000,14.27,0.14,8,1
77500,8000,8.49,0.1,7,0
77500,9000,7.88,0.12,7,0
30000,11000,9.91,0.37,10,1
77544,15000,16.63,0.19,5,0
32400,11000,6.99,0.34,10,1
77940,16250,10.99,0.21,10,0
78000,18000,6.62,0.23,5,0
78000,3200,13.49,0.04,6,0
35000,11000,8.59,0.31,10,1
78000,20000,15.96,0.26,10,0
78000,19700,7.9,0.25,9,0
78000,10000,9.91,0.13,5,0
120000,11050,12.69,0.09,7,0
72000,9000,15.96,0.13,5,1
78000,26000,15.96,0.33,5,0
78000,12000,10.99,0.15,10,0
61200,13000,8.49,0.18,10,1
78000,5000,12.99,0.06,7,0
78000,8000,6.99,0.1,10,0
72000,12000,15.62,0.17,9,1
78000,9450,10.99,0.12,8,0
50000,11100,10.59,0.22,10,0
75000,11100,6.03,0.15,5,0
78000,15275,16.89,0.2,6,0
34000,11175,14.96,0.33,8,1
30809,11200,11.99,0.36,7,1
33500,11200,12.21,0.33,9,1
78000,12000,5.79,0.15,5,0
34800,11200,13.23,0.32,7,1
34900,11200,9.99,0.32,10,1
35000,11200,10.36,0.32,9,1
35000,11200,11.12,0.32,6,1
78000,5000,5.42,0.06,7,0
78000,20000,11.11,0.26,5,0
78000,5000,5.79,0.06,10,0
78000,8000,10.0,0.1,6,0
78000,10000,6.54,0.13,8,0
78000,7000,9.62,0.09,6,0
78000,5250,5.79,0.07,10,0
78000,10800,10.36,0.14,9,0
45600,11200,5.79,0.25,8,0
46000,11200,14.27,0.24,6,0
46739,11200,13.48,0.24,8,0
72000,5000,11.86,0.07,10,1
78000,12000,15.58,0.15,7,0
48000,11200,14.26,0.23,6,0
78000,5400,7.88,0.07,6,0
46800,11200,13.98,0.24,7,1
55259,11200,17.49,0.2,5,0
40000,11325,15.96,0.28,10,0
78000,10000,12.73,0.13,7,0
60000,11200,14.22,0.19,10,0
78000,6000,12.18,0.08,10,0
78000,5125,8.59,0.07,8,0
78000,20000,12.18,0.26,8,0
78000,15000,8.94,0.19,7,0
63000,11200,12.99,0.18,7,0
72000,20000,16.7,0.28,9,1
63800,11200,14.74,0.18,8,0
60500,11200,15.62,0.19,10,1
61200,15000,17.58,0.21,5,1
70000,11200,8.94,0.16,6,0
72000,7500,9.76,0.1,9,1
69000,11200,12.42,0.16,6,1
75000,11200,13.16,0.15,5,0
78096,10000,10.99,0.13,5,0
74000,11200,11.66,0.15,10,1
83000,11200,10.65,0.13,10,0
85000,11200,9.91,0.13,10,0
78300,10000,18.09,0.13,9,0
78301,17000,6.62,0.22,9,0
78400,1200,10.0,0.02,5,0
78408,6000,15.23,0.08,8,0
78408,15000,12.18,0.19,8,0
78411,15850,11.14,0.2,5,0
78465,14000,11.36,0.18,10,0
101000,11200,10.99,0.11,6,0
79050,11200,13.99,0.12,8,1
78750,10750,12.23,0.14,8,0
78862,25000,12.49,0.32,9,0
42000,11300,9.99,0.27,5,0
56472,11300,14.42,0.2,7,0
78996,12000,13.16,0.15,5,0
43200,11350,7.88,0.26,7,0
35000,11400,6.91,0.33,8,1
79000,20000,13.49,0.25,6,0
79000,20000,13.72,0.25,10,0
52500,11425,7.51,0.22,7,0
79000,9000,6.76,0.11,10,0
79000,7500,7.14,0.09,8,0
79000,2875,14.59,0.04,10,0
30000,11450,9.99,0.38,6,1
73000,10500,11.83,0.14,6,1
79000,2000,16.0,0.03,10,0
79000,4800,9.32,0.06,6,0
79000,6000,9.63,0.08,8,0
79000,5000,8.0,0.06,9,0
40000,11450,8.49,0.29,5,0
65000,11475,13.72,0.18,6,0
79100,19150,6.99,0.24,7,0
79112,4000,10.36,0.05,6,0
79200,8000,5.42,0.1,9,0
79200,15000,17.14,0.19,8,0
30000,11500,10.36,0.38,6,1
79416,6000,13.49,0.08,8,0
30000,11500,10.36,0.38,7,1
79440,5525,13.85,0.07,9,0
32000,11500,15.23,0.36,6,1
32000,11500,14.22,0.36,7,1
79500,9600,14.61,0.12,5,0
79536,16425,7.9,0.21,8,0
34928,11500,16.0,0.33,5,1
36000,11500,15.27,0.32,8,1
40000,7000,12.68,0.17,10,0
30000,11500,14.46,0.38,5,1
38500,11500,12.42,0.3,9,0
79800,5000,6.91,0.06,9,0
79800,6000,7.14,0.08,8,0
79872,12000,12.68,0.15,10,0
79894,20000,14.96,0.25,10,0
40000,5000,10.0,0.13,5,0
48000,11500,11.11,0.24,9,0
50000,11500,12.42,0.23,8,0
40000,5000,6.92,0.13,5,0
80000,9000,12.69,0.11,6,0
74000,11500,11.71,0.16,10,0
74500,11500,7.05,0.15,8,0
92259,11500,10.0,0.12,7,0
110000,11500,11.49,0.1,10,0
80000,15000,6.03,0.19,10,0
65000,11600,13.49,0.18,8,0
74000,10000,15.96,0.14,10,1
80000,8500,6.03,0.11,6,0
35000,11700,13.06,0.33,9,1
44004,11750,15.31,0.27,8,1
80000,10000,7.9,0.13,9,0
80000,12000,6.03,0.15,6,0
98000,11750,13.47,0.12,6,0
80000,8400,7.9,0.1,5,0
80000,3000,6.62,0.04,9,0
80000,7500,11.71,0.09,10,0
80000,6000,6.03,0.07,10,0
30000,11975,9.99,0.4,8,1
42000,11975,12.53,0.29,6,0
80000,20000,8.9,0.25,10,0
58344,11975,16.29,0.21,9,0
80000,7400,12.69,0.09,7,0
80000,12000,5.99,0.15,8,0
80000,25000,7.49,0.31,7,0
80000,11000,10.99,0.14,6,0
80000,12000,6.99,0.15,6,0
80000,22000,10.59,0.28,10,0
80000,3600,5.99,0.04,9,0
80000,15350,8.49,0.19,7,0
26237,12000,13.22,0.46,5,1
27000,12000,13.24,0.44,6,1
28000,12000,7.51,0.43,9,1
28000,12000,14.22,0.43,8,1
28080,12000,7.88,0.43,5,1
80000,25000,9.99,0.31,10,0
80000,23750,10.99,0.3,9,0
30000,12000,6.62,0.4,7,1
30000,12000,8.9,0.4,8,1
30000,12000,10.36,0.4,7,1
80000,16800,10.99,0.21,8,0
30000,12000,15.21,0.4,6,1
30000,12000,11.36,0.4,9,1
80000,16000,5.99,0.2,7,0
80000,4975,10.59,0.06,9,0
30000,12000,10.39,0.4,9,1
80000,12000,7.49,0.15,9,0
30412,12000,10.38,0.39,5,1
31200,12000,16.45,0.38,7,1
80000,15000,15.99,0.19,9,0
80000,6000,14.17,0.07,6,0
74000,1500,12.68,0.02,10,1
80000,16000,13.8,0.2,9,0
80000,12750,7.29,0.16,10,0
80000,8000,9.63,0.1,6,0
32000,12000,7.88,0.38,9,1
32400,12000,14.26,0.37,10,1
32800,12000,16.45,0.37,9,1
33000,12000,6.54,0.36,8,1
80000,15000,14.17,0.19,8,0
80000,6500,11.11,0.08,7,0
80000,3000,11.11,0.04,7,0
33000,12000,10.75,0.36,5,1
33280,12000,7.66,0.36,9,1
80000,10000,12.68,0.13,5,0
80000,6000,11.11,0.07,7,0
80000,16000,6.91,0.2,5,0
80000,24000,14.46,0.3,6,0
80000,12400,9.99,0.15,6,0
80000,10750,6.17,0.13,5,0
80000,3000,6.54,0.04,9,0
34000,12000,13.16,0.35,9,1
80000,15000,6.54,0.19,8,0
80000,12000,5.79,0.15,10,0
40000,6400,9.32,0.16,6,0
34999,12000,11.58,0.34,10,1
80000,5000,15.21,0.06,6,0
35000,12000,9.91,0.34,8,1
80000,4500,6.76,0.06,10,0
35000,12000,7.29,0.34,6,1
80000,9600,7.51,0.12,6,0
74000,3000,16.32,0.04,6,1
35100,12000,5.99,0.34,10,1
36000,12000,16.29,0.33,9,1
36000,12000,7.49,0.33,10,1
36000,12000,7.49,0.33,7,1
80000,14500,10.75,0.18,6,0
36000,12000,5.42,0.33,10,1
80000,24000,11.12,0.3,10,0
36000,12000,7.29,0.33,6,1
80000,13000,7.88,0.16,10,0
36000,12000,12.21,0.33,9,1
36400,12000,10.65,0.33,9,1
80000,21000,11.36,0.26,7,0
37076,12000,12.42,0.32,7,1
80000,20000,11.36,0.25,5,0
80000,6000,7.88,0.07,10,0
37920,12000,13.48,0.32,10,1
80000,19000,10.62,0.24,10,0
38000,12000,6.62,0.32,10,1
80000,10000,11.14,0.13,9,0
38000,12000,12.42,0.32,6,1
80000,5000,11.14,0.06,7,0
80000,6000,7.4,0.07,9,0
80000,12000,11.14,0.15,6,0
80000,24000,12.87,0.3,9,0
80000,5000,7.74,0.06,9,0
80000,3100,7.05,0.04,9,0
39996,8000,12.53,0.2,6,0
62900,18000,8.94,0.24,5,1
38500,12000,10.75,0.31,5,1
80000,12000,12.18,0.15,5,0
38643,12000,11.58,0.31,8,1
80000,7500,12.18,0.09,7,0
80000,8000,13.92,0.1,8,0
80000,16000,12.84,0.2,7,0
80000,9000,12.21,0.11,8,0
39000,12000,12.53,0.31,9,1
80000,15000,10.95,0.19,8,0
80000,13000,13.47,0.16,5,0
80000,8000,15.05,0.1,5,0
62900,8000,11.46,0.11,8,1
74000,7000,15.38,0.09,9,1
80000,16000,11.66,0.2,7,0
80000,9000,11.97,0.11,7,0
80000,5000,8.0,0.06,6,0
80000,20000,13.24,0.25,8,0
40000,12000,12.69,0.3,8,0
40000,12000,11.99,0.3,5,0
80004,3200,11.11,0.04,7,0
40000,12000,11.11,0.3,5,0
80004,3500,12.61,0.04,10,0
40000,12000,10.37,0.3,9,0
80004,12000,6.91,0.15,6,0
80004,5500,10.75,0.07,8,0
80004,22750,11.49,0.28,6,0
34000,12000,14.61,0.35,8,1
34000,12000,12.87,0.35,6,1
80004,14400,10.95,0.18,5,0
40000,12000,11.89,0.3,10,0
40000,12000,9.2,0.3,8,0
34046,12000,14.96,0.35,6,1
34310,12000,14.96,0.35,8,1
80256,24000,7.49,0.3,7,0
80300,15000,12.73,0.19,9,0
80308,12000,7.88,0.15,10,0
41004,12000,10.0,0.29,7,0
35830,12000,7.51,0.33,7,1
80400,8000,7.14,0.1,10,0
42000,12000,7.51,0.29,8,0
42000,12000,10.65,0.29,7,0
80496,10000,13.72,0.12,10,0
80500,6000,7.74,0.07,5,0
80569,4000,9.63,0.05,7,0
42000,12000,11.11,0.29,9,0
80600,15000,12.21,0.19,6,0
36000,12000,14.09,0.33,10,1
36000,12000,10.36,0.33,8,1
80748,5000,7.51,0.06,9,0
42000,12000,9.88,0.29,8,0
42000,12000,10.99,0.29,9,0
42000,12000,13.57,0.29,7,0
81000,2500,5.99,0.03,6,0
42600,12000,11.71,0.28,8,0
42886,12000,10.59,0.28,10,0
81000,14000,7.66,0.17,9,0
81000,9000,13.43,0.11,9,0
81000,10000,10.37,0.12,10,0
81000,12000,6.17,0.15,8,0
81000,6000,6.17,0.07,10,0
39000,12000,11.99,0.31,6,0
37000,12000,9.63,0.32,7,1
43200,12000,8.94,0.28,5,0
81000,7200,9.63,0.09,8,0
81000,7750,9.32,0.1,10,0
81000,5500,8.0,0.07,8,0
75000,12000,13.16,0.16,7,1
81000,5000,12.53,0.06,9,0
75000,7500,10.08,0.1,9,1
39000,9600,5.79,0.25,10,0
81120,5200,11.49,0.06,7,0
81120,18000,10.75,0.22,10,0
81204,3600,7.88,0.04,9,0
45000,12000,6.03,0.27,9,0
45000,12000,12.99,0.27,7,0
45000,12000,5.42,0.27,10,0
81600,4000,13.57,0.05,7,0
81804,9000,8.0,0.11,8,0
81900,8000,7.66,0.1,10,0
45000,12000,7.88,0.27,6,0
45000,12000,7.88,0.27,6,0
81996,3000,12.42,0.04,5,0
39000,9000,12.72,0.23,9,0
45000,12000,11.26,0.27,5,0
82000,18800,7.51,0.23,10,0
76000,4400,16.29,0.06,10,1
82000,25000,16.29,0.3,5,0
82000,4000,7.9,0.05,10,0
82000,6000,7.51,0.07,10,0
82000,21000,14.65,0.26,5,0
82000,10000,7.51,0.12,9,0
82000,20000,10.99,0.24,7,0
82000,8000,11.99,0.1,5,0
46000,12000,10.74,0.26,10,0
82000,8000,16.89,0.1,8,0
40000,12000,15.57,0.3,7,1
82000,20000,10.99,0.24,10,0
82000,10000,6.92,0.12,9,0
82000,14000,10.0,0.17,7,0
82000,18000,7.66,0.22,9,0
82000,10000,7.29,0.12,5,0
82000,10000,10.36,0.12,9,0
82000,10000,16.69,0.12,9,0
82000,15000,12.98,0.18,8,0
82000,9000,5.42,0.11,9,0
47256,12000,7.29,0.25,8,0
47500,12000,8.94,0.25,5,0
82000,5000,6.76,0.06,8,0
47700,12000,11.99,0.25,5,0
64600,25000,11.36,0.33,5,1
48000,12000,11.71,0.25,6,0
42000,12000,16.0,0.29,5,1
76000,20000,17.74,0.26,5,1
76000,20000,16.08,0.26,6,1
48400,12000,6.62,0.25,7,0
82008,7200,6.62,0.09,7,0
60000,12000,9.91,0.2,10,0
82116,2800,12.68,0.03,9,0
60000,12000,11.71,0.2,9,0
54000,12000,6.62,0.22,6,1
82404,14400,16.0,0.17,7,0
60000,12000,9.91,0.2,7,0
82500,11000,7.49,0.13,9,0
60000,12000,13.49,0.2,6,0
60000,12000,7.49,0.2,9,0
82500,10000,15.65,0.12,9,0
82500,11100,8.94,0.13,5,0
60000,12000,10.99,0.2,7,0
82524,12000,6.62,0.15,8,0
60000,12000,13.84,0.2,7,0
60000,12000,7.49,0.2,10,0
60000,12000,6.92,0.2,9,0
82600,19450,9.91,0.24,10,0
65144,5000,16.35,0.07,6,1
82656,6000,12.09,0.07,9,0
60000,12000,6.17,0.2,6,0
60000,12000,13.98,0.2,5,0
83000,3500,6.03,0.04,5,0
60000,12000,10.99,0.2,10,0
60000,12000,14.22,0.2,6,0
83000,7500,8.9,0.09,6,0
54000,12000,15.31,0.22,7,1
60000,12000,12.18,0.2,10,0
83000,8800,8.49,0.11,9,0
83000,18000,8.49,0.22,6,0
60000,12000,13.92,0.2,8,0
83000,2500,13.99,0.03,8,0
83000,7500,7.66,0.09,10,0
83000,12000,10.74,0.14,6,0
83000,20000,11.11,0.24,6,0
60000,12000,12.22,0.2,7,0
83000,10000,8.0,0.12,5,0
61000,12000,6.92,0.2,9,0
61000,12000,12.21,0.2,5,0
83004,4500,11.49,0.05,10,0
24000,3000,15.23,0.13,7,0
24000,3000,7.49,0.13,10,0
24000,3000,6.62,0.13,9,0
83135,8000,13.99,0.1,10,0
83137,3600,14.72,0.04,9,0
24000,3000,11.14,0.13,6,0
24000,3000,9.32,0.13,6,0
83200,13000,6.99,0.16,7,0
83200,5000,14.79,0.06,8,0
25000,3000,5.42,0.12,6,0
25000,3000,15.62,0.12,5,1
25000,3000,13.48,0.12,6,0
83500,8000,7.14,0.1,8,0
25000,3000,15.33,0.12,8,1
25000,3000,7.4,0.12,8,0
25000,3000,13.22,0.12,8,0
83820,12800,9.99,0.15,6,0
83886,15000,6.03,0.18,6,0
25200,3000,7.66,0.12,8,0
25200,3000,15.58,0.12,6,1
84000,25000,7.9,0.3,7,0
25716,3000,13.72,0.12,10,0
26208,3000,13.98,0.11,10,0
84000,7000,12.69,0.08,10,0
84000,7000,7.9,0.08,6,0
26880,3000,5.79,0.11,10,0
84000,20000,5.99,0.24,8,0
27500,3000,10.99,0.11,5,0
84000,2400,7.49,0.03,6,0
84000,15000,6.99,0.18,7,0
27600,3000,11.12,0.11,8,1
27600,3000,13.57,0.11,10,0
28000,3000,6.91,0.11,10,0
84000,10000,5.99,0.12,8,0
84000,25000,15.62,0.3,5,0
84000,1000,9.99,0.01,10,0
78000,6775,10.59,0.09,5,1
28800,3000,7.88,0.1,7,1
84000,5900,7.66,0.07,9,0
84000,7000,7.29,0.08,5,0
84000,12000,11.11,0.14,9,0
28880,3000,11.78,0.1,9,0
84000,20500,10.0,0.24,5,0
84000,6000,5.42,0.07,5,0
29102,3000,7.9,0.1,9,0
84000,15000,6.91,0.18,7,0
30000,3000,10.65,0.1,9,0
30000,3000,12.42,0.1,8,0
84000,9000,6.76,0.11,6,0
62000,12000,10.65,0.19,8,0
62000,12000,11.71,0.19,9,0
84000,7600,7.51,0.09,5,0
84000,10400,14.96,0.12,7,0
66300,22000,14.59,0.28,8,1
84000,9250,11.36,0.11,8,0
84000,8400,7.51,0.1,10,0
62000,12000,10.99,0.19,6,0
84000,14000,15.7,0.17,7,0
62200,12000,19.03,0.19,6,0
62400,12000,12.42,0.19,6,0
84000,15000,12.18,0.18,10,0
84000,20000,11.83,0.24,5,0
84000,20000,14.61,0.24,5,0
62496,12000,6.91,0.19,5,0
62496,12000,14.11,0.19,8,0
63000,12000,6.62,0.19,10,0
63000,12000,10.37,0.19,10,0
78132,25000,15.33,0.32,6,1
63600,12000,11.49,0.19,8,0
64000,12000,13.49,0.19,5,0
84500,9600,15.27,0.11,5,0
38000,6600,13.47,0.17,5,0
38000,4000,7.68,0.11,9,0
84780,18000,7.51,0.21,10,0
38000,6000,11.58,0.16,7,0
64450,12000,12.73,0.19,8,0
84906,4500,7.51,0.05,10,0
84996,8000,12.69,0.09,7,0
84996,2500,8.49,0.03,10,0
84996,6000,12.99,0.07,7,0
84996,20000,8.88,0.24,5,0
59000,12000,16.49,0.2,9,1
65000,12000,11.49,0.18,7,0
65000,12000,7.49,0.18,7,0
78996,15600,12.53,0.2,5,1
84996,9000,9.32,0.11,6,0
84996,6000,7.68,0.07,8,0
85000,7800,6.03,0.09,10,0
73000,5000,16.29,0.07,9,1
67000,12000,13.23,0.18,7,0
68000,12000,7.66,0.18,8,0
85000,24000,11.71,0.28,10,0
85000,14000,10.65,0.16,5,0
63600,12000,12.42,0.19,8,1
69805,12000,10.25,0.17,9,0
85000,15000,6.03,0.18,8,0
70000,12000,14.27,0.17,6,0
70000,12000,10.65,0.17,8,0
85000,3800,6.03,0.04,6,0
85000,24000,19.03,0.28,7,0
85000,12000,6.62,0.14,10,0
85000,15000,10.65,0.18,9,0
73000,18000,12.69,0.25,6,1
70000,12000,15.65,0.17,5,0
70000,12000,10.99,0.17,8,0
37440,5000,15.37,0.13,5,0
37404,6000,5.42,0.16,6,0
85000,16800,16.49,0.2,8,0
71000,12000,8.9,0.17,8,0
85000,7500,11.49,0.09,10,0
71000,12000,13.16,0.17,9,0
72000,12000,13.49,0.17,6,0
37200,10000,6.03,0.27,10,0
72000,12000,14.27,0.17,6,0
72000,12000,6.62,0.17,8,0
85000,15000,15.99,0.18,9,0
85000,24000,11.49,0.28,7,0
85000,15000,8.49,0.18,7,0
85000,21000,7.49,0.25,9,0
85000,12500,7.49,0.15,7,0
72000,12000,11.99,0.17,5,0
72000,12000,10.62,0.17,5,0
85000,9075,7.49,0.11,10,0
62050,3600,17.99,0.05,9,1
66000,12000,14.3,0.18,6,1
85000,8400,11.99,0.1,9,0
85000,8000,18.79,0.09,5,0
85000,6000,5.42,0.07,8,0
72500,12000,7.49,0.17,6,0
85000,10000,7.49,0.12,8,0
73000,7500,15.99,0.1,5,1
85000,6500,9.63,0.08,7,0
73200,12000,8.9,0.16,10,0
73660,12000,14.18,0.16,7,0
74000,12000,12.18,0.16,6,0
40000,3000,7.4,0.07,9,0
40800,3000,13.48,0.07,5,0
85000,5000,6.92,0.06,8,0
85000,18000,13.06,0.21,5,0
41000,3000,11.11,0.07,6,0
35000,3000,14.74,0.09,9,1
85000,12000,10.0,0.14,5,0
85000,20000,9.62,0.24,5,0
42000,3000,12.69,0.07,5,0
85000,4500,6.54,0.05,6,0
42000,3000,7.49,0.07,10,0
85000,25000,9.25,0.29,10,0
36000,3000,15.62,0.08,7,1
85000,20000,10.38,0.24,9,0
85000,20000,7.88,0.24,6,0
85000,5000,13.61,0.06,7,0
85000,10000,13.23,0.12,7,0
37000,16750,15.33,0.45,10,0
42000,3000,10.25,0.07,10,0
42000,3000,8.94,0.07,5,0
42000,3000,11.83,0.07,5,0
85000,7500,10.99,0.09,10,0
85000,8000,7.14,0.09,8,0
85000,5500,11.36,0.06,9,0
73000,16000,19.41,0.22,6,1
73000,4750,13.11,0.07,9,1
85000,10000,7.88,0.12,10,0
42996,3000,7.68,0.07,6,0
85000,10000,7.74,0.12,8,0
85000,18000,12.53,0.21,10,0
75000,12000,6.03,0.16,6,0
36928,7800,15.58,0.21,9,0
73000,18000,17.39,0.25,10,1
75000,12000,11.49,0.16,5,0
85000,19000,13.92,0.22,5,0
75000,12000,7.29,0.16,8,0
85000,7000,8.59,0.08,5,0
69000,12000,14.46,0.17,9,1
85000,10400,13.16,0.12,6,0
75000,12000,7.88,0.16,10,0
75000,12000,10.99,0.16,10,0
85000,25000,12.84,0.29,8,0
69000,12000,11.26,0.17,5,1
75000,12000,9.63,0.16,7,0
85000,10400,9.32,0.12,10,0
85000,20000,12.21,0.24,10,0
85000,16000,11.89,0.19,10,0
85000,10000,16.63,0.12,8,0
85000,8500,14.42,0.1,8,0
76000,12000,10.99,0.16,10,0
78000,12000,10.62,0.15,10,0
73000,21000,13.36,0.29,7,1
36400,7000,11.11,0.19,9,0
80000,12000,8.9,0.15,10,0
85000,7500,10.78,0.09,10,0
85100,8000,7.51,0.09,8,0
80000,12000,17.58,0.15,7,0
85224,6000,10.0,0.07,9,0
80000,12000,6.62,0.15,10,0
80000,12000,5.79,0.15,5,0
85634,14000,7.66,0.16,8,0
73680,10000,17.93,0.14,6,1
85800,5000,7.4,0.06,6,0
62900,12000,15.95,0.16,9,1
74000,13650,12.42,0.18,10,1
86000,14000,14.27,0.16,9,0
36000,10000,12.69,0.28,10,0
86000,10800,12.42,0.13,7,0
86000,8400,6.62,0.1,8,0
80400,12000,7.29,0.15,10,0
86000,15600,5.99,0.18,7,0
86000,15000,16.49,0.17,9,0
86000,4500,10.37,0.05,6,0
81193,12000,10.71,0.15,6,0
86000,20000,6.54,0.23,10,0
86000,2650,13.23,0.03,5,0
86000,15000,10.62,0.17,10,0
83000,12000,12.42,0.14,7,0
74000,25000,11.46,0.34,5,1
84000,12000,11.71,0.14,8,0
86004,2000,10.74,0.02,6,0
86004,3000,9.99,0.03,5,0
86004,8000,5.79,0.09,5,0
86004,16000,14.42,0.19,6,0
86028,25000,16.82,0.29,9,0
86100,18000,6.99,0.21,5,0
86304,6000,5.79,0.07,10,0
86400,8000,6.03,0.09,10,0
86400,5000,7.9,0.06,8,0
84000,12000,13.16,0.14,5,0
84300,12000,8.88,0.14,7,0
86400,8000,12.99,0.09,8,0
85000,12000,9.91,0.14,7,0
86400,16000,14.09,0.19,6,0
86400,5000,5.79,0.06,5,0
74400,10000,16.0,0.13,6,1
85000,12000,15.27,0.14,8,0
86500,25000,13.57,0.29,9,0
74700,5000,11.49,0.07,6,1
86706,8500,6.62,0.1,10,0
86800,2800,7.88,0.03,9,0
86875,8000,10.59,0.09,10,0
75000,12000,9.91,0.16,10,1
75000,3000,7.9,0.04,8,1
73000,12000,14.26,0.16,5,1
87000,15000,10.99,0.17,5,0
86000,12000,7.51,0.14,8,0
86496,12000,11.71,0.14,9,0
87000,9000,17.93,0.1,7,0
36000,2350,12.99,0.07,5,0
36000,4000,13.49,0.11,10,0
87000,5000,14.96,0.06,9,0
88000,12000,12.53,0.14,5,0
36000,5000,6.99,0.14,9,0
88365,12000,16.29,0.14,6,0
87000,15000,13.11,0.17,8,0
87000,21125,13.92,0.24,5,0
87000,24800,12.53,0.29,5,0
87000,4800,8.94,0.06,5,0
36000,5000,10.0,0.14,6,0
87000,7200,9.63,0.08,6,0
89000,12000,7.29,0.13,5,0
89000,12000,8.94,0.13,6,0
90000,12000,14.65,0.13,7,0
75000,14000,13.79,0.19,8,1
90000,12000,6.03,0.13,6,0
87120,2850,7.51,0.03,7,0
87204,10000,9.32,0.11,8,0
87360,12000,11.11,0.14,5,0
87360,7000,10.36,0.08,6,0
90000,12000,10.74,0.13,10,0
87504,12650,8.9,0.14,10,0
87504,12000,15.21,0.14,10,0
87600,12000,12.99,0.14,6,0
87600,15000,8.49,0.17,6,0
87600,12000,11.49,0.14,8,0
90000,12000,10.99,0.13,6,0
90000,12000,10.62,0.13,5,0
87895,2800,7.14,0.03,9,0
87950,24000,10.75,0.27,7,0
87988,20000,12.84,0.23,10,0
88000,14000,17.58,0.16,7,0
76000,12000,15.96,0.16,5,1
88000,14000,12.42,0.16,10,0
88000,9800,12.69,0.11,10,0
90000,12000,12.29,0.13,5,0
90444,12000,7.14,0.13,8,0
91200,12000,6.92,0.13,7,0
88000,14400,11.71,0.16,6,0
64600,8000,15.99,0.11,6,1
93000,12000,8.9,0.13,8,0
93000,12000,9.99,0.13,5,0
94140,12000,14.91,0.13,8,0
88000,15000,13.85,0.17,6,0
88000,3500,13.57,0.04,8,0
76000,5000,8.94,0.07,5,1
95004,12000,10.75,0.13,5,0
95500,12000,11.11,0.13,6,0
76000,5000,12.41,0.07,9,1
88000,7000,9.2,0.08,10,0
96000,12000,13.23,0.13,10,0
88055,21600,12.42,0.25,8,0
99000,12000,14.26,0.12,10,0
99996,12000,13.61,0.12,9,0
88500,2700,14.27,0.03,10,0
88560,9000,7.29,0.1,8,0
100000,12000,7.88,0.12,6,0
88800,7000,6.62,0.08,6,0
89000,14000,10.65,0.16,10,0
89000,4000,6.03,0.04,6,0
89000,10000,10.65,0.11,7,0
100000,12000,7.88,0.12,9,0
89000,10800,11.99,0.12,8,0
65450,15000,16.89,0.19,9,1
76500,12000,17.27,0.13,10,1
89000,3000,6.76,0.03,6,0
77000,23000,11.49,0.3,6,1
89000,10000,10.99,0.11,7,0
77000,15000,11.14,0.19,6,1
77000,15000,17.74,0.19,6,1
89000,2800,14.96,0.03,10,0
110000,12000,10.65,0.11,5,0
89000,12250,15.05,0.14,8,0
89004,10000,7.51,0.11,9,0
110000,12000,12.18,0.11,7,0
89004,4800,14.11,0.05,8,0
111996,12000,7.49,0.11,6,0
36000,4900,13.22,0.14,10,0
77400,10000,18.43,0.13,6,1
89520,8000,13.23,0.09,10,0
89602,4800,5.42,0.05,8,0
120000,12000,7.51,0.1,9,0
89849,6000,13.98,0.07,5,0
120000,12000,10.99,0.1,7,0
120000,12000,11.49,0.1,6,0
90000,10000,10.65,0.11,6,0
123000,12000,11.83,0.1,7,0
113000,12000,16.29,0.11,5,1
96053,12000,15.68,0.11,6,1
90000,20000,12.42,0.22,10,0
90000,1800,7.51,0.02,5,0
117000,12000,17.93,0.1,10,1
90000,6000,11.71,0.07,8,0
117005,12000,18.79,0.1,8,1
90000,14000,7.9,0.16,9,0
130000,12000,16.49,0.09,10,0
90000,15000,7.9,0.17,9,0
130000,12000,15.23,0.09,10,0
100300,12000,14.91,0.1,7,1
130000,12000,10.75,0.09,6,0
90000,24400,8.9,0.27,10,0
140000,12000,9.91,0.09,10,0
90000,7000,11.71,0.08,10,0
140000,12000,7.88,0.09,7,0
90000,7500,7.51,0.08,6,0
90000,11400,6.62,0.13,8,0
150000,12000,10.59,0.08,9,0
150000,12000,7.29,0.08,7,0
150000,12000,10.74,0.08,9,0
150086,12000,6.54,0.08,9,0
90000,6000,6.03,0.07,5,0
90000,15600,7.9,0.17,9,0
170000,12000,5.79,0.07,6,0
187000,12000,7.9,0.06,10,0
223000,12000,14.96,0.05,6,1
90000,21400,15.23,0.24,5,0
170000,12075,12.42,0.07,9,0
54000,12100,9.45,0.22,6,0
90000,21000,11.99,0.23,10,0
90000,5000,14.79,0.06,8,0
36000,12200,9.99,0.34,6,1
90000,21000,15.62,0.23,9,0
90000,18000,8.49,0.2,9,0
27996,12250,11.26,0.44,7,1
28800,12250,10.59,0.43,9,1
90000,15000,6.99,0.17,8,0
90000,4800,9.99,0.05,5,0
31500,12250,13.85,0.39,5,1
35196,12250,13.23,0.35,7,1
90000,4500,5.99,0.05,6,0
90000,15000,6.99,0.17,6,0
90000,7500,15.23,0.08,8,0
42000,12250,14.59,0.29,10,1
90000,9900,5.99,0.11,5,0
52000,12250,11.36,0.24,5,0
90000,15000,7.49,0.17,5,0
78000,10000,15.99,0.13,7,1
90000,21000,10.74,0.23,7,0
90000,12000,5.79,0.13,9,0
90000,12000,7.29,0.13,5,0
90000,15000,11.11,0.17,9,0
70000,12300,8.49,0.18,8,0
36000,12325,6.54,0.34,10,1
90000,7000,5.79,0.08,8,0
90000,14400,7.66,0.16,6,0
75000,12325,12.73,0.16,6,0
108000,12350,14.96,0.11,7,1
90000,8000,7.66,0.09,5,0
90000,18000,11.11,0.2,10,0
90000,20000,15.28,0.22,6,0
90000,10000,5.79,0.11,7,0
65000,12400,13.49,0.19,6,0
90000,12000,6.92,0.13,5,0
35000,12500,15.65,0.36,8,1
90000,12000,12.98,0.13,6,0
90000,6000,5.42,0.07,7,0
36500,12500,10.25,0.34,8,1
90000,14500,6.54,0.16,10,0
90000,3000,9.25,0.03,9,0
90000,16500,12.61,0.18,6,0
90000,9000,15.58,0.1,6,0
90000,5325,7.88,0.06,10,0
90000,12000,11.49,0.13,7,0
90000,15000,7.88,0.17,6,0
90000,25000,11.86,0.28,6,0
90000,10000,7.14,0.11,10,0
90000,5000,13.61,0.06,7,0
36000,2800,16.0,0.08,9,1
39600,2800,16.77,0.07,7,1
90000,10000,7.14,0.11,5,0
90000,13600,16.32,0.15,7,0
46080,2800,17.56,0.06,10,0
90000,25000,11.36,0.28,9,0
47000,2800,6.99,0.06,7,0
90000,5000,6.76,0.06,5,0
90000,24250,10.62,0.27,7,0
48000,2800,7.49,0.06,5,0
90000,5500,10.25,0.06,9,0
49548,2800,12.84,0.06,5,0
78000,24000,10.25,0.31,8,1
66300,20000,17.56,0.26,8,1
90000,21000,11.36,0.23,8,0
90000,12000,13.48,0.13,10,0
35000,4200,12.99,0.12,7,0
50000,2800,11.86,0.06,8,0
90000,12000,12.73,0.13,9,0
35000,6000,11.99,0.17,10,0
58800,2800,12.69,0.05,10,1
35000,2000,13.99,0.06,8,0
67000,2800,13.04,0.04,10,0
90000,17600,16.35,0.2,5,0
90000,8000,12.53,0.09,7,0
90000,5000,12.87,0.06,10,0
90000,4200,8.94,0.05,5,0
90000,8400,12.87,0.09,8,0
90000,12000,13.92,0.13,6,0
90000,10000,8.94,0.11,7,0
78000,24000,11.83,0.31,7,1
16800,2750,14.84,0.16,10,1
90000,20500,14.96,0.23,8,0
37000,2750,9.99,0.07,5,0
57120,2750,10.37,0.05,5,0
78000,20000,14.26,0.26,10,1
90000,20000,16.7,0.22,9,0
27000,2725,9.63,0.1,6,0
44000,2725,12.18,0.06,7,1
52000,2725,11.66,0.05,8,0
90000,10000,12.21,0.11,10,0
15000,2700,12.69,0.18,5,1
90000,25000,11.58,0.28,6,0
90000,13000,11.89,0.14,10,0
90000,10000,12.53,0.11,8,0
15000,2700,7.29,0.18,5,1
90000,20000,12.53,0.22,5,0
66300,12000,14.11,0.15,6,1
78000,12000,16.95,0.15,7,1
18000,2700,12.61,0.15,9,0
90000,4000,8.0,0.04,6,0
78000,18000,9.38,0.23,6,1
90000,7500,10.71,0.08,5,0
90000,20000,14.82,0.22,8,0
90000,10000,8.63,0.11,5,0
90000,12000,8.32,0.13,8,0
90000,22000,11.03,0.24,5,0
35004,2700,13.49,0.08,5,0
40560,2700,10.0,0.07,8,0
90080,5500,7.49,0.06,7,0
78111,25000,7.51,0.32,7,1
40800,2700,11.71,0.07,7,0
90301,15000,13.47,0.17,6,0
78305,10000,14.59,0.13,7,1
90400,9500,10.37,0.11,6,0
45000,2700,9.91,0.06,6,0
90522,12000,6.91,0.13,9,0
90636,17000,13.85,0.19,5,0
90700,20000,6.91,0.22,8,0
90722,18000,10.99,0.2,5,0
90722,10000,6.91,0.11,8,0
91000,18500,12.42,0.2,7,0
91000,13600,12.42,0.15,7,0
91000,11525,7.49,0.13,7,0
91000,7000,6.99,0.08,6,0
91000,5600,10.99,0.06,8,0
91000,3000,5.99,0.03,8,0
10000,2650,7.4,0.27,9,1
91000,4000,7.29,0.04,9,0
91000,21000,13.35,0.23,6,0
48000,2650,11.26,0.06,6,0
91000,14700,7.88,0.16,6,0
91000,15000,9.88,0.16,9,0
15000,2600,16.29,0.17,10,1
91000,10000,8.59,0.11,9,0
67150,13000,16.0,0.16,6,1
91080,15600,15.7,0.17,9,0
28000,2600,10.08,0.09,7,0
91200,2000,11.49,0.02,8,0
79200,9000,8.49,0.11,8,1
30996,2600,14.74,0.08,5,1
79200,25000,15.58,0.32,5,1
32000,2600,13.49,0.08,8,0
91224,15000,7.88,0.16,10,0
37000,2600,9.25,0.07,7,0
91384,1600,10.25,0.02,5,0
34000,2600,15.62,0.08,9,1
35000,3000,10.62,0.09,8,0
40792,2600,12.53,0.06,9,0
91560,22000,6.91,0.24,8,0
91644,5000,11.03,0.05,7,0
38420,2575,15.96,0.07,7,1
25200,2550,14.27,0.1,5,0
92000,14000,6.03,0.15,8,0
35000,10000,12.87,0.29,8,0
66000,2550,11.36,0.04,10,0
27000,2525,12.21,0.09,7,0
40500,12500,13.61,0.31,7,1
92000,12000,6.99,0.13,8,0
92000,24000,11.49,0.26,7,0
92000,12000,6.62,0.13,6,0
42096,12500,11.11,0.3,5,0
92000,14400,6.99,0.16,10,0
92000,3500,5.79,0.04,6,0
14400,2500,10.0,0.17,5,1
92000,16000,11.11,0.17,7,0
92000,20000,13.06,0.22,10,0
92000,12000,5.79,0.13,5,0
14400,2500,18.3,0.17,7,1
92000,6000,11.86,0.07,9,0
92000,6000,6.76,0.07,9,0
92000,10000,7.51,0.11,10,0
68000,24500,18.3,0.31,6,1
92000,18000,11.48,0.2,7,0
92000,10000,11.26,0.11,9,0
92000,9000,9.63,0.1,8,0
15889,2500,6.62,0.16,9,1
16560,2500,6.99,0.15,10,0
17040,2500,7.51,0.15,10,0
18000,2500,14.74,0.14,8,1
92004,10000,9.63,0.11,6,0
19968,2500,9.62,0.13,6,1
92004,7000,9.63,0.08,8,0
20000,2500,12.53,0.13,10,0
68255,17500,17.93,0.22,10,1
34800,10000,12.99,0.29,9,0
48000,12500,15.95,0.26,7,0
92508,13000,7.14,0.14,5,0
34800,9500,7.51,0.27,10,0
92700,24000,6.91,0.26,8,0
92800,12500,9.63,0.13,9,0
58000,12500,11.71,0.22,7,0
93000,7000,5.42,0.08,8,0
93000,18000,15.23,0.19,9,0
93000,20000,13.49,0.22,10,0
34500,10000,9.63,0.29,7,0
93000,10000,5.42,0.11,10,0
93000,3000,8.49,0.03,8,0
93000,15000,12.99,0.16,10,0
93000,21000,10.74,0.23,10,0
93000,13000,7.51,0.14,6,0
93000,20000,16.82,0.22,8,0
70004,12500,8.88,0.18,7,0
93000,16000,13.57,0.17,10,0
93000,22500,11.83,0.24,9,0
80000,12500,11.71,0.16,7,0
101877,12500,11.99,0.12,7,0
93132,2500,5.99,0.03,6,0
130000,12500,9.99,0.1,6,0
150000,12500,14.35,0.08,8,0
93600,16000,11.58,0.17,5,0
54000,12700,11.71,0.24,7,1
94000,10000,14.27,0.11,6,0
94000,4800,10.99,0.05,5,0
94000,10000,7.49,0.11,9,0
35000,12800,10.0,0.37,7,1
30000,12800,14.79,0.43,9,1
94000,3000,5.42,0.03,10,0
38000,12800,5.79,0.34,8,1
94000,15000,6.54,0.16,5,0
94000,15000,9.88,0.16,10,0
94000,10000,7.51,0.11,7,0
44640,12800,11.83,0.29,9,0
46000,12800,13.48,0.28,8,0
94104,14400,14.27,0.15,7,0
94500,12000,6.62,0.13,7,0
70125,25000,15.33,0.3,9,1
94500,10000,14.26,0.11,5,0
94700,8000,7.49,0.08,7,0
62000,12800,9.62,0.21,7,0
62000,12800,13.16,0.21,5,0
94896,3500,11.89,0.04,7,0
65000,12800,15.2,0.2,8,0
65000,12800,9.45,0.2,10,0
70000,12800,13.57,0.18,6,0
69000,12800,15.7,0.19,5,1
75000,12800,14.74,0.17,9,0
80000,12800,18.67,0.16,6,0
85000,12800,10.75,0.15,7,0
104000,12800,7.29,0.12,7,0
95000,15000,9.91,0.16,7,0
95000,3500,6.03,0.04,7,0
95000,5000,6.03,0.05,5,0
95000,4800,11.71,0.05,10,0
95000,20000,10.65,0.21,5,0
95000,23450,7.9,0.25,5,0
95000,18000,11.71,0.19,9,0
95000,4800,10.99,0.05,8,0
95000,13200,12.99,0.14,8,0
96000,12900,14.79,0.13,9,0
95000,21000,11.99,0.22,5,0
50000,13000,10.25,0.26,8,0
95000,6000,15.99,0.06,7,0
95000,25000,10.99,0.26,5,0
44500,13000,16.32,0.29,6,1
46000,13000,14.59,0.28,9,1
95000,4000,5.99,0.04,9,0
95000,5600,11.63,0.06,5,0
52809,13000,10.62,0.25,9,0
95000,5000,6.99,0.05,10,0
55000,13000,10.99,0.24,8,0
55000,13000,8.88,0.24,6,0
95000,3600,8.49,0.04,10,0
95000,15000,12.68,0.16,9,0
33600,8000,16.02,0.24,7,0
95000,11000,13.06,0.12,9,0
95000,8500,5.79,0.09,6,0
95000,11200,7.29,0.12,8,0
57996,13000,13.92,0.22,7,0
58000,13000,11.58,0.22,7,0
70550,18000,19.74,0.22,10,1
95000,12000,7.29,0.13,6,0
59000,13000,11.49,0.22,10,0
54000,13000,15.23,0.24,9,1
95000,18000,11.11,0.19,8,0
95000,8000,5.79,0.08,10,0
61211,13000,6.54,0.21,9,0
95000,2400,13.72,0.03,9,0
95000,9000,5.42,0.09,7,0
62496,13000,10.37,0.21,8,0
64000,13000,10.99,0.2,9,0
64000,13000,13.11,0.2,10,0
95000,25000,9.62,0.26,8,0
95000,20000,6.54,0.21,9,0
95000,25000,11.12,0.26,6,0
95000,15000,11.49,0.16,10,0
95000,5000,7.51,0.05,5,0
95000,4000,7.14,0.04,10,0
95000,5000,7.88,0.05,7,0
95000,8000,14.84,0.08,9,0
95000,5000,7.51,0.05,10,0
95000,12000,13.11,0.13,9,0
95000,18000,7.88,0.19,10,0
95000,4500,10.99,0.05,7,0
65004,13000,12.53,0.2,6,0
95000,9000,7.88,0.09,9,0
61000,13000,10.59,0.21,8,1
95000,18000,13.48,0.19,9,0
67000,13000,13.06,0.19,10,0
95000,10000,7.51,0.11,9,0
95000,15000,11.14,0.16,5,0
70000,13000,12.18,0.19,7,0
95000,12000,8.94,0.13,5,0
66996,13000,15.2,0.19,9,1
76000,13000,10.25,0.17,8,0
78000,13000,12.87,0.17,10,0
95000,25000,10.08,0.26,6,0
95000,24000,12.92,0.25,5,0
84000,13000,12.53,0.15,7,0
95004,15000,7.51,0.16,9,0
95004,25000,16.07,0.26,8,0
90000,13000,9.32,0.14,9,0
95142,12000,14.84,0.13,9,0
95200,15000,5.99,0.16,8,0
83234,10000,18.25,0.12,9,1
92250,13000,10.99,0.14,9,0
95500,20000,15.95,0.21,6,0
95680,17000,7.88,0.18,7,0
95827,16000,14.5,0.17,7,0
96000,18000,13.49,0.19,7,0
96000,7000,6.62,0.07,6,0
84000,15200,15.27,0.18,7,1
96000,11250,17.58,0.12,5,0
96000,12500,19.03,0.13,5,0
33736,13600,13.57,0.4,9,1
96000,7000,6.03,0.07,10,0
96000,6000,12.69,0.06,10,0
84000,3000,15.99,0.04,6,1
96000,9600,5.99,0.1,10,0
96000,2500,12.99,0.03,10,0
96000,6000,5.42,0.06,7,0
80000,13600,12.42,0.17,9,0
96000,12000,11.99,0.13,6,0
33000,2000,13.98,0.06,6,0
96000,14000,7.49,0.15,10,0
96000,9000,7.49,0.09,7,0
33000,5000,14.96,0.15,6,0
96000,10000,9.99,0.1,6,0
96000,8000,6.99,0.08,10,0
88000,13600,7.9,0.15,6,0
71400,8000,8.49,0.1,10,1
96000,4000,10.99,0.04,8,0
44000,13650,10.65,0.31,5,1
96000,11200,5.42,0.12,9,0
96000,3000,9.63,0.03,7,0
33000,7500,15.31,0.23,6,0
96000,10000,7.66,0.1,7,0
96000,8000,13.72,0.08,9,0
57936,13650,14.42,0.24,10,1
96000,8000,14.09,0.08,9,0
96000,12000,9.99,0.13,7,0
96000,3000,11.49,0.03,7,0
30000,13750,12.73,0.46,9,1
42000,13750,11.36,0.33,8,1
96000,5600,15.21,0.06,8,0
80000,13750,16.7,0.17,6,0
33036,13800,13.47,0.42,5,1
55000,13800,11.83,0.25,6,0
96000,4500,6.76,0.05,10,0
51600,13800,13.57,0.27,6,1
96000,6000,11.49,0.06,6,0
96000,22500,11.36,0.23,5,0
32500,5000,6.62,0.15,8,0
96000,17000,10.62,0.18,10,0
96000,12000,12.73,0.13,5,0
96000,12000,9.88,0.13,5,0
84000,8000,14.96,0.1,5,1
32496,9200,11.86,0.28,8,0
41400,14000,13.48,0.34,6,1
96000,15000,13.47,0.16,6,0
42000,14000,9.88,0.33,5,1
42000,14000,15.7,0.33,8,1
84000,20000,12.29,0.24,8,1
84000,25000,17.34,0.3,5,1
42900,14000,11.14,0.33,5,1
84000,20000,11.54,0.24,6,1
96120,15000,10.0,0.16,9,0
96300,18000,13.98,0.19,9,0
96339,15000,11.36,0.16,7,0
37000,14000,14.42,0.38,10,1
43738,14000,7.88,0.32,6,1
45000,14000,12.69,0.31,5,1
39000,14000,7.9,0.36,8,1
45000,14000,7.91,0.31,5,1
96713,7000,8.0,0.07,6,0
96996,1500,10.95,0.02,10,0
45000,14000,13.06,0.31,6,1
97000,5000,13.49,0.05,9,0
45000,14000,9.76,0.31,9,1
97000,10000,14.65,0.1,8,0
97000,6000,7.49,0.06,10,0
97000,12000,8.49,0.12,5,0
97000,12000,7.66,0.12,6,0
97000,12000,6.91,0.12,7,0
97000,3600,9.25,0.04,7,0
97000,20000,6.17,0.21,8,0
72250,10000,14.83,0.12,6,1
46900,14000,14.27,0.3,5,0
97000,10000,12.23,0.1,5,0
97000,16000,8.88,0.16,10,0
48880,14000,10.65,0.29,9,0
97000,25000,16.32,0.26,5,0
48996,14000,13.23,0.29,8,0
97000,12000,11.83,0.12,5,0
97000,14600,15.65,0.15,9,0
97000,25000,16.0,0.26,6,0
97000,5500,12.18,0.06,9,0
72250,25000,17.03,0.29,5,1
50000,14000,6.54,0.28,6,0
97192,6500,7.29,0.07,10,0
32000,12375,9.91,0.39,7,0
50000,14000,6.54,0.28,8,0
97200,20000,12.29,0.21,9,0
97296,6500,12.42,0.07,8,0
44000,14000,19.04,0.32,10,1
50000,14000,10.62,0.28,9,0
44000,14000,15.65,0.32,7,1
50000,14000,13.79,0.28,6,0
97500,8000,5.42,0.08,9,0
97500,6000,7.51,0.06,9,0
98000,5000,15.96,0.05,7,0
98000,16000,6.03,0.16,5,0
98000,10000,12.69,0.1,7,0
98000,1825,14.27,0.02,6,0
98000,5100,6.03,0.05,6,0
98000,16000,10.99,0.16,5,0
47400,14000,14.42,0.3,7,1
86000,15000,16.4,0.17,5,1
86000,20000,13.43,0.23,5,1
86000,23000,6.17,0.27,7,1
98000,12000,8.88,0.12,7,0
98000,17000,8.88,0.17,5,0
86000,3600,13.98,0.04,5,1
98000,15000,11.36,0.15,7,0
98000,14000,10.25,0.14,5,0
98000,5000,7.14,0.05,5,0
48000,14000,13.79,0.29,10,1
98000,25000,11.83,0.26,10,0
98000,1000,7.74,0.01,9,0
32000,2100,6.91,0.07,5,0
98000,3500,7.68,0.04,10,0
55000,14000,11.48,0.25,7,0
55000,14000,11.58,0.25,6,0
98004,4000,10.99,0.04,9,0
98056,6000,8.88,0.06,10,0
98080,20000,8.88,0.2,9,0
86260,18000,13.72,0.21,7,1
98300,5000,12.23,0.05,10,0
98300,15000,7.88,0.15,5,0
98320,10425,11.49,0.11,9,0
98400,1500,5.42,0.02,5,0
98400,20000,14.84,0.2,9,0
98406,5400,9.38,0.05,6,0
56000,14000,10.65,0.25,7,0
98480,2500,15.96,0.03,10,0
98736,9000,11.89,0.09,6,0
57600,14000,7.29,0.24,8,0
99000,4500,5.42,0.05,9,0
58000,14000,6.62,0.24,5,0
99000,3000,10.99,0.03,9,0
59004,14000,15.28,0.24,10,0
99000,5000,6.92,0.05,8,0
99000,24000,11.36,0.24,7,0
99000,9000,7.14,0.09,8,0
99000,6000,10.25,0.06,5,0
99000,18000,9.76,0.18,7,0
60000,14000,7.51,0.23,8,0
99300,7500,5.79,0.08,7,0
99400,6000,6.92,0.06,7,0
99518,6500,5.99,0.07,6,0
99600,5000,11.86,0.05,8,0
99780,6000,11.14,0.06,8,0
99800,8000,7.14,0.08,9,0
99996,10000,5.42,0.1,8,0
74797,4800,18.79,0.05,7,1
99996,6000,11.11,0.06,7,0
74797,10000,15.58,0.11,6,1
99996,7000,7.14,0.07,9,0
99996,9800,7.14,0.1,8,0
74797,15000,15.33,0.17,10,1
62400,14000,10.99,0.22,10,0
99996,3000,12.84,0.03,10,0
56500,14000,13.87,0.25,8,1
63000,14000,6.91,0.22,5,0
88000,5000,8.9,0.06,9,1
100000,5000,15.96,0.05,8,0
100000,10000,16.77,0.1,10,0
100000,2000,14.27,0.02,5,0
66000,14000,12.99,0.21,8,0
66996,14000,12.84,0.21,8,0
68000,14000,12.61,0.21,8,0
31200,6000,11.71,0.19,6,0
31200,4350,5.99,0.14,5,0
69000,14000,6.03,0.2,10,0
100000,7600,6.03,0.08,9,0
100000,12000,6.03,0.12,6,0
100000,12000,8.9,0.12,10,0
100000,5000,12.69,0.05,7,0
100000,10000,6.62,0.1,8,0
100000,15000,11.71,0.15,9,0
100000,7000,8.9,0.07,10,0
100000,9000,10.99,0.09,8,0
73000,14000,14.59,0.19,8,0
100000,6000,9.99,0.06,7,0
31200,6000,14.35,0.19,7,0
100000,4000,7.49,0.04,8,0
100000,6000,10.99,0.06,6,0
75000,14000,12.69,0.19,7,0
100000,8000,6.99,0.08,7,0
100000,18000,13.99,0.18,6,0
100000,12025,13.49,0.12,9,0
100000,19000,8.49,0.19,9,0
100000,12000,5.42,0.12,7,0
100000,16000,16.49,0.16,9,0
100000,5000,5.42,0.05,8,0
75000,14000,9.63,0.19,7,0
100000,10000,14.79,0.1,6,0
76254,14000,10.38,0.18,5,0
88000,17600,13.49,0.2,10,1
100000,12000,7.49,0.12,6,0
100000,15000,10.59,0.15,10,0
100000,10000,7.49,0.1,6,0
76500,14000,11.49,0.18,10,0
100000,12000,10.99,0.12,8,0
78000,14000,9.63,0.18,9,0
80000,14000,14.27,0.17,7,0
100000,6000,7.66,0.06,5,0
100000,15000,10.0,0.15,7,0
100000,12800,6.92,0.13,8,0
80000,14000,5.42,0.17,9,0
100000,1800,9.63,0.02,8,0
80000,14000,14.91,0.17,5,0
100000,6400,7.29,0.06,9,0
100000,8000,7.29,0.08,8,0
100000,4500,5.42,0.04,10,0
100000,9500,5.79,0.1,8,0
31000,12000,12.73,0.39,6,0
100000,16000,13.43,0.16,5,0
100000,10000,6.92,0.1,7,0
100000,9950,5.42,0.1,7,0
84000,14000,12.42,0.17,6,0
31000,1000,7.4,0.03,8,0
31000,12500,8.94,0.4,8,0
100000,20000,12.68,0.2,6,0
85000,14000,14.65,0.16,9,0
85000,14000,5.42,0.16,5,0
100000,9000,18.25,0.09,6,0
85332,14000,14.22,0.16,7,0
31000,2500,8.38,0.08,9,0
100000,16000,6.54,0.16,5,0
31000,4275,10.28,0.14,7,0
100000,6575,5.79,0.07,6,0
100000,13000,12.61,0.13,7,0
100000,4800,5.79,0.05,9,0
93000,14000,13.16,0.15,6,0
100000,10000,6.17,0.1,9,0
100000,20000,6.54,0.2,5,0
100000,20000,6.17,0.2,7,0
100000,15000,6.17,0.15,10,0
100000,10000,5.42,0.1,8,0
100000,12000,6.91,0.12,10,0
100000,8000,13.98,0.08,6,0
100000,11000,13.61,0.11,8,0
100000,13000,7.88,0.13,9,0
100000,14000,10.62,0.14,8,0
103560,14000,17.56,0.14,5,0
105000,14000,11.49,0.13,6,0
100000,25000,13.23,0.25,8,0
100000,20500,18.67,0.2,7,0
100000,8000,11.86,0.08,7,0
100000,13000,15.33,0.13,6,0
100000,6000,7.14,0.06,10,0
88000,20000,13.48,0.23,10,1
100000,11000,7.51,0.11,5,0
88000,16000,16.45,0.18,8,1
110400,14000,16.89,0.13,6,1
125000,14000,9.63,0.11,6,0
100000,24000,10.25,0.24,6,0
100000,12000,7.88,0.12,8,0
100000,7000,9.88,0.07,10,0
100000,1000,6.76,0.01,6,0
100000,20000,13.48,0.2,6,0
100000,13000,8.59,0.13,5,0
100000,18000,13.92,0.18,9,0
138000,14000,7.9,0.1,8,1
100000,25000,12.18,0.25,10,0
100000,15000,11.14,0.15,9,0
100000,15800,11.14,0.16,6,0
100000,24000,11.48,0.24,9,0
100000,20000,13.57,0.2,9,0
100000,10000,8.59,0.1,7,0
100000,5300,11.14,0.05,5,0
48000,14100,13.49,0.29,5,0
100000,20000,11.48,0.2,5,0
83203,14100,6.03,0.17,8,0
100000,20000,14.61,0.2,10,0
31897,14125,12.68,0.44,10,1
100000,10000,12.84,0.1,5,0
100000,15000,9.63,0.15,7,0
88000,10000,14.11,0.11,6,1
34800,14125,10.37,0.41,8,1
36500,14125,8.9,0.39,7,1
100000,2000,8.0,0.02,5,0
100000,13500,9.38,0.14,9,0
100000,10000,12.09,0.1,9,0
39000,14125,8.49,0.36,5,1
100000,7500,11.59,0.07,6,0
100000,7000,10.08,0.07,10,0
100000,25000,10.39,0.25,8,0
40000,14150,12.69,0.35,7,1
100000,12000,15.76,0.12,6,0
30000,8875,14.27,0.3,8,0
100000,15000,12.04,0.15,5,0
100000,12000,9.96,0.12,10,0
100000,5000,8.07,0.05,10,0
88296,15000,15.88,0.17,8,1
30000,14300,10.39,0.48,6,1
100500,15000,14.65,0.15,6,0
31800,14400,10.75,0.45,7,1
100596,25000,10.59,0.25,8,0
100800,22000,12.42,0.22,7,0
36000,14400,10.62,0.4,6,1
100843,2800,12.87,0.03,5,0
88970,20000,11.99,0.22,6,1
101000,5000,9.91,0.05,5,0
101000,8000,11.49,0.08,5,0
101000,3375,14.79,0.03,8,0
101000,5000,7.49,0.05,7,0
101000,18000,8.49,0.18,6,0
38000,14400,8.94,0.38,7,1
101000,12000,12.18,0.12,8,0
43000,14400,6.99,0.33,10,1
101000,15000,8.94,0.15,9,0
101000,12000,9.63,0.12,7,0
101000,6000,8.32,0.06,9,0
101004,11025,7.9,0.11,5,0
30000,4000,7.49,0.13,5,0
75905,18000,17.26,0.2,8,1
101400,4500,9.32,0.04,5,0
101416,15000,12.87,0.15,8,0
44500,14400,13.61,0.32,10,1
45000,14400,7.29,0.32,9,1
90000,4800,8.9,0.05,5,1
102000,15000,15.62,0.15,8,0
102000,8700,12.99,0.09,9,0
102000,16000,11.99,0.16,5,0
102000,10000,5.99,0.1,10,0
102000,6000,7.49,0.06,9,0
58000,14400,9.91,0.25,5,0
102000,12250,7.66,0.12,8,0
102000,4000,7.88,0.04,10,0
102000,6000,7.88,0.06,9,0
65000,14400,11.14,0.22,5,0
102000,10000,12.18,0.1,7,0
68000,14400,8.59,0.21,5,0
102000,7200,11.26,0.07,8,0
102000,15000,12.84,0.15,7,0
102000,10000,9.63,0.1,9,0
102000,18000,9.33,0.18,7,0
102058,15000,13.92,0.15,8,0
102368,11000,11.14,0.11,8,0
73500,14400,12.98,0.2,6,0
102400,25000,15.57,0.24,10,0
102489,25000,12.18,0.24,7,0
102500,8000,10.59,0.08,6,0
102500,9000,11.49,0.09,6,0
102500,6000,5.79,0.06,8,0
102540,1500,7.9,0.01,5,0
75000,14400,11.36,0.19,7,0
102672,10000,7.9,0.1,10,0
103000,14000,9.91,0.14,7,0
103000,24000,7.49,0.23,10,0
103000,6000,7.49,0.06,8,0
103000,6400,7.49,0.06,9,0
103000,5000,5.42,0.05,5,0
103000,3525,5.42,0.03,8,0
103000,4500,7.29,0.04,6,0
103000,8800,7.29,0.09,8,0
103000,10000,7.51,0.1,10,0
79820,14400,13.49,0.18,6,0
103000,16000,10.62,0.16,7,0
84000,14400,11.99,0.17,6,0
103200,9000,9.88,0.09,6,0
85000,14400,8.49,0.17,10,0
103500,24150,14.61,0.23,9,0
85000,14400,9.07,0.17,8,0
103800,10000,14.27,0.1,8,0
103992,18000,10.99,0.17,7,0
104000,10000,10.65,0.1,9,0
104000,18000,7.66,0.17,7,0
104000,3500,10.74,0.03,6,0
30000,10000,6.17,0.33,5,0
100000,14400,13.35,0.14,7,0
100000,14400,13.85,0.14,9,0
92000,7750,14.22,0.08,6,1
104000,17000,14.82,0.16,7,0
104525,6000,7.4,0.06,8,0
105000,26000,7.51,0.25,10,0
105000,5000,14.65,0.05,9,0
105000,26375,9.91,0.25,9,0
105000,12000,6.62,0.11,7,0
35000,14500,13.98,0.41,8,1
105000,10000,5.99,0.1,8,0
105000,12000,6.99,0.11,5,0
30000,14500,11.14,0.48,8,1
105000,3000,5.99,0.03,6,0
40581,14500,13.23,0.36,10,1
105000,12100,5.99,0.12,6,0
105000,11000,7.49,0.1,5,0
105000,3000,10.37,0.03,7,0
79050,24000,18.62,0.26,8,1
105000,5000,5.42,0.05,7,0
105000,12000,9.63,0.11,10,0
105000,25000,12.23,0.24,5,0
105000,20000,6.91,0.19,8,0
30000,2950,10.75,0.1,7,0
105000,24000,6.17,0.23,6,0
105000,20000,6.54,0.19,9,0
30000,1800,14.84,0.06,5,0
79050,12750,15.95,0.14,10,1
105000,10000,7.51,0.1,7,0
105000,6000,14.72,0.06,10,0
105000,25000,11.12,0.24,9,0
105000,12000,7.88,0.11,7,0
30000,2500,11.36,0.08,9,0
105000,17000,10.25,0.16,10,0
76000,14500,12.73,0.19,10,0
105000,15400,11.36,0.15,10,0
105000,12000,7.88,0.11,6,0
105000,13000,10.25,0.12,9,0
76113,14500,12.61,0.19,7,1
105000,20000,11.83,0.19,5,0
90000,14500,14.65,0.16,9,0
105000,7000,7.74,0.07,10,0
30000,8000,15.7,0.27,10,0
105000,20000,11.48,0.19,6,0
30000,10000,7.88,0.33,5,0
105000,5000,12.53,0.05,9,0
105000,19000,12.21,0.18,6,0
105000,15000,14.42,0.14,5,0
105000,5150,12.41,0.05,9,0
105600,10000,7.29,0.09,6,0
93900,24000,16.08,0.26,6,1
106000,4000,11.71,0.04,6,0
106000,15000,15.96,0.14,8,0
106000,6000,8.49,0.06,8,0
106000,7200,7.29,0.07,8,0
106000,12000,5.79,0.11,8,0
106000,2400,9.63,0.02,6,0
106000,24000,13.8,0.23,10,0
106000,15000,7.88,0.14,7,0
106000,9000,7.88,0.08,6,0
106000,6000,10.99,0.06,7,0
106000,16000,14.96,0.15,9,0
31200,15000,11.83,0.48,9,1
106358,13125,7.66,0.12,7,0
30000,5000,12.53,0.17,6,0
106369,8325,6.99,0.08,10,0
106369,18000,6.17,0.17,9,0
106800,8000,6.92,0.07,9,0
32000,15000,12.42,0.47,5,1
107000,25000,10.99,0.23,5,0
32960,15000,6.91,0.46,5,1
107000,10800,9.63,0.1,5,0
107000,2500,10.78,0.02,6,0
107000,11500,8.38,0.11,10,0
107004,4200,11.71,0.04,8,0
107004,12000,13.79,0.11,10,0
33600,2000,11.71,0.06,9,0
107364,8000,6.76,0.07,9,0
107400,25000,15.21,0.23,10,0
107800,5200,14.65,0.05,8,0
34000,2000,14.72,0.06,7,0
108000,12000,11.49,0.11,10,0
108000,27400,10.99,0.25,7,0
35000,2000,9.63,0.06,8,0
108000,5000,10.99,0.05,5,0
108000,11500,9.99,0.11,7,0
96000,3000,14.17,0.03,9,1
35040,2000,10.99,0.06,10,0
108000,10000,10.74,0.09,6,0
108000,13750,5.79,0.13,5,0
108000,10000,6.91,0.09,6,0
108000,10000,6.54,0.09,8,0
108000,7200,14.35,0.07,6,0
108000,3500,6.76,0.03,5,0
36000,2000,11.99,0.06,8,0
108000,5000,12.87,0.05,9,0
37000,2000,11.26,0.05,10,0
108000,20000,12.53,0.19,10,0
108000,11400,9.32,0.11,5,0
38000,2000,12.87,0.05,9,0
96000,15000,14.62,0.16,10,1
108000,20000,10.59,0.19,7,0
108041,5600,13.98,0.05,7,0
108202,9600,13.79,0.09,6,0
108717,16000,6.99,0.15,5,0
108928,17600,7.88,0.16,8,0
39000,2000,16.07,0.05,7,0
109000,3950,6.03,0.04,7,0
109000,15000,11.49,0.14,5,0
109000,15000,13.61,0.14,7,0
109000,18400,12.41,0.17,8,0
82450,7500,14.5,0.08,9,1
97000,8275,10.59,0.09,5,1
109200,6000,12.23,0.05,9,0
109200,8000,11.12,0.07,6,0
109488,12000,12.09,0.11,8,0
29000,2000,8.49,0.07,8,0
109800,10000,10.99,0.09,8,0
39600,2000,7.9,0.05,6,0
110000,3600,6.03,0.03,5,0
110000,5000,9.91,0.05,9,0
110000,9000,11.71,0.08,9,0
110000,16000,7.9,0.15,7,0
110000,6000,6.03,0.05,5,0
110000,6000,10.65,0.05,8,0
40800,2000,7.49,0.05,9,0
41000,2000,15.27,0.05,7,0
42000,2000,14.65,0.05,10,0
110000,17000,6.03,0.15,7,0
110000,10000,10.65,0.09,8,0
110000,10200,5.42,0.09,6,0
42000,2000,11.49,0.05,5,0
110000,10000,10.99,0.09,9,0
98000,9000,11.49,0.09,5,1
110000,4800,5.99,0.04,5,0
98000,5200,16.49,0.05,6,1
110000,6000,11.99,0.05,7,0
98000,7925,10.59,0.08,9,1
110000,18000,6.99,0.16,9,0
44000,2000,7.29,0.05,8,0
110000,12000,10.74,0.11,8,0
110000,10000,7.29,0.09,10,0
110000,5600,10.74,0.05,7,0
110000,6700,6.92,0.06,7,0
110000,6000,6.92,0.05,8,0
110000,5000,17.51,0.05,10,0
110000,10000,10.37,0.09,9,0
110000,11000,5.79,0.1,7,0
110000,15000,10.0,0.14,10,0
110000,12000,10.37,0.11,10,0
110000,12000,10.74,0.11,8,0
110000,25000,10.36,0.23,8,0
46080,2000,6.99,0.04,8,0
110000,15000,6.54,0.14,6,0
46800,2000,14.65,0.04,6,0
110000,9200,5.79,0.08,10,0
47340,2000,9.99,0.04,6,0
110000,5000,7.51,0.05,7,0
110000,25000,16.32,0.23,7,0
110000,25000,11.12,0.23,9,0
110000,3500,11.49,0.03,10,0
48000,2000,10.65,0.04,6,0
42000,2000,15.62,0.05,6,1
110000,12800,16.82,0.12,6,0
110000,10750,11.86,0.1,9,0
110000,12000,13.61,0.11,10,0
110000,4800,7.51,0.04,9,0
42000,2000,14.96,0.05,6,1
48000,2000,7.68,0.04,7,0
110000,8500,7.51,0.08,10,0
83300,12000,15.21,0.12,6,1
48192,2000,7.66,0.04,9,0
50000,2000,10.99,0.04,5,0
50000,2000,14.79,0.04,10,0
44000,2000,11.49,0.05,10,1
110000,23800,10.25,0.22,5,0
50000,2000,11.48,0.04,5,0
110000,23000,11.48,0.21,9,0
110000,10000,8.59,0.09,6,0
110000,5000,14.26,0.05,10,0
110000,12000,13.57,0.11,7,0
110000,9000,11.48,0.08,10,0
34000,15000,9.88,0.44,6,1
110000,4800,7.74,0.04,7,0
110000,12000,8.94,0.11,10,0
35000,15000,7.9,0.43,10,1
110000,5000,14.96,0.05,9,0
35000,15000,10.99,0.43,10,1
110000,15000,8.94,0.14,7,0
35000,15000,13.11,0.43,9,1
110000,6000,7.4,0.05,6,0
35000,15000,13.22,0.43,5,1
110000,15000,16.32,0.14,5,0
110000,5000,9.63,0.05,9,0
83300,5000,16.95,0.05,6,1
98000,15000,10.95,0.15,5,1
110000,4000,13.79,0.04,6,0
110000,6000,9.45,0.05,6,0
110000,6000,9.51,0.05,9,0
110000,2500,8.07,0.02,6,0
110004,12000,10.36,0.11,6,0
110004,25000,12.73,0.23,6,0
110244,18000,12.17,0.16,10,0
36700,15000,11.14,0.41,10,1
37000,15000,9.62,0.41,10,1
110888,10400,9.91,0.09,6,0
37000,15000,10.62,0.41,8,1
111000,5150,6.62,0.05,6,0
37200,15000,6.03,0.4,10,1
37440,15000,7.9,0.4,8,1
37600,15000,13.06,0.4,7,1
111740,5000,14.27,0.04,6,0
38000,15000,6.91,0.39,8,1
111996,3000,7.74,0.03,10,0
38004,15000,12.73,0.39,10,1
38016,15000,6.17,0.39,9,1
112000,15000,13.49,0.13,8,0
112000,8000,16.02,0.07,10,0
112000,14000,9.63,0.13,9,0
112000,8000,6.17,0.07,8,0
112000,15000,11.12,0.13,7,0
112000,25000,14.61,0.22,5,0
112000,13000,13.57,0.12,10,0
112123,12800,8.94,0.11,6,0
40000,15000,6.91,0.38,10,1
112200,6800,5.79,0.06,5,0
112445,6000,5.42,0.05,10,0
40000,15000,9.88,0.38,5,1
112500,10400,15.62,0.09,6,0
112500,3000,13.35,0.03,10,0
34000,15000,16.35,0.44,10,1
112732,5000,12.69,0.04,5,0
112921,19000,16.35,0.17,10,0
112992,8000,7.49,0.07,8,0
40277,15000,11.71,0.37,8,1
40500,15000,7.88,0.37,5,1
113000,6425,6.03,0.06,7,0
113000,5000,13.49,0.04,9,0
27600,6000,8.9,0.22,8,0
41000,15000,8.49,0.37,8,1
41000,15000,11.48,0.37,8,1
36000,15000,16.77,0.42,9,1
113000,15000,15.68,0.13,5,0
113004,15000,8.94,0.13,8,0
113300,18000,12.99,0.16,6,0
42000,15000,10.99,0.36,9,1
113400,2100,11.99,0.02,7,0
113500,3000,6.39,0.03,8,0
113800,7500,8.63,0.07,10,0
114000,16000,16.77,0.14,5,0
102000,7200,13.49,0.07,5,1
114000,8000,18.64,0.07,10,0
114000,7200,6.03,0.06,8,0
114000,26000,8.49,0.23,5,0
114000,9975,5.42,0.09,10,0
27504,2000,11.12,0.07,8,0
114000,7000,11.49,0.06,10,0
114000,20000,13.06,0.18,8,0
27500,5000,14.59,0.18,10,0
86700,20000,14.74,0.2,9,1
114000,21000,13.16,0.18,9,0
114400,12000,7.29,0.1,6,0
114400,20000,13.48,0.17,5,0
114400,8000,8.94,0.07,7,0
42500,15000,7.88,0.35,7,1
114996,7450,11.71,0.06,5,0
114996,15000,6.92,0.13,8,0
115000,14000,6.03,0.12,8,0
115000,22000,7.51,0.19,7,0
115000,14400,12.69,0.13,6,0
115000,22000,12.69,0.19,10,0
44000,15000,11.86,0.34,9,1
115000,10000,12.42,0.09,6,0
44000,15000,11.48,0.34,5,1
44400,15000,16.49,0.34,5,1
115000,5000,7.51,0.04,8,0
44400,15000,7.88,0.34,9,1
115000,5000,6.03,0.04,9,0
115000,7200,7.9,0.06,10,0
115000,1000,5.99,0.01,8,0
115000,16800,5.42,0.15,6,0
115000,18000,10.59,0.16,10,0
115000,10500,13.49,0.09,9,0
115000,5000,8.49,0.04,6,0
115000,25000,7.49,0.22,6,0
115000,22000,15.23,0.19,7,0
115000,8100,16.49,0.07,10,0
115000,5600,13.43,0.05,8,0
115000,4500,12.68,0.04,7,0
115000,12000,7.29,0.1,6,0
103000,20000,14.17,0.19,9,1
115000,18000,10.37,0.16,7,0
39000,15000,17.56,0.38,5,1
115000,6000,5.79,0.05,9,0
115000,6500,13.98,0.06,9,0
115000,8000,7.51,0.07,7,0
115000,25000,11.86,0.22,8,0
115000,7200,13.85,0.06,10,0
115000,4000,13.48,0.03,10,0
115000,16000,13.85,0.14,8,0
115000,6300,6.76,0.05,10,0
27000,6000,8.0,0.22,6,0
115000,14400,11.14,0.13,5,0
115000,9600,12.87,0.08,9,0
115000,20000,13.79,0.17,6,0
115000,20000,16.95,0.17,7,0
115000,10000,8.0,0.09,8,0
45400,15000,12.18,0.33,6,1
45600,15000,11.48,0.33,9,1
115742,7000,6.62,0.06,8,0
115752,10000,11.36,0.09,7,0
116000,18000,7.49,0.16,10,0
116000,12000,13.49,0.1,6,0
116000,6000,7.29,0.05,7,0
116000,14000,7.51,0.12,6,0
47000,15000,8.49,0.32,10,1
116000,21600,10.62,0.19,9,0
116000,25000,12.18,0.22,10,0
29040,1800,13.23,0.06,5,1
116000,15000,12.84,0.13,7,0
116004,8200,13.85,0.07,9,0
116004,6775,8.59,0.06,10,0
33048,1800,12.53,0.05,8,0
104400,24000,8.9,0.23,5,1
26400,6600,5.99,0.25,8,0
116500,15000,14.79,0.13,7,0
35000,1800,5.42,0.05,7,0
117000,7800,8.9,0.07,8,0
117000,20000,6.17,0.17,6,0
117000,3600,6.91,0.03,5,0
36129,1800,14.22,0.05,9,0
117500,13500,8.49,0.11,7,0
117500,20000,6.17,0.17,9,0
117500,17500,7.37,0.15,6,0
117516,21000,13.49,0.18,5,0
117600,14400,12.99,0.12,6,0
26400,7000,11.36,0.27,9,0
117832,12500,6.17,0.11,7,0
117996,16000,7.9,0.14,10,0
118000,6000,12.69,0.05,9,0
118000,10000,6.17,0.08,6,0
118000,5000,13.92,0.04,9,0
118374,3500,13.49,0.03,6,0
118500,15000,6.91,0.13,9,0
48000,15000,11.99,0.31,7,1
26000,6000,12.42,0.23,8,0
119000,5325,10.38,0.04,7,0
119000,25000,12.73,0.21,8,0
26000,4500,11.71,0.17,5,0
119000,18000,10.99,0.15,7,0
119000,5000,7.51,0.04,5,0
119000,9000,13.47,0.08,7,0
119500,6800,13.16,0.06,10,0
119604,5000,9.32,0.04,5,0
119700,9500,8.94,0.08,10,0
120000,14050,8.9,0.12,7,0
120000,8000,8.9,0.07,6,0
120000,17000,6.03,0.14,5,0
26000,3000,8.49,0.12,9,0
26000,2500,7.49,0.1,8,0
48000,15000,11.36,0.31,8,1
120000,16000,12.42,0.13,9,0
120000,20000,11.71,0.17,5,0
42000,15000,14.25,0.36,9,1
48500,15000,12.99,0.31,7,1
48500,15000,12.87,0.31,8,1
120000,20000,10.65,0.17,8,0
120000,12000,10.65,0.1,9,0
48564,15000,10.75,0.31,9,1
120000,15000,13.49,0.13,6,0
43992,15000,13.24,0.34,7,1
120000,2000,12.69,0.02,9,0
50000,15000,16.77,0.3,5,0
120000,5000,9.91,0.04,7,0
120000,6900,10.65,0.06,6,0
120000,10000,6.62,0.08,10,0
120000,12000,6.03,0.1,6,0
120000,11000,6.03,0.09,5,0
120000,7100,8.9,0.06,8,0
120000,7000,7.49,0.06,9,0
120000,5000,10.65,0.04,6,0
120000,4200,12.69,0.04,6,0
120000,20000,7.51,0.17,6,0
120000,20000,12.42,0.17,6,0
25800,10000,8.94,0.39,9,0
50000,15000,7.49,0.3,6,0
120000,4800,10.99,0.04,10,0
120000,7800,10.99,0.07,9,0
120000,6000,10.99,0.05,7,0
120000,7200,9.99,0.06,9,0
120000,14500,5.42,0.12,8,0
120000,14000,11.99,0.12,10,0
108000,8400,15.99,0.08,7,1
44000,15000,6.54,0.34,5,1
120000,18000,11.49,0.15,10,0
91800,10000,16.89,0.09,8,1
120000,7500,10.99,0.06,9,0
120000,8000,5.99,0.07,6,0
120000,3000,11.49,0.03,8,0
120000,20000,7.49,0.17,6,0
120000,8000,15.62,0.07,7,0
120000,15000,10.99,0.13,6,0
50000,15000,13.16,0.3,9,0
50000,15000,12.72,0.3,9,0
120000,8850,10.99,0.07,7,0
120000,4500,5.99,0.04,5,0
50000,15000,10.28,0.3,5,0
120000,6600,7.49,0.06,7,0
120000,7000,5.99,0.06,5,0
120000,7000,8.49,0.06,7,0
120000,14400,10.74,0.12,10,0
120000,10000,13.06,0.08,8,0
120000,6000,6.92,0.05,8,0
120000,8000,11.11,0.07,10,0
120000,14000,7.29,0.12,8,0
120000,5000,5.42,0.04,9,0
120000,9600,7.66,0.08,9,0
120000,5000,13.06,0.04,5,0
120000,10000,5.42,0.08,6,0
50880,15000,20.25,0.29,5,0
120000,20000,10.37,0.17,10,0
120000,18000,10.74,0.15,6,0
120000,18400,9.63,0.15,9,0
25000,6500,13.49,0.26,9,0
25000,10000,13.49,0.4,5,0
91800,20000,15.28,0.19,6,1
120000,6000,5.42,0.05,9,0
120000,8000,10.37,0.07,9,0
120000,15000,5.79,0.13,9,0
51395,15000,10.99,0.29,6,0
120000,5000,14.09,0.04,6,0
120000,8000,12.61,0.07,9,0
120000,16800,6.91,0.14,6,0
120000,4800,10.36,0.04,8,0
120000,10000,6.17,0.08,8,0
120000,22000,13.72,0.18,6,0
120000,7000,7.14,0.06,10,0
120000,6000,7.14,0.05,10,0
120000,25000,16.32,0.21,7,0
120000,14000,7.88,0.12,6,0
120000,5600,10.75,0.05,10,0
120000,3600,14.84,0.03,9,0
52800,15000,16.29,0.28,6,0
120000,8000,7.51,0.07,7,0
120000,23000,11.49,0.19,5,0
24000,1600,8.88,0.07,6,0
24000,1600,15.05,0.07,5,1
120000,8400,7.14,0.07,8,0
120000,5000,10.38,0.04,9,0
120000,25000,15.95,0.21,9,0
25200,1600,16.69,0.06,6,1
120000,25000,10.99,0.21,6,0
120000,12000,13.48,0.1,7,0
120000,7000,6.76,0.06,5,0
120000,9000,10.25,0.07,10,0
120000,10000,7.51,0.08,7,0
91800,25000,16.07,0.23,9,1
120000,4700,7.14,0.04,6,0
108000,25000,14.96,0.23,9,1
30000,1600,10.25,0.05,9,0
120000,6000,7.74,0.05,5,0
120000,7500,7.74,0.06,8,0
120000,20000,13.92,0.17,6,0
120000,20000,11.14,0.17,9,0
38400,1600,13.49,0.04,10,0
120000,7000,8.94,0.06,10,0
33000,1600,16.89,0.05,5,1
40000,1600,14.79,0.04,8,0
120000,7500,15.65,0.06,5,0
34000,1600,14.84,0.05,6,1
42000,1600,10.37,0.04,6,0
36000,1600,14.09,0.04,9,1
25000,3075,11.83,0.12,5,0
42000,1600,19.16,0.04,6,0
43200,1600,13.49,0.04,10,0
120000,9000,8.94,0.07,6,0
120000,6000,13.79,0.05,10,0
120000,16000,12.21,0.13,8,0
51000,1600,10.59,0.03,6,0
120000,5000,7.68,0.04,6,0
120000,6250,12.53,0.05,8,0
91800,15000,15.37,0.14,8,1
51600,1600,15.21,0.03,6,1
120000,10000,11.14,0.08,6,0
63500,1600,11.83,0.03,5,0
67171,1600,8.9,0.02,7,0
120000,20000,9.45,0.17,10,0
108000,24500,12.61,0.23,9,1
68000,1600,11.48,0.02,10,0
91800,2225,7.43,0.02,5,1
91800,25000,15.83,0.23,9,1
120000,6000,12.17,0.05,8,0
120000,1000,7.12,0.01,5,0
91800,24625,14.07,0.23,7,1
120000,8275,9.01,0.07,8,0
120000,5000,7.43,0.04,6,0
86000,1600,13.23,0.02,9,0
24996,8000,9.99,0.32,7,0
120602,20000,14.79,0.17,8,0
120999,15200,13.61,0.13,5,0
10800,1500,11.48,0.14,9,1
121000,16800,6.91,0.14,8,0
12000,1500,11.83,0.13,6,0
121000,25000,12.73,0.21,9,0
121000,17600,13.57,0.15,5,0
12996,1500,9.25,0.12,7,0
121008,5400,5.99,0.04,6,0
92801,20000,14.74,0.18,8,1
121500,6000,7.51,0.05,6,0
109900,15000,13.47,0.14,10,1
122000,15000,16.77,0.12,5,0
122000,11200,5.42,0.09,9,0
14400,1500,12.61,0.1,9,0
122000,8000,7.88,0.07,6,0
122000,6000,9.38,0.05,9,0
122004,10000,8.59,0.08,9,0
122400,6800,10.65,0.06,10,0
122400,10000,7.88,0.08,6,0
123000,13225,16.11,0.11,7,0
123000,15200,15.95,0.12,9,0
123000,15000,6.91,0.12,7,0
123000,4000,8.59,0.03,5,0
123000,19000,13.47,0.15,9,0
94350,15000,15.37,0.14,8,1
111000,12500,19.04,0.11,8,1
18000,1500,11.48,0.08,6,1
123996,6500,8.0,0.05,6,0
124000,14000,6.03,0.11,10,0
124000,4350,11.49,0.04,6,0
124000,2000,5.42,0.02,7,0
124000,12000,7.51,0.1,5,0
124000,8100,7.51,0.07,7,0
124000,23500,14.96,0.19,6,0
19200,1500,7.14,0.08,10,0
124596,20000,11.49,0.16,5,0
24000,2000,16.29,0.08,9,0
24000,7200,7.51,0.3,6,0
20004,1500,12.69,0.07,9,0
124800,15000,12.53,0.12,5,0
124992,24000,8.49,0.19,5,0
125000,9000,7.51,0.07,6,0
125000,3400,9.91,0.03,7,0
125000,9000,6.62,0.07,10,0
21600,1500,11.71,0.07,9,1
21600,1500,14.72,0.07,8,0
125000,21000,11.71,0.17,10,0
22968,1500,6.03,0.07,7,0
125000,24000,13.49,0.19,7,0
24000,1500,11.86,0.06,10,1
125000,9175,10.99,0.07,5,0
125000,8800,10.59,0.07,7,0
24840,1500,8.0,0.06,5,1
125000,18000,11.99,0.14,7,0
125000,7500,7.49,0.06,7,0
125000,10975,6.99,0.09,9,0
26000,1500,12.99,0.06,6,0
53000,15000,10.62,0.28,8,0
48000,15000,15.21,0.31,5,1
125000,25000,13.8,0.2,6,0
125000,10000,5.79,0.08,10,0
125000,14400,5.79,0.12,10,0
54996,15000,14.09,0.27,9,0
125000,24000,6.91,0.19,8,0
54996,15000,6.54,0.27,5,0
125000,12000,5.79,0.1,7,0
125000,25000,10.75,0.2,7,0
125000,10000,14.35,0.08,9,0
125000,20000,11.12,0.16,9,0
125000,17000,7.88,0.14,6,0
125000,10000,7.51,0.08,8,0
55000,15000,12.42,0.27,10,0
113000,13200,18.67,0.12,10,1
125000,20000,7.88,0.16,5,0
55000,15000,17.06,0.27,5,0
125000,8000,6.76,0.06,10,0
125000,3500,13.98,0.03,8,0
24000,3000,6.91,0.13,5,0
125000,25000,10.62,0.2,8,0
24000,8500,5.42,0.35,6,0
24000,6000,5.79,0.25,9,0
125000,15000,10.25,0.12,7,0
96050,15200,13.85,0.13,5,1
125000,8000,7.74,0.06,10,0
125000,12500,11.48,0.1,10,0
125000,13200,11.14,0.11,8,0
50000,15000,14.91,0.3,7,1
125000,8000,11.14,0.06,10,0
125000,6400,12.87,0.05,9,0
125000,12000,8.94,0.1,9,0
56496,15000,12.61,0.27,10,0
57000,15000,9.91,0.26,6,0
125000,8500,13.47,0.07,5,0
113000,25000,13.16,0.22,9,1
125000,15975,12.72,0.13,8,0
125000,3000,7.75,0.02,8,0
125000,5750,7.43,0.05,5,0
51500,15000,14.42,0.29,10,1
58000,15000,8.49,0.26,10,0
125004,12000,7.14,0.1,5,0
125600,13800,7.88,0.11,6,0
126000,12000,11.71,0.1,7,0
126000,2000,9.99,0.02,10,0
126000,9600,11.49,0.08,5,0
126000,7000,16.02,0.06,5,0
126000,8000,10.74,0.06,8,0
126000,9500,5.42,0.08,7,0
126000,6450,10.37,0.05,7,0
126000,11000,6.91,0.09,7,0
114000,15000,6.54,0.13,6,1
58000,15000,13.16,0.26,5,0
126000,5500,7.51,0.04,9,0
126000,15000,7.88,0.12,8,0
24000,2850,11.83,0.12,7,0
59200,15000,10.75,0.25,7,0
59534,15000,15.21,0.25,10,0
24000,6200,11.14,0.26,8,0
126132,14400,14.54,0.11,7,0
54000,15000,14.27,0.28,8,1
126400,13000,10.38,0.1,8,0
126696,24250,10.38,0.19,6,0
127000,21000,10.99,0.17,8,0
127000,24250,11.36,0.19,8,0
115000,20000,14.59,0.17,7,1
127000,8400,12.87,0.07,7,0
116000,5000,12.99,0.04,5,1
128000,18000,11.83,0.14,6,0
116000,3500,12.53,0.03,10,1
116000,25000,13.36,0.22,7,1
128148,15000,5.99,0.12,6,0
128400,4000,13.35,0.03,8,0
116899,12000,10.75,0.1,7,1
60000,15000,13.49,0.25,6,0
60000,15000,11.71,0.25,8,0
129700,10000,6.54,0.08,9,0
129900,3100,11.11,0.02,8,0
129996,4800,9.63,0.04,9,0
130000,27000,11.71,0.21,6,0
60000,15000,8.49,0.25,9,0
130000,15000,6.03,0.12,10,0
130000,5000,10.65,0.04,7,0
60000,15000,13.43,0.25,5,0
130000,7000,9.91,0.05,9,0
130000,10200,7.51,0.08,6,0
130000,13000,12.69,0.1,8,0
54000,15000,11.86,0.28,7,1
130000,7000,14.65,0.05,9,0
60000,15000,11.12,0.25,5,0
130000,20000,10.65,0.15,10,0
130000,16500,5.42,0.13,8,0
130000,24800,7.49,0.19,10,0
130000,1600,13.99,0.01,6,0
60000,15000,7.88,0.25,7,0
130000,2400,5.42,0.02,7,0
130000,4200,6.99,0.03,8,0
130000,10000,8.49,0.08,10,0
54000,15000,14.11,0.28,7,1
130000,24000,10.99,0.18,10,0
130000,9800,8.49,0.08,5,0
60000,15000,13.79,0.25,7,0
54000,15000,15.88,0.28,8,1
130000,7500,7.29,0.06,6,0
61000,15000,13.99,0.25,7,0
130000,11000,9.62,0.08,5,0
130000,5000,9.99,0.04,9,0
130000,15000,5.79,0.12,7,0
130000,8000,13.35,0.06,7,0
130000,13000,10.75,0.1,10,0
118000,8875,14.84,0.08,5,1
130000,6450,13.23,0.05,7,0
55200,15000,15.58,0.27,10,1
61500,15000,10.37,0.24,6,0
130000,7000,13.98,0.05,5,0
130000,5000,17.56,0.04,7,0
61584,15000,15.21,0.24,6,0
130000,9000,12.73,0.07,8,0
61656,15000,6.91,0.24,10,0
130000,21000,10.62,0.16,7,0
62000,15000,7.9,0.24,8,0
118000,25000,14.96,0.21,9,1
62000,15000,12.99,0.24,6,0
130000,25000,15.33,0.19,10,0
130000,24000,11.83,0.18,10,0
22800,7000,7.51,0.31,8,0
62400,15000,11.99,0.24,8,0
130000,5600,15.65,0.04,9,0
57000,15000,14.11,0.26,10,1
130000,12000,8.59,0.09,7,0
130000,17500,8.94,0.13,9,0
57223,15000,11.83,0.26,5,1
130000,18000,13.22,0.14,8,0
130000,6000,12.21,0.05,9,0
130000,9000,8.0,0.07,6,0
130000,8500,12.84,0.07,5,0
118000,25000,11.78,0.21,7,1
130000,6000,13.04,0.05,9,0
130000,5000,8.63,0.04,5,0
130000,12000,13.55,0.09,8,0
130000,12000,10.08,0.09,7,0
64000,15000,10.25,0.23,8,0
65000,15000,7.51,0.23,6,0
130900,4800,11.71,0.04,9,0
22584,5000,7.51,0.22,10,0
131000,11200,10.25,0.09,5,0
131004,25000,7.9,0.19,5,0
131004,5000,8.49,0.04,8,0
131040,10000,13.35,0.08,10,0
120000,10000,12.61,0.08,6,1
120000,14000,6.17,0.12,9,1
132000,22000,6.54,0.17,5,0
132000,25000,9.99,0.19,10,0
132000,25000,10.99,0.19,7,0
132650,20000,10.65,0.15,5,0
133000,15000,16.77,0.11,7,0
65000,15000,11.83,0.23,9,0
121000,12000,16.29,0.1,6,1
65000,15000,16.0,0.23,8,0
121000,12000,14.59,0.1,8,1
65000,15000,12.84,0.23,5,0
134000,6000,5.99,0.04,8,0
122000,25000,15.2,0.2,10,1
134000,8000,14.22,0.06,7,0
134500,24000,15.96,0.18,6,0
134748,18000,10.74,0.13,9,0
67000,15000,13.57,0.22,9,0
135000,12000,7.9,0.09,7,0
135000,15000,5.42,0.11,6,0
135000,14400,5.42,0.11,8,0
61000,15000,14.96,0.25,8,1
135000,10000,10.99,0.07,6,0
67704,15000,11.86,0.22,8,0
135000,6275,6.91,0.05,7,0
67800,15000,11.89,0.22,8,0
135000,15000,10.75,0.11,6,0
135000,25000,11.12,0.19,8,0
123000,10000,7.14,0.08,6,1
135000,10000,7.14,0.07,6,0
68004,15000,13.16,0.22,7,0
123000,15000,13.85,0.12,9,1
135000,20000,11.36,0.15,9,0
135000,10000,7.51,0.07,10,0
135000,15000,13.85,0.11,10,0
135000,13000,7.88,0.1,5,0
135000,17500,11.83,0.13,8,0
135000,18000,14.61,0.13,8,0
135000,11000,11.83,0.08,7,0
135000,11000,8.94,0.08,8,0
70000,15000,14.27,0.21,5,0
135000,10000,13.16,0.07,7,0
135000,8000,9.32,0.06,6,0
64000,15000,15.27,0.23,6,1
135000,15000,13.47,0.11,7,0
135000,25000,15.25,0.19,9,0
70000,15000,5.79,0.21,6,0
123000,22350,14.07,0.18,6,1
135600,1000,5.42,0.01,7,0
70000,15000,13.61,0.21,8,0
135996,12500,8.59,0.09,6,0
136000,2800,10.65,0.02,10,0
136000,12000,10.0,0.09,8,0
136000,5000,6.17,0.04,10,0
136092,8000,13.61,0.06,7,0
136240,15000,7.88,0.11,6,0
136625,15000,7.88,0.11,6,0
124886,5000,11.99,0.04,9,1
70000,15000,11.89,0.21,7,0
137057,4750,12.18,0.03,7,0
137720,13000,7.14,0.09,9,0
138000,5000,6.62,0.04,5,0
138000,25000,13.06,0.18,10,0
138000,20000,7.88,0.14,7,0
138000,16800,14.35,0.12,9,0
138000,25000,11.12,0.18,6,0
138000,24000,10.62,0.17,6,0
138000,17000,7.88,0.12,5,0
21084,7750,7.51,0.37,9,0
138000,7500,13.24,0.05,8,0
138571,25000,14.59,0.18,8,0
138600,12000,12.99,0.09,7,0
138996,20000,13.79,0.14,9,0
139008,15000,13.47,0.11,6,0
139200,6000,7.9,0.04,5,0
139913,5375,8.94,0.04,6,0
140000,18000,16.29,0.13,7,0
71000,15000,9.01,0.21,6,0
140000,16775,14.27,0.12,10,0
140000,17600,12.42,0.13,6,0
140000,5000,8.9,0.04,6,0
140000,18000,14.65,0.13,7,0
140000,18000,7.9,0.13,9,0
140000,22000,7.9,0.16,6,0
140000,5000,11.49,0.04,9,0
72000,15000,6.54,0.21,6,0
72000,15000,11.86,0.21,6,0
21000,7750,11.83,0.37,6,0
140000,2800,11.99,0.02,9,0
20988,3600,11.71,0.17,5,0
128000,12325,8.49,0.1,5,1
140000,9000,5.99,0.06,9,0
140000,11000,10.0,0.08,8,0
140000,8000,5.79,0.06,6,0
140000,12000,7.29,0.09,8,0
108800,18500,17.8,0.14,10,1
140000,25000,15.95,0.18,10,0
140000,9600,6.91,0.07,10,0
140000,15000,8.88,0.11,5,0
140000,18000,6.17,0.13,5,0
140000,11000,5.42,0.08,8,0
74000,15000,17.15,0.2,6,0
140000,12000,15.21,0.09,10,0
140000,24000,7.88,0.17,5,0
140000,5000,10.38,0.04,6,0
140000,24250,11.12,0.17,8,0
74028,15000,10.59,0.2,9,0
140000,20000,11.12,0.14,9,0
140000,4000,7.88,0.03,7,0
140000,12000,7.88,0.09,9,0
140000,6000,6.76,0.04,6,0
74872,15000,7.88,0.2,9,0
140000,13000,7.51,0.09,6,0
75000,15000,12.69,0.2,5,0
128000,25000,17.39,0.2,5,1
108800,15000,16.35,0.12,8,1
140000,24100,11.83,0.17,10,0
140000,6000,13.57,0.04,5,0
75000,15000,6.91,0.2,10,0
140000,25000,12.21,0.18,10,0
140000,25000,10.08,0.18,7,0
140004,9800,5.42,0.07,6,0
140304,20000,6.91,0.14,10,0
75000,15000,14.35,0.2,5,0
140987,6450,5.99,0.05,10,0
141000,8000,6.99,0.06,9,0
141000,9000,7.14,0.06,8,0
129996,12800,14.84,0.1,7,1
142000,10000,11.12,0.07,8,0
142000,18000,10.38,0.13,8,0
142000,24250,11.48,0.17,7,0
69000,15000,10.62,0.22,7,1
110925,25000,15.33,0.19,9,1
143000,18000,8.49,0.13,7,0
143000,16800,6.17,0.12,9,0
75000,15000,11.14,0.2,6,0
143004,10000,6.99,0.07,9,0
143150,12000,9.32,0.08,6,0
143485,8000,10.62,0.06,7,0
143500,20000,11.89,0.14,8,0
144000,16000,16.77,0.11,6,0
144000,11000,8.9,0.08,6,0
144000,5000,8.9,0.03,10,0
144000,16000,6.62,0.11,9,0
144000,7000,10.59,0.05,10,0
144000,6000,8.49,0.04,8,0
144000,7000,15.99,0.05,10,0
144000,5000,7.49,0.03,5,0
75127,15000,10.64,0.2,6,0
144000,5000,13.06,0.03,7,0
144000,6000,6.91,0.04,6,0
69600,15000,14.59,0.22,7,1
144000,21000,13.57,0.15,8,0
76000,15000,12.73,0.2,9,0
76000,15000,7.88,0.2,7,0
144997,25000,11.83,0.17,5,0
145000,9600,7.9,0.07,6,0
20000,5000,8.59,0.25,8,0
145000,14000,16.77,0.1,5,0
145000,6000,10.59,0.04,8,0
71000,15000,15.95,0.21,9,1
20000,3000,8.0,0.15,5,0
77000,15000,8.38,0.19,8,0
145000,20000,11.36,0.14,8,0
80000,15000,13.49,0.19,5,0
145000,25000,10.08,0.17,8,0
145986,5500,5.42,0.04,6,0
146000,2500,8.49,0.02,5,0
146000,3800,6.39,0.03,6,0
146000,2500,16.7,0.02,9,0
80000,15000,10.37,0.19,8,0
80000,15000,13.72,0.19,5,0
147500,10000,11.12,0.07,7,0
80000,15000,11.48,0.19,5,0
147884,4500,11.49,0.03,5,0
148000,8000,13.98,0.05,5,0
136000,7775,14.96,0.06,5,1
82000,15000,14.35,0.18,7,0
83500,15000,13.43,0.18,10,0
149616,15000,11.03,0.1,10,0
84000,15000,11.86,0.18,9,0
84000,15000,10.99,0.18,7,0
150000,16000,6.03,0.11,10,0
150000,14000,6.62,0.09,7,0
150000,6000,6.03,0.04,10,0
150000,20000,7.9,0.13,10,0
78996,15000,15.7,0.19,7,1
150000,10000,7.9,0.07,9,0
19200,2100,7.14,0.11,5,0
150000,12000,12.99,0.08,9,0
73000,15000,15.57,0.21,8,1
138000,10000,10.99,0.07,10,1
62050,15000,15.95,0.21,8,1
117300,16000,15.99,0.12,5,1
150000,6000,13.49,0.04,6,0
150000,6000,7.49,0.04,9,0
86000,15000,6.91,0.17,5,0
86400,15000,6.03,0.17,7,0
150000,10000,13.49,0.07,10,0
19200,4700,15.31,0.24,5,1
150000,7200,7.29,0.05,7,0
87000,15000,10.59,0.17,6,0
75000,15000,8.88,0.2,9,1
150000,4000,10.37,0.03,7,0
150000,25000,10.36,0.17,7,0
150000,14000,5.79,0.09,9,0
150000,12000,5.42,0.08,9,0
150000,8000,17.19,0.05,5,0
18720,3500,13.16,0.19,6,1
150000,15000,11.86,0.1,9,0
150000,7800,11.86,0.05,9,0
150000,8500,6.76,0.06,8,0
78000,15000,16.4,0.19,5,1
150000,12000,10.62,0.08,9,0
150000,10700,14.22,0.07,9,0
150000,15000,7.88,0.1,6,0
90000,15000,11.12,0.17,5,0
138000,24000,16.35,0.17,6,1
150000,21000,11.83,0.14,9,0
150000,24000,11.83,0.16,5,0
150000,20000,11.48,0.13,7,0
90000,15000,13.85,0.17,10,0
150000,10000,8.59,0.07,6,0
90000,15000,14.96,0.17,6,0
150000,12000,11.89,0.08,5,0
150000,20000,12.84,0.13,6,0
150000,7000,9.32,0.05,6,0
150000,15000,11.89,0.1,9,0
150000,15000,13.16,0.1,7,0
92000,15000,7.9,0.16,9,0
150000,15000,9.63,0.1,9,0
150000,9000,9.63,0.06,10,0
150000,8000,12.21,0.05,5,0
150000,25000,15.25,0.17,8,0
150000,16000,11.14,0.11,7,0
37800,15050,9.99,0.4,7,1
150000,12000,11.86,0.08,8,0
150000,10000,8.07,0.07,8,0
150792,6000,11.71,0.04,9,0
150996,10000,6.91,0.07,8,0
151000,21000,11.97,0.14,8,0
151800,17525,12.72,0.12,7,0
152000,15000,8.49,0.1,7,0
140004,8400,12.98,0.06,9,1
153000,9500,11.99,0.06,10,0
153000,10000,14.79,0.07,5,0
18000,3500,14.22,0.19,5,1
153000,3000,10.74,0.02,8,0
153000,8400,12.84,0.05,9,0
153660,24000,7.9,0.16,10,0
154000,12000,6.92,0.08,5,0
154000,4000,10.37,0.03,8,0
154000,20000,11.83,0.13,6,0
155000,15000,12.42,0.1,7,0
143000,8275,16.49,0.06,7,1
155000,7000,5.42,0.05,5,0
18000,7000,8.0,0.39,9,1
50000,15200,10.25,0.3,10,0
155004,15000,8.49,0.1,8,0
155867,8000,12.84,0.05,10,0
156000,2400,7.49,0.02,6,0
156000,10000,9.63,0.06,9,0
156000,5000,6.54,0.03,8,0
156000,15000,14.61,0.1,6,0
156600,25000,10.62,0.16,8,0
157000,7200,7.49,0.05,7,0
157000,12000,13.92,0.08,9,0
157500,25000,12.87,0.16,6,0
145656,10000,10.37,0.07,7,1
158000,15000,7.9,0.09,5,0
158000,21000,12.42,0.13,8,0
111000,15450,10.91,0.14,7,0
158000,11000,8.49,0.07,6,0
158000,10000,9.63,0.06,10,0
158000,20000,6.54,0.13,5,0
158367,12000,6.62,0.08,8,0
159000,15000,11.86,0.09,8,0
159996,10000,11.86,0.06,7,0
38000,15500,12.41,0.41,6,1
160000,25000,13.49,0.16,5,0
160000,6000,10.99,0.04,6,0
160000,23000,6.91,0.14,10,0
160000,7000,13.98,0.04,5,0
68324,15600,12.84,0.23,8,0
160000,22000,10.75,0.14,8,0
160000,12000,7.88,0.07,8,0
90000,15600,12.69,0.17,9,0
160000,25000,10.99,0.16,10,0
160000,17400,7.88,0.11,7,0
100000,15600,17.88,0.16,6,0
160000,24000,11.83,0.15,9,0
160000,23000,11.83,0.14,8,0
148000,25000,14.62,0.17,10,1
162480,25000,12.42,0.15,10,0
55000,15800,14.72,0.29,9,0
151000,20000,14.74,0.13,9,1
163232,4800,11.71,0.03,8,0
165000,10000,6.03,0.06,10,0
165000,12000,6.62,0.07,7,0
72000,15900,13.04,0.22,9,0
165000,8000,11.49,0.05,8,0
130050,10000,14.61,0.07,7,1
153000,23100,14.74,0.15,9,1
165000,12400,11.26,0.08,8,0
80000,16000,7.49,0.2,8,0
168000,25000,13.06,0.15,5,0
168000,15500,9.25,0.09,7,0
74000,16000,13.11,0.22,5,1
170000,6000,7.9,0.04,8,0
170000,18000,12.42,0.11,6,0
62900,16000,14.96,0.22,5,1
74000,16000,13.79,0.22,8,1
158000,15000,16.32,0.09,5,1
84000,16000,12.21,0.19,10,0
170000,14000,10.62,0.08,6,0
170000,21000,14.26,0.12,5,0
172000,16000,9.63,0.09,8,0
85000,16000,11.34,0.19,8,0
173088,8000,13.79,0.05,10,0
163000,3500,10.65,0.02,8,1
175000,15000,7.49,0.09,8,0
90000,16000,12.42,0.18,9,0
175000,12000,10.74,0.07,7,0
90000,16000,12.68,0.18,10,0
90000,16000,8.88,0.18,9,0
175000,11500,7.51,0.07,7,0
175000,25000,10.75,0.14,9,0
175000,2500,7.14,0.01,6,0
175000,24000,12.73,0.14,10,0
163400,10000,18.39,0.06,5,1
176000,25000,10.25,0.14,6,0
164000,2400,14.42,0.01,10,1
176608,21125,13.16,0.12,5,0
70550,16000,17.49,0.19,8,1
178650,20000,6.99,0.11,6,0
179000,11200,14.27,0.06,5,0
180000,14000,6.03,0.08,9,0
180000,6000,6.62,0.03,5,0
180000,12000,12.99,0.07,5,0
180000,8000,13.23,0.04,7,0
100000,16000,11.11,0.16,5,0
182004,7200,6.62,0.04,5,0
170496,15000,11.83,0.09,10,1
182500,15000,12.84,0.08,9,0
101000,16000,6.17,0.16,9,0
107000,16000,13.49,0.15,6,0
189000,5125,14.84,0.03,6,0
189000,16000,16.35,0.08,8,0
110000,16000,15.27,0.15,8,0
193086,11125,10.59,0.06,6,0
195000,6000,14.27,0.03,8,0
195000,6000,6.92,0.03,10,0
198171,5000,5.79,0.03,6,0
199000,10000,9.32,0.05,10,0
200000,7000,6.03,0.04,10,0
200000,7800,9.63,0.04,8,0
200000,21600,13.11,0.11,8,0
200000,9000,7.88,0.04,6,0
200000,12000,7.88,0.06,7,0
200000,23500,10.99,0.12,5,0
200000,23000,12.18,0.12,9,0
188000,10000,10.71,0.05,7,1
130000,16000,6.03,0.12,6,0
201000,20000,14.27,0.1,7,0
201000,15000,11.12,0.07,9,0
201000,18000,11.83,0.09,10,0
192000,15000,17.58,0.08,8,1
195000,3600,14.26,0.02,7,1
210000,20000,9.91,0.1,7,0
210000,14000,12.42,0.07,6,0
170000,16000,5.79,0.09,8,0
200000,16000,12.69,0.08,7,0
200000,16000,10.91,0.08,9,0
215000,15000,10.99,0.07,10,0
220000,7350,11.99,0.03,6,0
220000,11275,12.99,0.05,8,0
220000,8500,10.37,0.04,5,0
222000,13000,8.49,0.06,7,0
225000,5000,7.49,0.02,9,0
225000,20000,7.88,0.09,9,0
225000,6000,11.12,0.03,7,0
228000,12800,15.33,0.06,8,0
228000,6000,7.14,0.03,6,0
230000,12000,13.98,0.05,10,0
230000,10000,10.95,0.04,6,0
234600,7500,15.05,0.03,6,0
60000,19200,7.88,0.32,8,1
235000,11200,15.65,0.05,5,0
191250,9000,16.95,0.04,6,1
237000,21000,9.2,0.09,9,0
240000,12000,6.03,0.05,9,0
240000,15000,13.16,0.06,10,0
79636,19200,13.87,0.24,9,0
244000,15000,14.42,0.06,5,0
249996,14000,12.99,0.06,8,0
250000,10000,7.49,0.04,10,0
250000,12000,14.09,0.05,6,0
250000,20000,11.48,0.08,10,0
82000,19200,9.99,0.23,8,0
75500,19200,16.77,0.25,10,1
262000,12800,9.91,0.05,8,0
90000,19200,6.99,0.21,8,0
95000,19200,11.89,0.2,9,0
71000,19600,16.07,0.28,6,1
83300,19600,17.19,0.2,7,1
9600,2600,12.69,0.27,7,1
9600,1800,5.99,0.19,8,1
9600,1500,12.73,0.16,8,1
9081,3000,10.25,0.33,6,1
8472,3000,7.49,0.35,7,1
8412,2500,7.14,0.3,8,1
7200,2200,9.91,0.31,9,1
4200,1200,12.73,0.29,9,1
64000,10200,6.62,0.16,5,0
42504,7200,10.59,0.17,9,0
120000,25000,15.83,0.21,8,0
62000,15000,7.9,0.24,10,0
41004,5000,15.28,0.12,5,0
46000,6000,11.49,0.13,8,0
155000,6000,7.14,0.04,8,0
45996,1800,11.58,0.04,8,0
35000,1800,5.42,0.05,5,0
40000,19200,9.91,0.48,6,0
50402,3000,13.22,0.06,10,0
25000,7000,6.92,0.28,7,0
50000,4200,9.91,0.08,6,0
21340,8000,11.14,0.37,7,1
32004,4000,11.49,0.12,10,0
97750,20000,14.59,0.17,8,1
68000,10000,10.65,0.15,5,0
50000,5000,7.74,0.1,9,0
21600,1500,11.71,0.07,8,1
50000,2000,6.39,0.04,5,0
65000,12800,15.2,0.2,6,0
28800,5000,14.96,0.17,5,0
72000,18000,11.89,0.25,8,0
45000,8000,14.65,0.18,8,0
39000,5000,18.79,0.13,10,1
56000,3000,14.27,0.05,6,0
75000,10000,7.29,0.13,7,0
60682,8650,8.49,0.14,8,0
45600,2000,7.88,0.04,8,0
52000,5100,10.37,0.1,7,0
56628,12000,8.94,0.21,9,0
46000,3000,16.29,0.07,6,1
69000,6000,15.21,0.09,8,1
51000,1600,10.59,0.03,8,0
50000,6000,14.96,0.12,5,0
44000,10000,13.43,0.23,9,0
30000,11000,9.91,0.37,6,1
80000,15000,6.54,0.19,6,0
58000,14400,9.91,0.25,8,0
110000,12000,13.57,0.11,10,0
42000,4200,6.76,0.1,9,0
82000,10000,10.36,0.12,6,0
50004,2200,15.65,0.04,9,0
67000,10000,7.14,0.15,8,0
45000,10000,9.91,0.22,5,0
46800,6000,9.99,0.13,6,0
38196,10750,10.75,0.28,8,0
120000,4700,7.14,0.04,9,0
77800,9000,12.42,0.12,6,0
68000,6000,7.49,0.09,6,0
52000,12000,15.65,0.23,9,0
55000,12000,10.38,0.22,10,0
75000,8000,11.99,0.11,8,0
62475,9600,14.61,0.13,6,1
40000,8000,7.66,0.2,7,0
47000,13000,10.99,0.28,6,0
116000,25000,13.36,0.22,6,1
61000,2000,7.9,0.03,8,0
35600,6000,13.49,0.17,6,1
34000,2000,14.72,0.06,5,0
34000,5000,5.42,0.15,7,0
95000,5000,7.88,0.05,7,0
117000,21000,10.65,0.18,5,0
61000,1200,10.37,0.02,9,0
60000,7400,13.11,0.12,8,0
95000,12000,8.94,0.13,6,0
60000,17000,16.07,0.28,9,0
72250,25000,16.0,0.29,5,1
31000,5000,11.49,0.16,8,1
72000,9600,14.17,0.13,9,0
156000,5000,6.54,0.03,5,0
60000,4750,5.99,0.08,8,0
80000,7050,8.88,0.09,10,0
33996,6000,15.31,0.18,10,0
52000,3000,11.48,0.06,7,0
30000,3000,10.95,0.1,8,0
201000,15000,11.12,0.07,5,0
59000,8750,12.68,0.15,7,0
84000,20000,11.83,0.24,6,0
54000,13000,12.53,0.24,10,0
100000,10000,6.92,0.1,8,0
64900,25000,15.37,0.39,6,1
85500,11000,15.99,0.13,5,1
60000,10000,6.54,0.17,9,0
31500,6000,12.84,0.19,8,1
40000,7000,12.68,0.17,5,0
50000,6400,13.23,0.13,5,0
74400,3600,15.27,0.05,9,0
139008,15000,13.47,0.11,9,0
14400,2000,14.79,0.14,10,0
52000,7800,10.36,0.15,9,0
56525,12000,15.95,0.18,10,1
101000,5000,7.49,0.05,5,0
43218,5300,14.65,0.12,7,0
75000,6000,12.68,0.08,5,0
122004,10000,8.59,0.08,10,0
82000,10000,7.51,0.12,6,0
33000,8000,14.65,0.24,9,1
30000,11975,9.99,0.4,5,1
148750,12000,7.9,0.07,8,1
104000,10000,10.65,0.1,7,0
39996,8000,12.53,0.2,5,0
50000,2000,16.89,0.04,5,1
40000,12000,11.11,0.3,7,0
25200,2550,14.27,0.1,9,0
80000,6400,10.99,0.08,8,0
42000,1850,11.99,0.04,6,0
48000,6025,10.65,0.13,6,0
65000,12000,16.49,0.18,7,0
70000,5000,6.99,0.07,9,0
42996,6000,15.96,0.14,9,1
60000,1500,6.03,0.03,5,0
24000,6200,11.14,0.26,10,0
99000,9000,7.14,0.09,5,0
207182,22000,10.62,0.11,7,0
78500,8000,8.59,0.1,8,0
65000,10000,13.61,0.15,6,0
71000,5300,11.49,0.07,9,0
99000,6000,10.25,0.06,6,0
25000,3500,11.11,0.14,6,0
56400,7000,11.49,0.12,10,1
67992,2000,7.43,0.03,7,0
140000,13000,7.51,0.09,9,0
90000,4200,8.94,0.05,6,0
99000,8000,12.99,0.08,8,0
50000,15000,9.88,0.3,5,0
85000,3600,7.51,0.04,7,0
15000,3700,9.32,0.25,5,1
29152,5000,10.36,0.17,10,0
42000,9600,14.61,0.23,9,0
64900,10000,7.66,0.15,9,0
47380,15000,13.79,0.32,6,0
44000,5400,16.0,0.12,9,1
83300,20000,16.0,0.2,5,1
50725,5400,13.16,0.11,6,0
37440,8000,10.99,0.21,7,0
65000,6500,5.42,0.1,7,0
43288,10000,10.74,0.23,5,0
120000,12000,7.51,0.1,9,0
77250,10000,9.2,0.13,8,0
71000,12000,8.9,0.17,9,0
73000,2500,14.35,0.03,8,0
168000,15500,9.25,0.09,9,0
53004,20000,13.04,0.38,9,1
101000,20000,10.75,0.2,8,0
50000,6000,15.62,0.12,6,0
110000,2500,8.07,0.02,10,0
24000,10000,12.87,0.42,8,1
151800,17525,12.72,0.12,7,0
63504,3500,10.0,0.06,6,0
67000,12000,13.23,0.18,9,0
49200,2500,5.42,0.05,10,0
80400,8000,7.14,0.1,7,0
101500,18000,12.18,0.18,10,0
51996,9600,14.09,0.18,10,0
31000,1000,7.4,0.03,7,0
49000,6300,9.91,0.13,6,0
64000,5000,13.23,0.08,6,0
63000,10000,15.33,0.16,7,0
64000,8000,14.22,0.13,5,0
31000,4000,10.74,0.13,10,0
30720,6000,7.49,0.2,6,0
45000,12000,6.03,0.27,5,0
94000,15000,9.88,0.16,9,0
50000,12000,6.62,0.24,8,0
38400,10000,9.91,0.26,8,0
140000,12000,9.91,0.09,10,0
28000,3000,9.99,0.11,5,0
59363,6000,13.22,0.1,6,0
32000,9000,16.77,0.28,8,0
92300,17500,17.93,0.19,5,0
160000,24000,11.83,0.15,9,0
98000,17000,8.88,0.17,9,0
32004,5500,8.0,0.17,8,0
40000,3000,7.14,0.07,5,0
85000,7500,10.78,0.09,10,0
75000,6500,10.74,0.09,5,0
55000,12000,7.49,0.22,8,0
71400,5000,11.12,0.06,8,1
61000,15000,14.96,0.25,10,1
190000,22000,6.91,0.12,8,0
102000,15000,12.84,0.15,8,0
84000,9000,5.79,0.11,10,0
18720,3500,13.16,0.19,5,1
82500,11000,7.49,0.13,7,0
18000,3000,12.69,0.17,5,1
130500,25000,15.33,0.19,6,1
105000,24250,15.65,0.23,7,0
55000,5000,12.53,0.09,5,0
19200,4000,10.37,0.21,6,1
65007,25000,18.62,0.38,9,1
21600,2500,14.35,0.12,5,0
65000,5600,11.58,0.09,5,0
101400,4500,9.32,0.04,8,0
55000,8000,7.49,0.15,9,0
10800,2000,14.72,0.19,6,1
48000,2800,7.49,0.06,10,0
44630,10825,10.99,0.24,6,0
71000,8000,11.12,0.11,8,0
106000,4000,11.71,0.04,8,0
130000,5000,17.56,0.04,8,0
72500,8875,11.99,0.12,8,0
125000,5750,7.43,0.05,10,0
165000,8000,11.49,0.05,8,0
125004,12000,15.68,0.1,8,0
103000,8800,7.29,0.09,8,0
25200,5000,7.91,0.2,8,0
43500,4000,12.69,0.09,5,0
30000,4975,10.37,0.17,9,0
66000,2550,11.36,0.04,9,0
85000,20000,12.21,0.24,9,0
42996,8200,7.88,0.19,9,0
50000,9600,6.76,0.19,10,0
55000,4000,10.99,0.07,8,0
43000,13350,12.42,0.31,9,1
11029,2150,10.78,0.19,6,1
100000,5000,12.42,0.05,8,0
40000,4000,9.99,0.1,8,0
98056,6000,8.88,0.06,9,0
54000,7500,7.49,0.14,7,1
140000,12000,7.88,0.09,7,0
42000,12000,13.57,0.29,6,0
80004,12000,6.91,0.15,6,0
44500,20000,9.45,0.45,8,0
116400,8900,10.0,0.08,5,0
59000,6000,7.88,0.1,8,0
71000,4000,7.14,0.06,5,0
42000,12000,11.11,0.29,9,0
75000,12000,7.51,0.16,8,0
104000,12800,7.29,0.12,5,0
20000,4000,10.99,0.2,10,0
48000,2000,11.97,0.04,10,0
32000,10800,13.57,0.34,5,1
54000,10000,7.29,0.19,7,0
95000,18000,13.48,0.19,5,0
70000,10000,6.99,0.14,10,0
40000,6400,9.32,0.16,9,0
55000,3500,10.65,0.06,10,0
40000,15000,9.88,0.38,9,1
27180,4800,7.14,0.18,5,0
36000,10000,14.42,0.28,9,0
72000,9800,6.62,0.14,7,0
26000,8000,7.9,0.31,6,1
103000,9000,14.65,0.09,9,1
65200,7000,8.0,0.11,7,0
47300,12000,7.88,0.25,10,0
86000,15600,5.99,0.18,7,0
51000,20400,17.74,0.4,6,1
45000,10000,17.58,0.22,6,0
44500,15000,7.51,0.34,5,0
62000,3700,6.39,0.06,6,0
66000,7000,9.91,0.11,6,0
114000,6000,10.37,0.05,9,0
81120,18000,10.75,0.22,5,0
66000,11200,13.49,0.17,6,1
92000,20000,13.72,0.22,8,0
72000,4250,5.42,0.06,5,0
160000,23000,11.83,0.14,5,0
76000,1000,13.49,0.01,8,0
85000,3800,6.03,0.04,8,0
100000,20000,12.42,0.2,9,0
70000,7000,8.9,0.1,8,0
45600,6400,8.94,0.14,7,0
62000,28000,11.71,0.45,7,0
78996,6000,7.51,0.08,8,1
46000,9000,7.51,0.2,5,0
64000,15000,15.27,0.23,10,1
34000,16750,10.59,0.49,6,0
71000,12000,13.16,0.17,5,0
36000,15000,11.83,0.42,10,0
84906,4500,7.51,0.05,10,0
50000,14000,19.04,0.28,5,0
150000,21000,12.62,0.14,9,0
25000,3000,13.48,0.12,5,0
55000,2500,13.49,0.05,5,0
110000,11000,5.79,0.1,5,0
42000,5000,14.96,0.12,5,1
31000,12000,14.42,0.39,9,1
114132,14400,14.54,0.13,10,1
56000,10000,7.14,0.18,6,0
90000,20000,13.22,0.22,10,0
61000,6000,10.39,0.1,9,0
38500,3000,11.48,0.08,8,0
60000,7000,6.99,0.12,8,0
68736,1200,16.29,0.02,9,0
68000,13600,7.88,0.2,5,0
100970,20000,11.99,0.2,9,0
35142,8000,11.11,0.23,10,0
103992,18000,10.99,0.17,10,0
41000,4000,18.64,0.1,5,1
73992,20000,9.96,0.27,9,0
20400,5500,6.91,0.27,8,0
35000,4200,12.99,0.12,8,0
15600,2800,10.65,0.18,7,1
27000,4500,13.11,0.17,5,0
70000,4000,11.86,0.06,6,0
35000,10000,10.99,0.29,9,0
170000,12075,12.42,0.07,10,0
51000,4800,12.69,0.09,10,0
17676,2500,14.74,0.14,7,0
86500,25000,13.57,0.29,10,0
209000,15000,14.84,0.07,8,0
102000,20000,13.85,0.2,5,0
80000,6000,11.11,0.07,8,0
80000,20000,7.49,0.25,9,0
68000,15000,11.78,0.22,7,0
44400,2000,14.22,0.05,9,1
20000,4750,10.37,0.24,7,0
72000,5000,6.99,0.07,7,0
102540,1500,7.9,0.01,10,0
42000,3000,11.83,0.07,9,0
53000,12000,6.03,0.23,5,0
112000,6000,12.69,0.05,8,0
91800,25000,15.95,0.23,9,1
108000,10000,6.91,0.09,8,0
130000,12000,8.59,0.09,5,0
108000,20000,15.31,0.19,8,1
130000,7000,9.91,0.05,9,0
30000,3000,6.76,0.1,9,0
33600,8000,16.02,0.24,8,0
82000,15000,12.98,0.18,8,0
50800,10000,16.4,0.2,10,0
25000,10000,8.49,0.4,10,1
30996,5775,14.91,0.19,10,1
50000,9725,12.12,0.19,7,0
98000,16000,10.99,0.16,10,0
75400,6000,7.74,0.08,7,0
36000,10000,11.11,0.28,8,0
56400,7500,11.48,0.13,6,0
92500,13050,7.66,0.14,6,0
124100,10175,12.99,0.07,6,1
48000,8400,11.71,0.17,10,0
108000,27400,10.99,0.25,8,0
45000,4000,7.49,0.09,5,0
45000,5000,12.73,0.11,8,1
35000,15000,10.99,0.43,5,1
40000,5500,7.74,0.14,10,0
70000,7800,7.9,0.11,8,0
37600,15000,13.06,0.4,10,1
48000,15000,11.99,0.31,10,1
30000,6475,5.42,0.22,6,0
35000,3000,11.11,0.09,8,1
46097,6000,10.75,0.13,8,0
44500,10000,8.59,0.22,10,0
112200,7000,11.66,0.06,7,0
32000,6525,16.07,0.2,9,1
82000,16750,20.11,0.2,6,1
50000,8000,7.9,0.16,8,0
18000,4750,7.88,0.26,6,1
64000,8000,6.91,0.13,5,0
83000,20000,11.11,0.24,9,0
61000,12000,9.99,0.2,6,0
100000,10000,6.62,0.1,8,0
176000,2400,14.42,0.01,10,0
55000,20000,6.62,0.36,6,0
65000,18000,7.51,0.28,5,0
67092,9000,12.87,0.13,9,0
36000,2600,7.49,0.07,10,0
127000,24250,11.36,0.19,10,0
91000,10000,8.59,0.11,8,0
60000,14000,7.51,0.23,5,0
125000,10000,5.79,0.08,9,0
24000,2400,13.98,0.1,6,0
71000,14000,6.99,0.2,5,0
26237,12000,13.22,0.46,7,1
74360,8725,5.99,0.12,5,0
38000,6000,11.58,0.16,8,0
40000,14000,11.89,0.35,8,1
50000,10000,9.99,0.2,7,0
70000,15000,13.61,0.21,6,0
96000,6000,5.42,0.06,6,0
87000,9000,17.93,0.1,7,0
70000,20000,6.54,0.29,6,0
50000,15000,7.49,0.3,8,0
62400,8000,6.62,0.13,9,0
24000,4400,15.62,0.18,6,1
59004,8000,7.37,0.14,10,1
60000,6000,14.84,0.1,5,0
42000,4800,12.42,0.11,9,0
115000,2850,6.54,0.02,7,0
69000,12800,15.7,0.19,10,1
40000,9000,16.77,0.23,9,0
53000,7000,9.88,0.13,6,0
47900,11000,7.51,0.23,7,0
60000,15000,11.86,0.25,8,0
60000,8000,7.66,0.13,5,0
40000,14000,6.03,0.35,10,0
45000,6500,13.98,0.14,10,0
85000,4200,5.99,0.05,10,0
32000,5800,7.49,0.18,7,0
41600,17500,6.17,0.42,8,0
95000,2400,13.72,0.03,8,0
36000,12000,12.21,0.33,10,1
39000,5000,10.25,0.13,7,0
20000,5500,12.69,0.28,9,0
35000,6000,5.42,0.17,10,0
105000,15400,11.36,0.15,8,0
49000,8500,12.18,0.17,10,0
62000,8000,11.48,0.13,5,0
30000,6000,19.42,0.2,9,1
32000,8000,5.99,0.25,6,0
90000,16000,8.88,0.18,9,0
19200,5000,9.99,0.26,6,1
101000,15000,17.58,0.15,5,1
200000,16000,12.69,0.08,7,0
95200,15000,5.99,0.16,7,0
60000,14125,13.49,0.24,5,0
101000,20000,7.9,0.2,5,0
31000,7400,16.77,0.24,6,1
68000,2500,11.71,0.04,8,0
37500,3300,10.37,0.09,5,0
52000,10000,8.0,0.19,6,0
84996,9000,9.32,0.11,10,0
90000,24250,10.62,0.27,6,0
36500,10000,9.33,0.27,6,0
26400,3600,9.88,0.14,5,0
45000,12000,12.99,0.27,8,0
48000,5200,5.42,0.11,5,0
65000,7500,10.95,0.12,6,0
84000,12000,11.11,0.14,7,0
25000,3000,12.53,0.12,6,0
53004,5600,11.86,0.11,6,0
66300,21000,15.62,0.27,10,1
64049,20000,12.69,0.31,8,0
131040,10000,13.35,0.08,7,0
35000,10000,13.48,0.29,8,0
33600,3000,5.42,0.09,5,0
50400,18500,16.02,0.37,5,1
40000,7200,13.22,0.18,6,0
75000,10000,13.47,0.13,5,0
42564,15000,10.75,0.35,6,1
40000,8000,14.72,0.2,7,0
80000,20000,11.36,0.25,8,0
45150,18000,13.16,0.4,7,1
35000,8000,12.21,0.23,8,0
24000,5000,10.59,0.21,9,0
144000,16000,6.62,0.11,6,0
63000,9500,8.07,0.15,8,0
50004,1500,13.11,0.03,8,0
50500,5200,12.53,0.1,8,0
120000,7000,7.14,0.06,7,0
110000,15000,10.0,0.14,6,0
100000,12000,6.03,0.12,7,0
56784,12000,14.96,0.21,5,0
48000,4000,6.03,0.08,6,1
97356,20000,13.22,0.21,7,0
53000,12000,12.84,0.23,5,0
64000,14500,7.66,0.23,8,0
89000,10000,10.99,0.11,5,0
106000,2400,9.63,0.02,5,0
120000,14000,11.99,0.12,7,0
24000,5000,11.86,0.21,8,0
60000,13500,7.51,0.23,5,0
110000,12000,8.94,0.11,7,0
85000,8000,11.71,0.09,6,0
126000,9600,11.49,0.08,10,0
86000,15000,16.49,0.17,9,0
49000,5600,6.03,0.11,6,0
136092,8000,13.61,0.06,5,0
66725,9000,16.29,0.11,8,1
100000,25000,10.39,0.25,9,0
96000,8000,13.72,0.08,5,0
38004,1500,12.53,0.04,8,1
60000,22000,16.63,0.37,6,1
135000,15000,13.85,0.11,9,0
28000,10000,12.84,0.36,7,1
37000,2000,11.26,0.05,8,0
160000,25000,13.49,0.16,5,0
26400,8000,7.51,0.3,6,0
238000,12000,14.09,0.05,10,1
42240,12000,11.86,0.28,6,0
90000,12000,8.32,0.13,9,0
74000,25000,11.49,0.34,6,0
120000,17500,12.87,0.15,5,0
30000,7500,11.78,0.25,9,0
57000,4000,8.0,0.07,8,0
54000,12000,16.49,0.22,10,1
84000,9250,11.36,0.11,7,0
66920,5000,14.26,0.07,6,0
30000,10200,17.99,0.34,5,1
71400,9600,12.61,0.13,9,0
39996,15000,14.42,0.38,6,1
60000,15000,11.71,0.25,7,0
50000,5050,12.73,0.1,7,0
200000,10000,8.59,0.05,10,0
27000,5000,6.76,0.19,8,0
78504,10000,11.41,0.13,7,0
45000,7200,12.69,0.16,5,0
32004,4000,8.32,0.12,9,0
120000,8400,7.14,0.07,6,0
30000,5100,7.9,0.17,5,0
80000,15000,10.95,0.19,10,0
45000,9000,14.65,0.2,6,0
60000,4000,13.98,0.07,7,0
160000,22000,10.75,0.14,9,0
76596,17600,13.16,0.23,10,0
78000,6000,12.18,0.08,5,0
126000,12000,11.71,0.1,8,0
120000,6600,7.49,0.06,5,0
45727,1000,16.29,0.02,5,0
120000,11050,12.69,0.09,6,0
44000,8000,10.59,0.18,6,0
69790,18000,10.25,0.26,6,0
60000,8500,6.92,0.14,7,0
21996,9250,12.87,0.42,8,1
50000,21850,12.42,0.44,9,0
49548,2800,12.84,0.06,8,0
17640,4000,16.29,0.23,8,1
148000,10000,13.55,0.07,9,0
60000,6000,10.99,0.1,9,0
59600,5000,5.79,0.08,10,0
60000,9000,8.49,0.15,8,0
31200,7500,7.74,0.24,5,0
55000,1200,9.99,0.02,9,0
53408,1400,10.99,0.03,10,0
59000,5000,7.14,0.08,8,0
33000,1000,14.79,0.03,9,0
50000,6300,6.62,0.13,8,0
27996,8500,11.58,0.3,8,0
73000,16000,19.41,0.22,7,1
34000,4000,10.95,0.12,9,0
72000,21000,11.99,0.29,6,1
42000,2000,5.79,0.05,7,0
66888,15000,12.23,0.22,9,0
85000,8400,11.99,0.1,8,0
146000,2500,8.49,0.02,9,0
66000,3150,15.62,0.05,8,1
46344,3500,11.36,0.08,8,0
97000,25000,10.37,0.26,10,0
63000,10000,7.49,0.16,5,0
50176,5000,10.59,0.1,7,0
80300,15000,12.73,0.19,10,0
53000,5000,5.42,0.09,5,0
90000,7500,7.51,0.08,10,0
75000,14000,9.63,0.19,5,0
55000,6500,10.99,0.12,7,0
120000,7500,15.65,0.06,8,0
68000,18000,10.0,0.26,7,0
65000,20000,10.25,0.31,5,0
50000,3000,7.29,0.06,10,0
33000,1700,15.23,0.05,5,0
76248,10400,7.66,0.14,5,0
85000,10000,7.88,0.12,5,0
73200,12000,8.9,0.16,5,0
60600,3000,7.12,0.05,5,0
90000,10000,7.49,0.11,9,0
40000,12000,10.37,0.3,9,0
12000,2400,12.68,0.2,8,1
30000,13000,7.88,0.43,8,1
70000,10000,10.65,0.14,5,0
75000,12800,14.74,0.17,6,0
36000,4000,13.61,0.11,7,0
62532,9000,13.49,0.14,9,0
82300,3600,9.63,0.04,6,0
80000,5000,8.0,0.06,10,0
44991,5000,14.72,0.11,5,0
60000,24250,12.18,0.4,5,0
92000,24500,18.3,0.27,7,0
151000,21000,11.97,0.14,8,0
115000,12000,7.29,0.1,6,0
144000,6000,8.49,0.04,7,0
73000,12000,7.29,0.16,8,0
70000,9850,7.75,0.14,5,0
35352,9000,6.03,0.25,5,0
77385,6000,7.66,0.08,9,0
135000,17500,11.83,0.13,5,0
80000,7400,12.69,0.09,10,0
52000,22950,13.49,0.44,10,1
33000,7500,15.31,0.23,10,0
27000,6000,12.73,0.22,5,0
34000,4000,7.49,0.12,6,0
180000,12900,12.99,0.07,8,0
65000,12000,13.35,0.18,10,0
74000,15000,11.11,0.2,9,0
78000,13000,12.87,0.17,10,0
73000,5500,9.99,0.08,5,0
75000,4000,10.75,0.05,9,0
20520,5000,9.99,0.24,9,0
58000,4600,13.99,0.08,10,0
82000,9000,5.42,0.11,10,0
33288,10800,12.09,0.32,5,1
74872,15000,7.88,0.2,5,0
62400,12000,5.42,0.19,6,0
40000,14150,12.69,0.35,5,1
60000,5600,12.42,0.09,10,0
60000,6000,11.48,0.1,10,0
29120,4000,10.75,0.14,8,0
51043,2100,12.29,0.04,5,1
40000,5000,6.99,0.13,7,0
70176,9000,7.88,0.13,5,0
56000,5050,12.29,0.09,8,1
105000,12000,7.88,0.11,10,0
52800,2400,9.62,0.05,7,0
43000,1200,13.8,0.03,8,0
16800,5000,6.92,0.3,7,1
38000,5000,9.76,0.13,6,0
66240,5000,5.79,0.08,9,0
180000,6000,6.62,0.03,8,0
66000,15000,11.14,0.23,5,0
38000,12000,12.42,0.32,9,1
45600,1450,8.49,0.03,9,0
107364,8000,6.76,0.07,9,0
67392,15000,13.85,0.22,8,1
100000,13000,8.59,0.13,9,0
29400,6150,12.21,0.21,10,0
62500,5000,11.36,0.08,5,0
49110,19775,12.42,0.4,9,1
28800,2000,10.59,0.07,8,0
65000,8000,7.49,0.12,9,0
29000,10000,13.06,0.34,7,1
30000,4300,7.9,0.14,9,0
140000,5000,10.38,0.04,10,0
75000,7500,8.9,0.1,10,0
84456,10000,9.88,0.12,7,0
90000,5000,13.61,0.06,8,0
39480,7200,13.79,0.18,7,0
62000,12000,7.51,0.19,8,0
29000,10000,16.77,0.34,10,1
28320,8700,14.61,0.31,8,1
25000,5000,7.51,0.2,9,0
55200,4000,6.76,0.07,6,0
47004,10000,13.61,0.21,10,1
85000,16000,11.34,0.19,6,0
80000,6000,7.4,0.07,9,0
90000,12000,6.92,0.13,6,0
143004,10000,6.99,0.07,7,0
50000,10750,13.48,0.21,7,0
65000,5000,13.99,0.08,7,0
51298,1000,10.37,0.02,9,0
36000,7000,6.91,0.19,8,0
54050,12000,10.99,0.22,9,0
50000,8000,7.49,0.16,10,0
60000,10500,15.68,0.17,9,0
20000,6000,13.11,0.3,5,0
110000,10000,13.57,0.09,9,0
50000,10000,10.71,0.2,6,0
81000,6000,6.17,0.07,8,0
47700,9000,7.14,0.19,10,0
24996,10750,12.53,0.43,7,1
96000,9000,7.49,0.09,7,0
45000,14000,7.91,0.31,8,1
28000,6300,11.99,0.23,8,0
115000,5000,7.51,0.04,7,0
30000,7500,11.86,0.25,8,1
72000,12800,6.62,0.18,10,0
153000,17600,8.7,0.12,7,0
57996,8400,12.98,0.14,7,0
61200,15000,6.99,0.25,9,0
54000,9000,14.46,0.17,8,1
47700,12000,11.99,0.25,6,0
34000,2400,15.57,0.07,5,1
60000,10000,13.98,0.17,6,0
48000,10000,10.62,0.21,7,0
95000,15000,11.14,0.16,9,0
96000,10000,9.99,0.1,5,0
39000,16000,5.99,0.41,8,0
75000,5000,7.88,0.07,6,0
37000,13000,10.36,0.35,9,0
30000,10000,10.38,0.33,5,1
38400,5000,9.88,0.13,10,0
77940,16250,10.99,0.21,9,0
140000,7400,6.03,0.05,6,0
47500,10000,15.96,0.21,6,0
45000,6400,7.49,0.14,9,0
50000,12000,10.37,0.24,6,0
38000,6350,5.79,0.17,8,0
90000,12000,10.99,0.13,9,0
120000,7000,6.76,0.06,7,0
56000,14000,10.65,0.25,10,0
10800,2400,9.99,0.22,7,1
44000,16000,13.48,0.36,5,1
92000,20000,13.06,0.22,9,0
107800,5200,14.65,0.05,9,0
250000,15000,9.88,0.06,9,0
90080,5500,7.49,0.06,6,0
120000,5600,10.75,0.05,8,0
120000,25000,16.07,0.21,10,0
68004,15000,13.16,0.22,7,0
56000,5000,8.9,0.09,5,0
35000,4000,13.61,0.11,6,0
51372,4500,6.39,0.09,10,0
95000,2500,13.72,0.03,10,0
42000,2250,8.88,0.05,7,0
25000,8000,14.84,0.32,5,1
69996,2000,10.65,0.03,10,0
30000,3900,11.99,0.13,9,0
33000,5000,8.9,0.15,8,0
70000,20000,11.48,0.29,8,0
31200,12300,12.53,0.39,8,0
24000,1500,7.14,0.06,6,0
30996,2600,14.74,0.08,5,1
30000,12000,5.42,0.4,6,1
31000,15000,13.16,0.48,9,0
110000,18000,9.91,0.16,5,0
88000,9000,6.91,0.1,8,0
33666,8000,17.49,0.24,5,1
35000,5500,11.49,0.16,5,0
40000,10500,14.27,0.26,6,0
20500,1000,6.76,0.05,5,0
51000,18000,7.49,0.35,6,0
54000,14800,15.31,0.27,5,1
43200,10000,7.49,0.23,6,0
62000,6550,5.79,0.11,10,0
54000,5000,12.61,0.09,9,1
30000,3000,10.65,0.1,8,0
56000,20000,18.25,0.36,10,1
39000,3600,16.29,0.09,8,1
44000,6400,13.85,0.15,10,0
59450,3000,10.38,0.05,5,0
40000,11175,14.96,0.28,5,0
100000,8000,13.98,0.08,6,0
120000,5000,14.09,0.04,5,0
125000,20000,7.88,0.16,7,0
135000,6275,6.91,0.05,7,0
135000,25000,15.21,0.19,9,0
75500,19200,16.77,0.25,7,1
24960,4000,5.42,0.16,10,0
136000,5000,6.17,0.04,6,0
48000,4500,5.42,0.09,7,0
60000,10000,13.22,0.17,7,0
63996,3200,5.42,0.05,8,0
170000,21000,14.26,0.12,9,0
69000,20000,14.91,0.29,5,1
24000,2800,10.95,0.12,10,0
85000,18500,7.51,0.18,7,1
123000,12000,11.83,0.1,10,0
24000,8875,10.65,0.37,7,1
19200,1400,16.77,0.07,6,1
52000,13600,7.88,0.26,5,0
49000,4000,10.59,0.08,5,0
55400,7000,10.28,0.13,6,0
40000,5000,6.92,0.13,7,0
44004,10000,6.92,0.23,6,0
50000,8000,5.99,0.16,6,0
61455,10000,18.09,0.14,9,1
20000,8000,11.89,0.4,6,1
40000,8000,8.59,0.2,9,0
54000,5000,15.13,0.09,7,1
48000,10000,7.51,0.21,10,0
90000,11000,11.99,0.12,10,0
38000,3200,9.63,0.08,9,0
98004,10000,6.54,0.1,7,0
9600,1500,12.73,0.16,9,1
60000,25000,8.9,0.42,7,1
50000,2000,14.79,0.04,6,0
72000,15900,13.04,0.22,10,0
60000,1800,11.46,0.03,8,0
120000,11000,6.03,0.09,9,0
92004,10000,9.63,0.11,9,0
24000,6000,8.49,0.25,5,0
78000,14000,9.63,0.18,5,0
50000,9000,7.51,0.18,9,0
78000,26000,15.96,0.33,5,0
50000,12000,6.03,0.24,6,0
55000,18000,7.9,0.33,10,0
92000,10000,11.26,0.11,8,0
28800,3000,7.88,0.1,7,1
35000,10000,9.88,0.29,9,0
89849,6000,13.98,0.07,10,0
56000,8000,8.59,0.14,6,0
48000,3600,6.92,0.07,6,0
48000,5000,15.27,0.1,8,1
48989,2400,7.14,0.05,7,0
57240,15000,11.99,0.26,10,0
60000,15000,11.99,0.25,5,0
24960,1400,8.49,0.06,7,0
47133,5100,11.86,0.11,7,0
39504,3000,7.37,0.08,9,0
60000,4600,7.88,0.08,8,0
34152,5000,13.79,0.15,9,0
30000,6000,5.79,0.2,6,0
48000,4000,14.35,0.08,10,0
74000,16000,13.11,0.22,6,1
89520,8000,13.23,0.09,5,0
64600,5000,8.94,0.07,9,1
75000,2000,15.65,0.03,10,0
18000,6400,10.37,0.36,6,1
240000,8400,7.51,0.04,6,0
48712,11050,5.42,0.23,6,0
124992,24000,8.49,0.19,7,0
44000,6000,13.23,0.14,6,1
44000,13650,10.65,0.31,7,1
24000,7000,6.62,0.29,9,0
54000,15000,8.49,0.28,5,1
132000,20000,12.73,0.15,10,0
24000,10000,8.9,0.42,10,1
49000,8500,10.59,0.17,10,0
120999,15200,13.61,0.13,7,0
60000,10000,13.57,0.17,6,0
56100,8400,7.51,0.13,10,1
84000,12000,13.16,0.14,5,0
69000,16000,5.99,0.23,9,0
50000,4800,6.03,0.1,7,0
20000,5000,11.83,0.25,7,0
64000,5000,12.99,0.08,8,0
96000,17000,10.62,0.18,10,0
118374,3500,13.49,0.03,5,0
100000,14400,13.35,0.14,5,0
49000,5000,15.31,0.1,7,1
96000,9600,5.99,0.1,5,0
97000,12000,11.83,0.12,7,0
69000,4000,11.49,0.06,8,1
21000,6250,7.9,0.3,8,0
69000,6000,11.12,0.09,8,0
37440,4400,11.71,0.12,8,0
60000,20000,6.17,0.33,9,0
61200,5000,11.86,0.07,5,1
81000,7500,10.08,0.09,9,0
30000,4200,5.79,0.14,8,0
50000,5000,5.99,0.1,10,0
54000,10000,10.99,0.19,6,0
87000,5000,14.96,0.06,6,0
82500,11100,8.94,0.13,7,0
62040,13400,13.06,0.22,6,0
44000,2725,12.18,0.06,6,1
28080,9600,13.57,0.34,6,1
150000,10000,8.59,0.07,9,0
60353,8500,10.65,0.14,8,0
42000,7200,9.99,0.17,8,0
66000,6500,5.79,0.1,9,0
29100,10000,15.95,0.34,9,1
40000,5000,12.53,0.13,5,0
62352,3800,6.62,0.06,6,0
30636,10000,10.37,0.33,10,1
29500,7000,10.0,0.24,7,1
30000,6600,16.49,0.22,6,1
77000,10000,14.65,0.13,6,0
48715,12000,12.87,0.25,5,0
79536,16425,7.9,0.21,10,0
80000,21000,11.36,0.26,10,0
75000,15250,11.34,0.2,7,0
30809,11200,11.99,0.36,8,1
53500,10000,9.91,0.19,9,0
48000,2000,14.96,0.04,5,0
48000,17000,7.88,0.35,8,1
53000,2500,9.99,0.05,7,0
32900,4800,13.23,0.15,8,1
135000,20000,17.74,0.15,5,0
115000,25000,11.86,0.22,10,0
68004,18000,10.0,0.26,10,0
38000,4500,9.99,0.12,7,0
82500,11000,16.35,0.13,8,0
48000,10000,10.62,0.21,10,0
24000,3000,7.49,0.13,8,0
39000,2300,8.59,0.06,6,0
92000,12000,6.62,0.13,8,0
123000,25000,17.19,0.2,6,1
66000,3000,6.03,0.05,10,0
64000,10000,11.66,0.16,5,0
42000,18000,14.65,0.43,8,1
140000,9600,6.91,0.07,5,0
35100,9000,13.47,0.26,8,0
50000,4000,8.9,0.08,7,0
51621,3500,11.49,0.07,7,0
61000,12000,6.03,0.2,5,0
50000,2500,13.49,0.05,10,0
48996,15000,14.09,0.31,5,1
225000,3000,13.35,0.01,7,0
75000,3000,7.9,0.04,8,0
51500,19000,14.83,0.37,10,1
48000,17375,14.27,0.36,10,0
111000,5150,6.62,0.05,7,0
83000,7500,8.9,0.09,6,0
69996,10800,14.91,0.15,6,0
45000,12000,11.86,0.27,5,0
16656,2400,14.72,0.14,5,1
30000,12000,8.9,0.4,7,1
109200,6000,12.23,0.05,5,0
75288,18050,10.0,0.24,7,0
40000,3600,8.59,0.09,5,0
37000,6000,10.36,0.16,8,0
59000,14000,10.36,0.24,7,0
52809,13000,10.62,0.25,8,0
40000,16000,5.99,0.4,9,0
79100,19150,6.99,0.24,6,0
99996,7000,7.14,0.07,10,0
78000,15000,14.96,0.19,9,1
99000,12000,14.26,0.12,10,0
28800,1400,7.9,0.05,8,0
54000,7125,9.99,0.13,6,1
90000,12000,12.98,0.13,5,0
150000,15000,16.32,0.1,5,0
28000,5000,16.07,0.18,8,1
42000,4000,15.23,0.1,5,0
44760,3300,11.71,0.07,5,0
62900,24250,15.31,0.33,6,1
65000,7200,13.98,0.11,5,0
20000,4000,13.11,0.2,5,1
19200,2000,5.99,0.1,6,1
54000,6000,6.62,0.11,5,0
85000,10000,6.62,0.12,6,0
100000,15000,9.63,0.15,5,0
40000,3600,6.99,0.09,10,0
54072,7000,11.89,0.13,9,0
45000,13250,7.9,0.29,9,0
33000,4200,11.36,0.13,6,0
108000,5000,12.87,0.05,8,0
30000,3000,7.29,0.1,7,0
72500,7000,13.79,0.1,8,0
48996,10000,15.45,0.2,8,1
37090,3000,11.12,0.08,5,0
115000,4000,12.69,0.03,8,0
138000,25000,11.12,0.18,6,0
91560,22000,6.91,0.24,5,0
30000,7200,15.27,0.24,8,0
120000,10000,17.04,0.08,10,0
78000,20000,14.26,0.26,9,1
44640,12800,11.83,0.29,8,0
158000,11000,8.49,0.07,7,0
45000,8000,12.21,0.18,5,0
27000,2525,12.21,0.09,10,0
58000,5900,9.32,0.1,6,0
18000,1700,11.12,0.09,8,0
55704,8400,7.51,0.15,6,0
66300,6075,6.03,0.09,6,0
64000,10000,12.69,0.16,8,0
45000,12000,7.88,0.27,5,0
74100,4500,13.61,0.06,8,0
35000,10625,7.9,0.3,6,0
45000,3000,12.61,0.07,8,0
62000,3275,9.33,0.05,8,0
200000,7800,9.63,0.04,5,0
47000,5000,10.62,0.11,9,0
37920,12000,13.48,0.32,8,1
48000,12000,14.54,0.25,7,0
34000,9600,10.99,0.28,7,0
69996,2400,11.11,0.03,6,0
75000,6000,7.51,0.08,5,0
99996,10000,5.42,0.1,9,0
86400,5000,7.9,0.06,5,0
65000,3625,6.03,0.06,8,0
24000,1000,14.91,0.04,10,1
66000,6400,14.96,0.1,6,1
73000,15000,11.83,0.21,7,0
66000,12000,7.51,0.18,9,0
135000,15000,5.42,0.11,6,0
160000,3600,15.23,0.02,9,0
21000,7750,11.83,0.37,7,0
40000,7500,5.99,0.19,8,0
40000,7000,14.91,0.17,8,1
140000,15000,16.35,0.11,5,0
60000,6000,6.62,0.1,5,0
68508,7000,8.0,0.1,10,0
78000,10000,6.54,0.13,5,0
33600,15250,12.53,0.45,8,0
32000,2275,6.17,0.07,10,0
28000,12000,14.22,0.43,8,1
48000,3000,11.99,0.06,6,0
79200,8000,5.42,0.1,5,0
48996,12000,12.53,0.24,8,0
90000,10000,12.21,0.11,7,0
18000,1500,11.48,0.08,8,1
28550,4000,10.59,0.14,8,0
42000,10000,10.75,0.24,6,0
94000,10000,14.27,0.11,10,0
180000,8000,13.23,0.04,9,0
45000,7600,14.59,0.17,7,1
58800,3000,11.49,0.05,5,0
50000,7000,11.49,0.14,9,0
60000,19400,18.53,0.32,10,0
40000,9000,12.53,0.23,8,0
16800,2750,14.84,0.16,6,1
56253,10000,11.36,0.18,10,0
38000,10000,8.94,0.26,9,0
53004,14000,15.28,0.26,10,1
40100,7175,12.99,0.18,6,0
70000,10000,10.25,0.14,8,0
80000,6000,14.17,0.07,9,0
27840,8575,19.42,0.31,10,1
91800,8400,15.99,0.08,9,1
96000,8000,6.99,0.08,8,0
54000,12000,15.31,0.22,6,1
25000,10000,13.49,0.4,6,0
45600,3000,6.99,0.07,5,0
75653,20000,17.58,0.22,8,1
63844,20000,6.54,0.31,5,0
14076,4800,6.76,0.34,7,1
120000,12000,10.99,0.1,5,0
30000,6500,8.49,0.22,10,0
50000,16200,13.99,0.32,6,1
84000,7000,7.29,0.08,10,0
50000,3000,10.37,0.06,9,0
78000,12000,10.62,0.15,6,0
60132,10000,10.62,0.17,10,0
34000,5000,7.9,0.15,5,1
80000,15000,15.99,0.19,5,0
215662,21000,11.99,0.1,6,0
120000,16000,12.21,0.13,5,0
135000,8000,9.32,0.06,5,0
120000,14400,10.74,0.12,7,0
127000,21000,10.99,0.17,5,0
92000,18000,11.48,0.2,8,0
56839,9000,15.33,0.16,6,1
124886,5000,11.99,0.04,5,1
36100,14000,14.27,0.39,10,0
90000,18000,8.49,0.2,7,0
40000,5000,5.42,0.13,5,0
50000,3575,11.49,0.07,6,0
104371,15000,16.77,0.14,6,0
98000,20000,6.91,0.2,7,0
37100,3000,16.82,0.08,7,0
125000,8000,11.14,0.06,6,0
142000,24250,11.48,0.17,8,0
125000,8000,6.76,0.06,6,0
38769,2400,8.9,0.06,6,0
65000,10000,7.49,0.15,7,0
55000,7000,13.49,0.13,7,0
70000,6000,11.89,0.09,7,0
72000,6000,5.42,0.08,6,0
140987,6450,5.99,0.05,6,0
56864,12300,7.88,0.22,8,0
42000,18825,7.9,0.45,9,1
100000,1000,11.71,0.01,6,0
57600,6000,9.91,0.1,5,0
72000,16000,15.95,0.22,5,0
24000,2000,14.35,0.08,8,0
110000,3600,6.03,0.03,5,0
24414,5000,6.91,0.2,7,0
30000,10500,8.94,0.35,8,0
51996,3200,6.99,0.06,5,0
120000,6250,12.53,0.05,9,0
110888,10400,9.91,0.09,7,0
47900,7500,13.47,0.16,6,0
90000,18000,8.94,0.2,7,0
77500,10000,16.49,0.13,7,0
97000,7000,12.98,0.07,8,0
56888,8000,16.29,0.14,5,0
40000,2500,5.79,0.06,8,0
106369,8325,6.99,0.08,10,0
67000,2800,13.04,0.04,7,0
101000,7500,13.22,0.07,9,0
220000,11275,12.99,0.05,8,0
25000,7000,10.99,0.28,10,0
95000,4000,5.99,0.04,7,0
80000,5000,6.17,0.06,8,0
36400,9000,7.49,0.25,6,0
36000,5000,8.49,0.14,9,0
65000,20000,16.77,0.31,5,0
45000,8000,16.49,0.18,7,1
129700,10000,6.54,0.08,7,0
53500,3200,6.76,0.06,10,0
78000,5125,8.59,0.07,8,0
82000,6000,7.51,0.07,6,0
43200,3000,7.49,0.07,7,0
31000,3600,14.11,0.12,8,1
89000,12000,8.94,0.13,6,0
83000,18000,19.74,0.22,8,1
61656,15000,6.91,0.24,9,0
30000,11450,9.99,0.38,6,1
26010,6500,9.99,0.25,9,0
52000,14675,9.63,0.28,7,0
12000,1950,12.69,0.16,12,1
12000,2000,9.88,0.17,11,1
210000,16000,13.47,0.08,11,0
210000,12000,9.63,0.06,12,0
202000,15000,12.04,0.07,13,0
201400,12450,12.23,0.06,15,0
200000,7000,10.99,0.04,15,0
200000,4800,7.49,0.02,13,0
200000,14000,7.49,0.07,15,0
200000,18000,10.99,0.09,13,0
192000,5600,7.9,0.03,14,0
69000,25000,14.59,0.36,12,1
189996,8000,13.16,0.04,15,0
185000,20000,11.36,0.11,15,0
84000,25000,12.87,0.3,11,0
84996,25000,11.86,0.29,11,0
180000,10000,5.99,0.06,11,0
82800,25000,12.87,0.3,14,1
175000,11800,7.51,0.07,11,0
175000,21000,9.99,0.12,14,0
175000,15000,9.76,0.09,17,0
110000,25000,10.99,0.23,12,0
170000,7200,9.91,0.04,12,0
170000,17000,12.99,0.1,14,0
124499,25000,13.06,0.2,13,0
15600,4000,15.7,0.26,13,1
127000,25000,14.59,0.2,11,1
16500,2000,13.23,0.12,11,0
16800,3300,10.99,0.2,14,1
76066,24250,15.65,0.32,13,1
148000,10000,14.11,0.07,13,1
78200,24250,16.0,0.26,13,1
16908,3000,5.42,0.18,11,1
118000,24250,13.92,0.21,12,1
17280,1000,16.29,0.06,11,0
17640,5875,7.9,0.33,12,1
17721,3975,11.97,0.22,15,1
72800,24000,14.09,0.33,12,1
67000,24000,15.31,0.36,11,1
78708,24000,11.12,0.3,12,0
81000,24000,8.49,0.3,13,0
97500,24000,10.99,0.25,11,0
100300,24000,11.99,0.24,11,0
18000,3000,5.42,0.17,12,1
64000,23500,14.26,0.37,13,1
18000,1500,13.47,0.08,13,0
83000,23000,12.36,0.28,11,1
67147,22400,14.11,0.28,11,1
56524,22000,10.75,0.39,15,1
72000,22000,10.62,0.31,11,1
82000,22000,10.99,0.27,12,0
119000,22000,11.49,0.18,12,0
167000,22000,10.99,0.13,13,0
58000,21000,10.83,0.36,16,1
59000,21000,14.11,0.36,16,1
80000,21000,11.36,0.26,12,0
92000,21000,11.63,0.23,15,0
110000,21000,11.11,0.19,16,0
19404,6000,11.14,0.31,13,1
200000,21000,10.37,0.1,11,0
69996,20400,10.37,0.29,14,0
69996,20400,13.06,0.29,11,0
20000,3000,12.69,0.15,17,0
45000,20000,11.36,0.44,14,1
48000,20000,13.61,0.42,14,1
50000,20000,13.85,0.4,14,1
45000,20000,12.53,0.44,14,1
20000,5000,7.14,0.25,15,0
45996,20000,14.61,0.43,11,1
20112,3900,5.99,0.19,12,0
62400,20000,12.68,0.32,13,1
64700,20000,11.11,0.31,13,1
65000,20000,10.74,0.31,17,1
65000,20000,10.25,0.31,16,1
65004,20000,15.33,0.31,15,1
66690,20000,14.59,0.3,14,0
21000,3000,13.43,0.14,17,0
72000,20000,12.69,0.28,14,0
21408,1500,11.12,0.07,14,0
75000,20000,11.14,0.27,11,0
21600,6000,6.03,0.28,12,0
76464,20000,13.22,0.26,12,0
76500,20000,11.99,0.26,17,0
21600,4750,15.23,0.22,16,0
21600,2100,8.49,0.1,12,0
21600,3500,13.61,0.16,12,0
84000,20000,9.64,0.24,16,1
73100,20000,14.54,0.23,11,1
92000,20000,14.46,0.22,15,1
110000,20000,6.91,0.18,13,0
110000,20000,10.38,0.18,16,0
108000,20000,16.32,0.19,15,1
120000,20000,13.47,0.17,11,0
23000,6400,8.9,0.28,14,0
23000,7000,7.29,0.3,15,0
14400,1000,9.25,0.07,11,0
23868,7750,12.53,0.32,14,1
24000,6200,10.65,0.26,16,0
103000,18550,7.88,0.18,12,0
45000,18200,10.83,0.4,14,1
58000,18200,10.99,0.31,11,1
50000,18000,14.35,0.36,16,1
24000,4000,13.49,0.17,13,0
48500,18000,13.85,0.37,15,1
55000,18000,7.88,0.33,14,1
70000,18000,11.14,0.26,14,0
24000,7750,15.58,0.32,13,0
24000,4000,14.72,0.17,15,0
77000,18000,10.65,0.23,11,0
62900,18000,17.27,0.24,14,1
81000,18000,10.59,0.22,16,0
82000,18000,13.22,0.22,17,0
82500,18000,7.51,0.22,16,0
85000,18000,11.48,0.21,13,0
90000,18000,13.11,0.2,12,0
125000,18000,11.11,0.14,11,0
130000,18000,11.71,0.14,14,0
24000,5000,14.74,0.21,15,0
168000,18000,17.93,0.11,11,1
24000,1500,9.63,0.06,16,0
85000,17500,13.49,0.21,17,0
51000,17000,10.38,0.33,11,1
70000,17000,11.71,0.24,16,0
72194,17000,8.88,0.24,15,0
75000,17000,7.9,0.23,15,0
95000,17000,10.0,0.18,15,0
86400,16875,7.51,0.2,14,0
47000,16500,7.9,0.35,16,1
72000,16500,13.61,0.23,11,0
92000,16500,12.69,0.18,15,0
36000,16000,11.49,0.44,13,1
45000,16000,12.99,0.36,14,1
25000,3000,8.7,0.12,12,0
44000,16000,14.65,0.36,11,1
25200,8700,12.23,0.35,14,1
54000,16000,12.87,0.3,14,1
60000,16000,13.22,0.27,14,0
65000,16000,11.83,0.25,16,0
67000,16000,10.99,0.24,16,0
70000,16000,7.9,0.23,14,0
70000,16000,11.99,0.23,12,0
71004,16000,9.25,0.23,17,0
69000,16000,14.96,0.23,12,1
22000,1000,7.29,0.05,13,0
25000,1000,8.0,0.04,16,0
26000,6000,8.59,0.23,12,0
27600,1000,11.49,0.04,12,0
35000,1000,7.9,0.03,12,0
38400,1000,14.72,0.03,12,0
39960,1000,15.23,0.03,14,0
44000,1000,5.42,0.02,13,0
42000,1000,7.51,0.02,14,1
61000,1000,9.45,0.02,17,0
26400,6000,12.21,0.23,16,1
26500,6200,6.03,0.23,16,0
26748,4000,7.88,0.15,12,0
26880,4500,7.66,0.17,11,0
16800,1200,13.06,0.07,15,0
17112,1200,7.66,0.07,14,0
18300,1200,14.74,0.07,11,1
19200,1200,9.62,0.06,14,0
29000,1200,12.42,0.04,15,0
27000,6000,7.14,0.22,15,0
57000,1200,15.99,0.02,12,0
85000,1200,8.9,0.01,13,0
27012,6000,5.99,0.22,13,1
27040,6925,9.99,0.26,15,0
27040,4800,8.59,0.18,17,0
37500,1375,6.91,0.04,11,0
27500,4700,13.92,0.17,13,0
27340,1500,12.99,0.05,15,0
29004,1500,7.51,0.05,15,0
30132,1500,12.98,0.05,14,0
30996,1500,13.72,0.05,14,1
29000,1500,10.39,0.05,15,1
35004,1500,7.37,0.04,12,0
35400,1500,12.87,0.04,14,0
33500,1500,14.74,0.04,11,1
28000,3075,15.62,0.11,12,1
39000,1500,10.36,0.04,16,1
49788,1500,9.32,0.03,16,0
51600,1500,11.86,0.03,11,0
52000,1500,8.94,0.03,13,0
28000,3500,8.94,0.13,12,0
28000,7500,7.74,0.27,16,0
55000,1500,5.99,0.03,15,0
63000,1500,8.0,0.02,17,0
74600,1500,13.61,0.02,13,0
80000,1500,11.49,0.02,16,0
89004,1500,11.36,0.02,14,0
90000,1500,14.27,0.02,14,0
28500,1800,6.76,0.06,12,0
14000,1700,13.16,0.12,13,0
27000,1700,6.99,0.06,15,0
28650,8000,10.37,0.28,14,0
44000,1700,10.59,0.04,17,1
19200,1800,11.99,0.09,13,0
27000,1800,11.36,0.07,11,0
45000,1800,14.27,0.04,15,0
28800,5375,11.11,0.19,13,0
28800,4000,6.54,0.14,17,0
50400,1800,8.9,0.04,11,0
51000,1800,7.51,0.04,14,0
40000,1950,11.86,0.05,17,0
90000,1950,12.42,0.02,15,0
12000,2000,10.65,0.17,11,1
15000,2000,12.84,0.13,14,0
18000,2000,7.29,0.11,11,0
18996,2000,7.88,0.11,12,0
19200,2000,8.49,0.1,12,0
19632,2000,13.47,0.1,12,0
29004,5000,7.88,0.17,11,0
29004,10000,11.58,0.34,11,0
24000,2000,10.99,0.08,11,0
29280,1800,7.37,0.06,11,0
24000,2000,7.75,0.08,17,1
29500,1250,11.83,0.04,15,0
26500,2000,13.16,0.08,16,0
29894,8000,9.63,0.27,17,0
30000,2100,12.42,0.07,14,0
102000,15000,8.94,0.15,12,0
102000,15000,13.22,0.15,17,0
108000,15000,13.57,0.14,12,0
30000,4800,16.29,0.16,11,0
120000,15000,12.99,0.13,15,0
30000,10375,8.9,0.35,13,0
63000,14900,9.63,0.24,13,0
30123,2000,14.26,0.07,12,0
32496,2000,10.99,0.06,12,1
33000,2000,16.89,0.06,14,1
30000,1000,15.23,0.03,11,0
60000,2000,12.53,0.03,17,0
65000,2000,7.9,0.03,14,0
69000,2000,8.9,0.03,17,0
85000,2000,6.62,0.02,14,0
30000,5000,13.43,0.17,11,0
34800,2100,14.72,0.06,13,0
54000,2225,10.59,0.04,14,1
52500,2250,5.42,0.04,14,0
30000,2300,14.79,0.08,15,0
30000,3050,7.88,0.1,14,0
22000,2350,14.17,0.11,16,0
40080,2350,7.88,0.06,12,0
15864,2375,11.11,0.15,12,0
13440,2400,17.49,0.18,11,1
15000,2400,9.91,0.16,17,1
30000,7200,14.96,0.24,11,1
21996,2400,14.11,0.11,11,0
24500,2400,11.71,0.1,11,0
32280,2400,8.88,0.07,17,0
38568,2400,18.39,0.06,12,0
45000,2400,9.91,0.05,16,0
57110,2400,10.0,0.04,15,0
100000,2400,9.99,0.02,16,0
30480,1200,11.99,0.04,15,0
100000,13500,8.9,0.14,17,0
201000,13500,11.49,0.07,14,0
62692,13200,9.88,0.21,11,0
31000,7200,11.99,0.23,17,0
63000,13050,11.48,0.21,15,0
36000,13000,12.73,0.36,16,1
31200,5850,13.49,0.19,11,0
31200,3000,9.99,0.1,16,0
22178,2500,5.99,0.11,11,0
26568,2500,10.37,0.09,14,0
31000,2500,8.9,0.08,13,0
32004,2500,7.49,0.08,17,1
36000,2500,9.76,0.07,15,0
32000,5300,10.65,0.17,13,0
48000,2500,9.62,0.05,12,0
32000,12000,10.37,0.38,11,0
32000,5000,8.88,0.16,13,0
60072,2500,11.49,0.04,16,1
68000,2500,7.88,0.04,12,0
72000,2500,15.05,0.03,11,0
80000,2500,10.99,0.03,13,0
117300,2500,7.29,0.02,11,1
24000,2800,7.88,0.12,14,0
19200,2950,16.49,0.15,12,1
10800,3000,16.77,0.28,11,1
32400,8000,15.99,0.25,11,0
32400,6600,13.24,0.2,11,0
18000,3000,13.23,0.17,14,1
32642,8500,11.49,0.26,12,0
21600,3000,14.09,0.14,13,1
21600,3000,12.18,0.14,16,0
30000,3000,12.23,0.1,16,0
30000,3000,10.38,0.1,11,0
30000,3000,11.03,0.1,13,0
31200,3000,12.42,0.1,12,0
32000,3000,6.99,0.09,12,0
30000,3000,12.99,0.1,11,1
30132,3000,13.85,0.1,14,1
40000,3000,11.71,0.07,15,0
46000,3000,11.71,0.07,17,0
33600,3000,8.49,0.09,14,0
47004,3000,11.49,0.06,13,0
33600,10000,5.42,0.3,12,0
48000,3000,6.99,0.06,14,0
49000,3000,7.51,0.06,13,0
50000,3000,11.26,0.06,11,0
50000,3000,11.58,0.06,14,0
48686,12000,13.99,0.25,11,0
33888,7000,7.49,0.21,13,0
50000,12000,11.71,0.24,15,0
34000,5000,10.65,0.15,11,0
50400,12000,12.87,0.24,13,0
51500,12000,12.53,0.23,15,0
52000,12000,11.99,0.23,14,0
53000,12000,7.88,0.23,11,0
54000,12000,10.62,0.22,14,0
55000,12000,9.91,0.22,12,0
49000,12000,14.59,0.24,14,1
55000,12000,12.53,0.22,15,0
34000,5200,9.76,0.15,16,0
55200,12000,11.71,0.22,15,0
56500,12000,10.37,0.21,14,0
53000,3000,9.32,0.06,15,0
54000,3000,8.94,0.06,14,0
34800,6250,7.49,0.18,16,0
55000,3000,10.2,0.05,15,0
57000,3000,10.0,0.05,14,0
58752,3000,10.01,0.05,16,0
54000,3000,16.89,0.06,15,1
60000,3000,12.53,0.05,11,0
35000,5600,10.65,0.16,13,0
62000,3000,8.9,0.05,12,0
64200,3000,7.74,0.05,13,0
64680,3000,12.53,0.05,14,0
65000,3000,10.99,0.05,14,0
35000,7500,16.29,0.21,16,0
35000,16000,8.9,0.46,11,0
35000,4800,7.51,0.14,14,0
69996,3000,10.75,0.04,15,0
29000,4000,8.49,0.14,13,1
74500,3000,14.27,0.04,15,0
79272,3000,5.79,0.04,11,0
85000,3000,13.49,0.04,17,0
88000,3000,7.4,0.03,15,0
94000,3000,10.99,0.03,16,0
97000,3000,9.25,0.03,17,0
35000,4000,10.37,0.11,17,0
35000,1500,13.06,0.04,12,0
65000,3100,13.49,0.05,12,0
50000,3125,13.47,0.06,14,0
53000,3150,15.27,0.06,12,0
35000,1500,10.38,0.04,16,0
33888,3200,12.86,0.09,16,0
42000,3200,12.18,0.08,16,0
88000,3200,10.99,0.04,13,0
35000,2000,7.37,0.06,14,0
23004,3250,15.21,0.14,12,0
28800,3250,14.72,0.11,16,0
125000,3250,7.49,0.03,16,0
35820,3275,8.88,0.09,11,0
35004,3300,6.39,0.09,13,0
55000,3325,16.89,0.06,14,0
35100,4650,7.88,0.13,17,0
35256,5000,5.99,0.14,11,0
35300,10000,10.25,0.28,13,0
29000,3450,8.0,0.12,17,0
16107,3500,10.36,0.22,14,1
20640,3500,12.61,0.17,16,0
35010,3500,12.68,0.1,16,0
36000,7125,7.9,0.2,12,0
37000,3500,12.87,0.09,13,0
36000,5000,9.91,0.14,17,0
38400,3500,12.99,0.09,15,0
39000,3500,13.11,0.09,13,0
36000,2500,7.9,0.07,12,0
36000,15000,7.9,0.42,12,0
36000,12000,6.03,0.33,13,0
43000,3500,11.83,0.08,12,0
36000,8000,6.99,0.22,15,0
44000,3500,13.61,0.08,15,0
36000,9000,7.49,0.25,17,0
53000,3500,9.32,0.07,17,0
36000,6000,13.99,0.17,16,0
30000,4500,15.62,0.15,15,1
36000,12000,13.99,0.33,12,0
30500,3600,7.68,0.12,13,0
35496,3600,10.37,0.1,12,0
36000,1000,7.51,0.03,14,0
37200,11000,12.73,0.3,12,0
38000,11000,10.37,0.29,11,0
36000,8000,7.88,0.22,15,0
48000,11000,7.66,0.23,15,0
36000,1000,11.48,0.03,15,0
42000,11000,13.55,0.26,12,1
36000,12000,9.63,0.33,15,0
60000,11000,9.91,0.18,13,0
62000,11000,8.07,0.18,16,0
61000,11000,16.02,0.18,15,1
70000,11000,7.29,0.16,16,0
36156,8500,12.21,0.24,16,0
108000,11000,13.49,0.1,12,0
96050,11000,16.77,0.1,16,1
47908,10950,5.99,0.23,13,0
55000,10900,12.42,0.2,13,0
124800,10875,7.14,0.09,14,0
38400,10850,10.99,0.28,14,0
35000,10825,10.65,0.31,12,1
30000,10800,12.21,0.36,14,1
33000,10800,14.96,0.33,15,1
56004,10800,10.36,0.19,11,0
60000,10800,10.74,0.18,11,0
69350,10800,5.42,0.16,13,0
70000,10800,12.21,0.15,16,0
77000,10800,7.14,0.14,17,0
119000,10800,7.49,0.09,13,0
41000,10750,15.37,0.26,14,0
37000,4000,10.59,0.11,12,0
37000,6000,12.99,0.16,11,0
117000,10625,11.14,0.09,13,0
37000,7000,6.91,0.19,13,0
51504,10500,12.53,0.2,17,0
37000,7400,8.0,0.2,13,0
36000,10400,7.66,0.29,14,0
90000,10400,11.49,0.12,14,0
42500,3600,7.88,0.08,12,0
37400,6250,6.0,0.17,14,0
37440,10000,11.14,0.27,11,0
54250,3600,10.0,0.07,14,0
37500,5000,11.49,0.13,16,0
60000,3600,5.99,0.06,11,0
37500,12000,13.47,0.32,16,1
37500,10000,9.32,0.27,12,0
68480,3600,15.23,0.05,15,0
74000,3600,15.62,0.05,12,1
36996,3800,12.53,0.1,15,0
60000,3800,10.37,0.06,14,0
32000,10000,10.59,0.31,12,1
85000,3825,5.42,0.04,15,0
13273,3850,9.99,0.29,12,1
12360,4000,9.99,0.32,13,1
17600,4000,16.0,0.23,11,1
19200,4000,10.0,0.21,15,1
21600,4000,7.51,0.19,14,0
22000,4000,10.0,0.18,17,0
22000,4000,12.68,0.18,12,0
24000,4000,16.07,0.17,14,1
38268,8400,12.18,0.22,11,0
26280,4000,9.99,0.15,17,0
38400,7000,7.9,0.18,13,0
27600,4000,11.86,0.14,12,0
38400,6825,8.9,0.18,12,0
28800,4000,10.74,0.14,15,0
29536,4000,11.89,0.14,17,0
30000,4000,10.74,0.13,12,0
38400,10000,6.17,0.26,13,0
31200,4000,14.96,0.13,17,0
32004,4000,14.35,0.12,13,0
38500,3500,13.98,0.09,17,0
34000,4000,14.59,0.12,11,1
34800,4000,13.49,0.11,15,0
36000,4000,15.2,0.11,12,0
39000,8000,9.99,0.21,16,0
39996,4000,10.99,0.1,11,0
40000,4000,11.49,0.1,12,0
39000,5600,8.59,0.14,11,0
35000,4000,9.32,0.11,16,1
42000,4000,13.43,0.1,14,0
39480,8000,8.49,0.2,13,0
43000,4000,13.23,0.09,16,0
43000,4000,13.92,0.09,14,0
39500,10000,7.29,0.25,11,0
39520,5000,5.79,0.13,16,0
49000,4000,9.25,0.08,13,0
39700,15000,13.23,0.38,11,0
50000,4000,7.88,0.08,12,0
50004,4000,7.68,0.08,11,0
39960,5600,6.54,0.14,16,0
45000,4000,11.49,0.09,15,1
51000,4000,11.12,0.08,14,0
39996,2500,5.42,0.06,12,0
55000,4000,6.03,0.07,12,0
61260,4000,14.82,0.07,12,0
73000,4000,11.12,0.05,16,0
74000,4000,11.26,0.05,14,0
40000,17500,7.9,0.44,12,0
75000,4000,16.29,0.05,12,0
76000,4000,17.39,0.05,13,1
40000,8000,6.62,0.2,13,0
28800,4200,14.72,0.15,16,1
50000,4350,10.99,0.09,15,0
40000,9000,7.49,0.23,16,0
34000,8000,15.62,0.24,11,1
40000,14000,10.99,0.35,16,0
40000,16000,10.99,0.4,15,0
20004,4375,10.74,0.22,17,0
24000,4400,14.09,0.18,14,1
53976,4400,15.62,0.08,11,1
40000,4000,18.07,0.1,14,0
40000,6000,8.49,0.15,17,0
40000,1000,10.37,0.03,16,0
32000,4500,7.51,0.14,12,0
35004,4500,12.68,0.13,13,0
40000,12000,6.91,0.3,11,0
35000,4500,14.59,0.13,11,1
42000,4500,6.62,0.11,11,0
40000,1500,10.36,0.04,16,0
45600,4500,11.86,0.1,16,0
50000,4500,10.74,0.09,16,0
40000,5000,7.88,0.13,12,0
52000,4500,11.99,0.09,11,0
53000,4500,6.03,0.08,16,0
65000,4500,13.43,0.07,12,0
67000,4500,5.42,0.07,13,0
84998,4500,10.99,0.05,14,0
110000,4500,13.49,0.04,11,0
35880,4600,12.23,0.13,13,0
45840,4600,10.99,0.1,16,0
40000,8000,7.88,0.2,14,0
40000,6000,7.74,0.15,11,0
40000,4000,12.21,0.1,13,0
24000,4800,7.49,0.2,16,0
30960,4800,11.49,0.16,16,0
40000,5000,8.0,0.13,16,0
33600,4800,8.49,0.14,11,0
40008,12000,11.71,0.3,15,0
40246,12000,8.9,0.3,15,0
36000,4800,10.75,0.13,14,0
40320,15000,16.07,0.37,14,0
40452,4000,11.71,0.1,17,0
40500,7475,5.42,0.18,13,0
40800,2875,11.99,0.07,14,0
40800,4000,13.49,0.1,14,0
40800,7200,16.32,0.18,11,0
40800,10400,7.51,0.25,14,0
40800,3500,8.59,0.09,14,0
55000,4800,8.9,0.09,13,0
60000,4800,12.12,0.08,16,0
56000,4800,16.7,0.09,12,1
64000,4800,12.73,0.07,16,0
59000,4800,14.54,0.08,14,1
41000,10000,10.99,0.24,12,0
41000,6250,10.62,0.15,17,0
80000,4800,7.88,0.06,15,0
92000,4800,7.88,0.05,17,0
41000,6000,13.22,0.15,16,0
41000,6000,12.53,0.15,11,0
107473,4800,12.23,0.04,11,0
41004,10000,11.99,0.24,14,0
95000,10000,7.88,0.11,13,0
83400,10000,16.4,0.12,14,1
96000,10000,19.04,0.1,14,0
100000,10000,13.55,0.1,13,0
112000,10000,11.26,0.09,15,0
103000,10000,15.62,0.1,12,1
115000,10000,10.37,0.09,17,0
117000,10000,7.66,0.09,11,0
41869,8000,7.14,0.19,15,0
120000,10000,11.49,0.08,14,0
120000,10000,10.28,0.08,12,0
121200,10000,6.03,0.08,13,0
126000,10000,6.91,0.08,17,0
135000,10000,7.74,0.07,13,0
42000,12000,6.03,0.29,15,0
36000,4000,6.62,0.11,16,1
42000,3000,8.9,0.07,15,0
166000,10000,7.88,0.06,17,0
73000,9975,16.29,0.14,16,1
55200,9900,14.84,0.18,13,1
42000,7775,5.99,0.19,16,0
42000,5600,9.99,0.13,14,0
42000,6000,10.59,0.14,13,0
42000,3000,15.23,0.07,11,0
67000,9800,16.29,0.15,14,0
42000,4500,12.99,0.11,12,0
42000,2000,15.62,0.05,13,0
70000,4900,12.18,0.07,15,0
42000,5000,8.49,0.12,11,0
55000,4975,12.21,0.09,11,0
28000,5000,12.99,0.18,13,0
28500,5000,5.42,0.18,15,0
42000,4000,10.74,0.1,12,0
30000,5000,13.61,0.17,11,0
30000,5000,13.98,0.17,11,0
30000,5000,11.14,0.17,17,0
42000,13200,6.17,0.31,14,0
30000,5000,12.84,0.17,15,0
32000,5000,13.98,0.16,15,0
32000,5000,9.32,0.16,12,0
32004,5000,10.62,0.16,15,0
42000,8000,10.38,0.19,17,0
42000,10000,14.84,0.24,13,0
34000,5000,5.79,0.15,12,0
34800,5000,11.99,0.14,14,0
42000,16750,10.99,0.4,12,0
29000,5000,16.49,0.17,13,1
35000,5000,9.99,0.14,14,0
42000,7800,12.53,0.19,13,0
29000,5000,16.45,0.17,13,1
35000,5000,15.37,0.14,14,0
35028,5000,13.47,0.14,17,0
35827,5000,10.75,0.14,16,0
36000,5000,10.37,0.14,16,0
37200,5000,9.99,0.13,11,0
42320,7475,13.49,0.18,15,0
39500,5000,13.22,0.13,14,0
34000,5000,8.49,0.15,15,1
40000,5000,6.17,0.13,12,0
40000,5000,12.61,0.13,13,0
40000,5000,12.18,0.13,12,0
42996,8400,13.49,0.2,12,0
41500,5000,7.29,0.12,16,0
42000,5000,7.49,0.12,15,0
43000,8250,7.51,0.19,12,0
43000,3600,13.49,0.08,15,0
37200,5000,15.62,0.13,15,1
43000,15000,8.88,0.35,12,0
45000,5000,12.68,0.11,13,0
43000,10000,7.51,0.23,12,0
45600,5000,6.17,0.11,14,0
43000,6250,7.68,0.15,14,0
43000,2500,12.84,0.06,14,0
47000,5000,7.51,0.11,11,0
41496,5000,15.31,0.12,16,1
48000,5000,13.43,0.1,14,0
43200,13750,14.84,0.32,13,0
48500,5000,10.99,0.1,13,0
56000,9000,5.99,0.16,16,0
43680,15000,13.11,0.34,15,0
43776,6000,7.88,0.14,15,0
54000,9000,15.65,0.17,16,1
44000,5000,7.49,0.11,13,0
44000,10000,9.63,0.23,17,0
65000,9000,6.91,0.14,15,0
44000,8000,9.63,0.18,17,0
44000,10000,10.38,0.23,14,0
70000,9000,12.87,0.13,14,0
74000,9000,12.84,0.12,12,0
44000,4000,11.14,0.09,16,0
44000,8000,9.32,0.18,15,0
44000,2500,7.68,0.06,15,0
44000,7000,9.76,0.16,12,0
85000,9000,11.89,0.11,11,0
86000,9000,12.87,0.1,13,1
108000,9000,11.86,0.08,12,1
133000,9000,13.85,0.07,12,0
244000,9000,13.61,0.04,11,0
32400,8875,16.29,0.27,16,1
38200,8875,19.03,0.23,11,0
44782,6000,13.67,0.13,12,0
31824,8800,15.62,0.28,11,1
45000,15625,8.9,0.35,13,0
45000,11200,6.62,0.25,12,0
50000,5000,11.49,0.1,12,0
44000,5000,13.22,0.11,13,1
45000,10800,6.03,0.24,14,0
44000,5000,15.65,0.11,14,1
50000,5000,11.89,0.1,12,0
45000,3600,6.62,0.08,13,0
45000,14000,6.62,0.31,12,0
24000,8500,7.49,0.35,12,1
45000,3000,7.9,0.07,15,0
26000,8500,10.62,0.33,14,1
43000,8500,8.88,0.2,11,0
64777,8500,7.51,0.13,13,0
68000,8500,10.37,0.13,12,0
46000,5000,10.38,0.11,14,1
52000,5000,7.88,0.1,13,0
53000,5000,10.74,0.09,12,0
45000,12250,6.54,0.27,16,0
45000,5700,6.91,0.13,11,0
54996,5000,13.47,0.09,14,0
45000,7000,7.14,0.16,14,0
45000,2000,11.49,0.04,17,0
45000,6375,7.51,0.14,16,0
58000,5000,6.62,0.09,16,0
45000,12000,14.72,0.27,15,0
52106,5000,12.84,0.1,17,1
58500,5000,7.49,0.09,11,0
60000,5000,14.79,0.08,17,0
45000,2000,9.88,0.04,12,0
60000,5000,6.17,0.08,13,0
60000,5000,15.31,0.08,16,0
63000,5000,10.2,0.08,16,0
64000,5000,7.88,0.08,16,0
65000,5000,9.63,0.08,16,0
65000,5000,9.62,0.08,16,0
59000,5000,14.84,0.08,14,1
65000,5000,8.0,0.08,15,0
68000,5000,13.49,0.07,11,0
45000,8000,14.74,0.18,13,0
70000,5000,12.42,0.07,11,0
45000,12000,12.21,0.27,12,0
54400,5000,12.61,0.08,14,1
71015,5000,11.14,0.07,14,0
75000,5000,13.23,0.07,15,0
45000,5000,7.43,0.11,12,0
76000,5000,13.72,0.07,15,0
45344,16750,7.88,0.37,13,0
84000,5000,10.0,0.06,16,0
45600,5000,7.9,0.11,16,0
45600,7000,6.62,0.15,17,0
45600,10000,13.49,0.22,16,0
87000,5000,13.98,0.06,14,0
90000,5000,8.49,0.06,15,0
45600,18000,6.91,0.39,11,0
90000,5000,14.26,0.06,13,0
94000,5000,15.33,0.05,16,0
95000,5000,13.48,0.05,16,0
98000,5000,15.96,0.05,13,0
98760,5000,14.84,0.05,14,0
45760,9600,7.51,0.21,17,0
100000,5000,7.66,0.05,11,0
45996,6000,9.25,0.13,16,0
45996,6300,7.51,0.14,14,0
108000,5000,15.21,0.05,17,1
46000,10000,7.9,0.22,14,0
46000,7700,11.71,0.17,17,0
26000,5200,13.43,0.2,15,0
46000,8000,5.42,0.17,15,0
40000,5200,6.62,0.13,17,0
46000,8600,14.09,0.19,12,0
46000,5000,10.75,0.11,14,0
28584,5400,13.47,0.19,11,0
28800,5400,10.37,0.19,15,0
46150,6500,6.03,0.14,15,0
34500,5400,12.61,0.16,13,1
54000,5400,13.99,0.1,17,1
40680,8000,15.21,0.2,13,1
21000,5500,5.79,0.26,14,0
46996,13750,13.98,0.29,13,0
47000,7200,7.51,0.15,16,0
28800,5500,6.03,0.19,15,0
30000,5500,8.9,0.18,11,0
47000,7500,6.62,0.16,12,0
30000,5500,14.74,0.18,12,0
30996,5500,12.53,0.18,15,0
47000,11000,8.9,0.23,16,0
34000,5500,12.29,0.16,17,0
48000,5500,12.61,0.11,17,0
50000,5500,6.54,0.11,13,0
47000,7500,11.12,0.16,13,0
50000,5500,8.32,0.11,16,0
47000,6000,7.14,0.13,15,0
47000,10000,7.88,0.21,16,0
47000,5500,7.14,0.12,16,0
47000,14000,7.88,0.3,12,0
54000,5500,13.23,0.1,12,1
60070,5500,14.22,0.09,17,0
63000,5500,7.51,0.09,13,0
79600,5500,7.88,0.07,11,0
47471,5000,7.51,0.11,14,0
47500,2700,5.79,0.06,14,0
30000,5600,9.99,0.19,15,1
35000,5600,11.11,0.16,11,0
38004,5600,11.58,0.15,17,0
48000,7000,7.9,0.15,15,0
52800,5600,10.99,0.11,14,0
48000,7800,10.65,0.16,12,0
48000,2500,6.03,0.05,11,0
48000,1500,8.9,0.03,16,0
48000,5000,10.65,0.1,16,0
73000,5600,15.27,0.08,11,1
48000,10400,5.99,0.22,17,0
137004,5600,8.59,0.04,11,0
39996,5700,7.29,0.14,13,0
48000,5000,9.99,0.1,15,0
85000,5750,12.99,0.07,15,0
48000,3000,5.42,0.06,11,0
39000,5800,14.54,0.15,15,1
48000,18000,8.49,0.38,11,0
48000,6200,7.29,0.13,14,0
23500,5850,15.2,0.25,12,0
44000,5850,9.99,0.13,13,0
48000,4500,5.42,0.09,14,0
119000,5900,6.17,0.05,14,0
35427,5950,11.72,0.17,11,0
48000,6500,7.29,0.14,11,0
42000,3000,6.17,0.07,13,1
18720,6000,15.99,0.32,12,1
20400,6000,15.27,0.29,13,0
48000,8000,15.95,0.17,11,0
48000,3500,7.88,0.07,15,0
48000,3500,14.35,0.07,12,0
48000,7600,7.88,0.16,11,0
24000,6000,11.49,0.25,17,0
48000,16750,10.62,0.35,12,0
25200,6000,14.59,0.24,12,1
42000,14400,12.87,0.34,17,1
27052,6000,10.37,0.22,12,0
48000,17500,12.18,0.36,15,0
48000,8000,9.63,0.17,13,0
28800,6000,15.96,0.21,12,0
48000,10000,9.63,0.21,14,0
30000,6000,12.42,0.2,12,1
30000,6000,10.75,0.2,14,0
30840,6000,10.59,0.19,13,0
48279,4800,13.98,0.1,13,0
48500,6000,7.88,0.12,12,0
32000,6000,11.36,0.19,16,1
33000,6000,15.62,0.18,14,1
48840,15000,9.88,0.31,15,0
34000,6000,7.9,0.18,11,0
34000,6000,13.57,0.18,16,0
48996,5000,7.29,0.1,12,0
49000,7250,11.99,0.15,11,0
49000,4200,16.02,0.09,13,0
36000,6000,8.49,0.17,14,0
49200,3600,16.29,0.07,14,0
36400,6000,12.87,0.16,17,0
37008,6000,14.79,0.16,14,0
38000,6000,15.33,0.16,16,0
49510,4000,10.62,0.08,14,0
49578,16000,13.49,0.32,13,0
38160,6000,12.61,0.16,17,0
32400,6000,7.9,0.19,15,1
33564,6000,16.29,0.18,15,1
49853,12000,13.3,0.24,11,0
49901,8400,13.61,0.17,12,0
40000,6000,14.54,0.15,16,0
50000,5000,7.51,0.1,16,0
41280,6000,13.61,0.15,17,0
43200,6000,5.42,0.14,11,0
44000,6000,9.63,0.14,14,0
44500,6000,7.88,0.13,17,0
45000,6000,11.71,0.13,12,0
45000,6000,9.99,0.13,12,0
45000,6000,12.61,0.13,17,0
50000,10000,6.03,0.2,13,0
46000,6000,11.49,0.13,13,0
50000,8400,6.03,0.17,11,0
50000,3200,7.51,0.06,17,0
46500,6000,6.99,0.13,11,0
48000,6000,11.14,0.13,13,0
42000,6000,17.58,0.14,12,1
48000,6000,10.08,0.13,13,0
50000,6000,11.99,0.12,17,0
50000,2325,6.99,0.05,17,0
50000,6000,8.88,0.12,17,0
50000,6000,10.71,0.12,11,0
50004,6000,13.79,0.12,11,0
50000,5000,10.0,0.1,16,0
52000,6000,10.99,0.12,16,0
52000,6000,9.99,0.12,12,0
50000,5000,9.63,0.1,16,0
55000,6000,12.99,0.11,13,0
49000,6000,14.09,0.12,11,1
50000,5000,13.35,0.1,12,0
55182,6000,6.99,0.11,13,0
44000,5000,12.23,0.11,12,1
50000,20000,6.17,0.4,12,0
57000,6000,10.75,0.11,13,0
57996,6000,8.59,0.1,12,0
59000,6000,5.99,0.1,12,0
60000,6000,15.27,0.1,14,0
60000,6000,13.57,0.1,15,0
50000,10000,11.86,0.2,11,0
50000,5000,6.76,0.1,12,0
31000,7100,8.9,0.23,12,0
50000,16000,13.48,0.32,15,0
50000,12250,12.73,0.24,12,0
24000,7000,6.92,0.29,14,0
50000,6000,14.96,0.12,16,0
65000,6000,12.69,0.09,13,0
50000,15850,14.26,0.32,17,0
50000,3000,15.05,0.06,12,0
66000,6000,11.89,0.09,11,0
66500,6000,10.25,0.09,15,0
50000,15200,12.21,0.3,15,0
50000,8000,7.68,0.16,14,0
70000,6000,8.49,0.09,12,0
70000,6000,5.79,0.09,16,0
70000,6000,7.29,0.09,15,0
70000,6000,8.94,0.09,12,0
71599,6000,9.63,0.08,17,0
50000,10000,9.07,0.2,15,0
72000,6000,12.42,0.08,17,0
56100,6000,16.49,0.09,14,1
44000,9400,13.3,0.21,15,1
74568,6000,14.26,0.08,17,0
44004,1800,10.0,0.04,13,1
60520,6000,15.33,0.08,15,1
78000,6000,6.99,0.08,15,0
78000,6000,9.63,0.08,11,0
79000,6000,10.0,0.08,16,0
50004,3000,8.59,0.06,13,0
80000,6000,11.83,0.07,12,0
80000,6000,8.94,0.07,11,0
80000,6000,12.87,0.07,16,0
50016,10400,11.58,0.21,11,0
86000,6000,14.84,0.07,13,0
86000,6000,7.14,0.07,17,0
50400,12700,7.29,0.25,13,0
105000,6000,7.14,0.06,16,0
110000,6000,8.9,0.05,14,0
160000,6000,10.65,0.04,17,0
50780,6000,10.99,0.12,17,0
51000,18000,9.91,0.35,13,0
51000,20000,8.49,0.39,14,0
25000,6200,9.91,0.25,14,1
33500,6225,14.79,0.19,17,0
51000,7000,7.88,0.14,12,0
55000,7000,16.32,0.13,13,0
51000,14500,8.94,0.28,11,0
51000,1000,11.83,0.02,12,0
51000,12800,12.84,0.25,12,0
57600,7000,7.4,0.12,11,0
57996,7000,13.61,0.12,12,0
51000,4775,11.14,0.09,14,0
51000,12000,11.34,0.24,17,0
52000,7000,13.85,0.13,11,1
60000,7000,7.88,0.12,12,0
55392,7000,15.95,0.13,15,1
51500,10875,7.49,0.21,14,0
62000,7000,10.62,0.11,14,0
51600,10000,7.51,0.19,17,0
65000,7000,7.88,0.11,11,0
51996,8500,11.49,0.16,16,0
68000,7000,7.51,0.1,11,0
73882,7000,9.91,0.09,13,0
51996,7500,10.51,0.14,15,0
75000,7000,6.92,0.09,17,0
46000,5350,15.27,0.12,12,1
52000,5000,10.99,0.1,15,0
97600,7000,8.9,0.07,13,0
52000,12000,7.29,0.23,16,0
52000,6000,8.88,0.12,16,0
175436,7000,5.99,0.04,12,0
52000,8000,15.21,0.15,13,0
52000,2275,11.86,0.04,12,0
52000,15250,11.86,0.29,12,0
52000,8000,7.51,0.15,14,0
21600,6500,8.49,0.3,12,0
52000,15250,7.88,0.29,15,0
24000,6500,7.29,0.27,13,0
28800,6500,12.69,0.23,15,0
30000,6500,10.37,0.22,11,0
30600,6500,10.65,0.21,12,0
31400,6500,9.32,0.21,16,0
52000,6000,8.59,0.12,11,0
52000,3000,9.63,0.06,15,0
52000,1500,8.32,0.03,14,0
52000,5000,10.08,0.1,12,0
42000,6500,13.99,0.15,14,0
52188,10000,5.79,0.19,17,0
52400,21000,10.38,0.4,13,0
53000,6500,7.29,0.12,17,0
55000,6500,11.03,0.12,12,0
60000,6500,11.11,0.11,13,0
52660,15000,13.16,0.28,13,0
75000,6500,7.9,0.09,15,0
46800,2800,7.51,0.06,12,1
52800,2800,6.76,0.05,14,0
26240,6600,11.49,0.25,15,0
52479,6600,14.54,0.13,13,1
89532,6600,12.53,0.07,12,0
29000,6725,8.88,0.23,16,0
50760,6725,16.45,0.13,11,0
37500,6750,6.91,0.18,16,0
53000,3000,10.62,0.06,17,0
47000,4900,14.11,0.1,11,1
21120,6400,11.14,0.3,14,0
53532,4000,5.42,0.07,11,0
53712,4000,13.43,0.07,12,0
31200,6400,11.49,0.21,15,0
53808,15000,11.71,0.28,17,0
32000,6400,7.49,0.2,16,0
35000,6400,8.9,0.18,14,0
54000,9000,11.71,0.17,12,0
54000,6000,13.49,0.11,11,0
51000,6400,16.89,0.13,13,0
54000,2000,5.99,0.04,16,0
60000,6400,9.64,0.11,12,0
80000,6400,11.71,0.08,11,0
80000,6400,13.16,0.08,11,0
54000,5000,5.42,0.09,13,0
54000,6000,6.17,0.11,14,0
112455,6400,9.99,0.06,16,0
48000,9000,15.21,0.19,15,1
48000,1500,13.92,0.03,13,1
54000,4000,11.58,0.07,11,0
54196,4500,11.49,0.08,14,0
48257,7000,15.21,0.15,17,1
54500,7700,6.91,0.14,17,0
54996,7000,6.92,0.13,13,0
54996,5500,7.51,0.1,11,0
54996,9000,10.38,0.16,16,0
37200,7000,9.32,0.19,16,0
37800,7000,11.49,0.19,11,0
55000,16500,12.69,0.3,11,0
55000,5000,9.91,0.09,14,0
55000,10000,6.03,0.18,17,0
41000,7000,9.63,0.17,14,0
55000,15600,7.9,0.28,15,0
42000,7000,6.62,0.17,16,0
42000,7000,14.96,0.17,16,0
55000,12000,6.62,0.22,15,0
55000,10000,5.42,0.18,16,0
43000,7000,7.43,0.16,13,0
38000,7000,15.99,0.18,16,1
44000,7000,8.0,0.16,11,0
55000,6000,5.42,0.11,14,0
45000,7000,9.91,0.16,12,0
45000,7000,12.99,0.16,14,0
45000,7000,7.49,0.16,15,0
45000,7000,5.42,0.16,12,0
55000,9000,5.99,0.16,17,0
47000,7000,13.35,0.15,13,0
55000,15000,10.37,0.27,11,0
55000,11700,7.66,0.21,15,0
50000,7000,12.87,0.14,12,0
50400,7000,11.86,0.14,11,0
52000,7000,5.99,0.13,11,0
53800,7000,9.62,0.13,15,0
55000,13000,13.98,0.24,14,0
49000,7000,10.74,0.14,16,1
55000,7000,6.92,0.13,16,0
58500,7150,15.99,0.12,16,1
60000,7175,7.9,0.12,14,0
55000,5000,7.51,0.09,11,0
55000,3600,6.39,0.07,14,0
24000,7200,10.65,0.3,14,0
25200,7200,7.29,0.29,11,0
29088,7200,11.71,0.25,17,0
55000,8000,11.36,0.15,17,0
55000,2000,12.53,0.04,11,0
55000,14000,13.22,0.25,13,0
40000,7200,10.75,0.18,17,0
45000,7200,9.63,0.16,14,0
50000,7200,13.98,0.14,15,0
49074,8000,15.68,0.16,14,1
60000,7200,5.79,0.12,11,0
55236,6500,6.03,0.12,16,0
55308,2000,11.49,0.04,15,0
66560,7200,10.0,0.11,15,0
55500,7875,11.99,0.14,12,0
55550,22500,7.49,0.41,12,0
55900,17000,8.7,0.3,12,0
49993,12600,16.89,0.25,15,1
56000,15000,6.99,0.27,14,0
95000,7375,8.94,0.08,15,0
19440,7500,9.01,0.39,11,1
56000,10000,12.73,0.18,12,0
26300,7500,13.47,0.29,12,1
56000,13000,9.63,0.23,17,0
56004,6000,11.36,0.11,13,0
35000,7500,9.99,0.21,15,0
36000,7500,11.36,0.21,13,0
36684,7500,10.96,0.2,14,0
56400,20000,13.57,0.35,12,0
38500,7500,8.49,0.19,12,0
56500,12000,7.49,0.21,17,0
56650,12000,13.72,0.21,11,0
57000,15000,17.27,0.26,16,0
57000,6300,10.99,0.11,17,0
48000,7500,16.29,0.16,14,0
48000,7500,11.49,0.16,15,0
57000,10000,7.51,0.18,12,0
55000,7500,8.9,0.14,13,0
57000,3000,9.63,0.05,14,0
51000,10000,15.68,0.2,16,1
58000,7500,12.99,0.13,17,0
58000,7500,11.03,0.13,16,0
57253,8500,5.79,0.15,11,0
57359,9000,6.92,0.16,14,0
62000,7500,11.36,0.12,16,0
64800,7500,9.63,0.12,11,0
65000,7500,12.29,0.12,13,0
67500,7500,9.88,0.11,15,0
57552,15000,9.63,0.26,12,0
57600,9000,10.99,0.16,12,0
68608,7500,10.33,0.11,15,0
80000,7500,11.49,0.09,15,0
57700,3600,6.99,0.06,14,0
95000,7500,7.51,0.08,16,0
57996,15000,9.62,0.26,12,0
57996,8000,7.88,0.14,16,0
117996,7500,13.24,0.06,14,1
128000,7500,17.49,0.06,11,1
178008,7500,11.14,0.04,11,0
58000,1800,7.51,0.03,12,0
21324,7550,14.61,0.35,13,1
58000,6400,16.29,0.11,13,0
34560,7550,16.89,0.22,14,1
52000,7000,14.65,0.13,14,1
58000,8000,18.79,0.14,12,0
80000,7600,13.49,0.1,15,0
30000,7675,16.0,0.26,16,1
63000,7700,15.23,0.12,11,0
52000,1500,11.36,0.03,17,1
58000,9000,13.22,0.16,14,0
58000,5200,12.87,0.09,11,0
58000,6300,11.03,0.11,13,0
52200,16000,15.25,0.31,11,1
102000,7800,11.99,0.08,11,0
59000,9000,7.9,0.15,16,0
53000,10000,13.98,0.19,16,1
24000,8000,13.8,0.33,12,1
59000,9000,10.25,0.15,13,0
24000,8000,13.61,0.33,14,1
25000,8000,15.65,0.32,13,1
59004,10000,7.51,0.17,15,0
59484,5500,7.14,0.09,11,0
28000,8000,7.49,0.29,11,0
59617,21000,15.62,0.35,13,0
30000,8000,14.96,0.27,15,0
31000,8000,10.38,0.26,17,0
60000,17000,14.65,0.28,14,0
32000,8000,6.62,0.25,14,0
32000,8000,10.99,0.25,12,0
60000,17050,12.69,0.28,14,0
35000,8000,13.22,0.23,14,0
30000,8000,12.18,0.27,11,1
60000,12800,6.62,0.21,14,0
30500,8000,11.11,0.26,13,1
31000,8000,14.11,0.26,12,1
54000,3500,16.89,0.06,13,1
60000,8000,5.42,0.13,13,0
60000,14400,5.42,0.24,12,0
60000,4100,13.49,0.07,11,0
60000,2700,11.99,0.04,15,0
32000,8000,14.96,0.25,17,1
33100,8000,14.26,0.24,12,1
39996,8000,7.14,0.2,16,0
60000,2000,7.49,0.03,15,0
60000,8000,10.99,0.13,13,0
42000,8000,12.69,0.19,15,0
60000,4000,10.59,0.07,12,0
60000,3600,6.99,0.06,12,0
60000,3500,12.99,0.06,14,0
43000,8000,11.49,0.19,13,0
60000,18000,10.99,0.3,11,0
44000,8000,12.53,0.18,14,0
60000,6800,17.49,0.11,14,0
60000,8000,10.37,0.13,17,0
45000,8000,10.74,0.18,17,0
39000,8000,14.84,0.21,14,1
60000,12000,7.66,0.2,15,0
45000,8000,9.63,0.18,17,0
60000,10225,17.51,0.17,13,0
60000,8850,10.37,0.15,16,0
48000,8000,5.99,0.17,15,0
60000,2500,7.29,0.04,11,0
60000,4900,14.09,0.08,12,0
50000,8000,17.49,0.16,14,0
50000,8000,7.49,0.16,16,0
50000,8000,10.99,0.16,16,0
60000,9250,5.79,0.15,17,0
50000,8000,12.84,0.16,17,0
60000,12000,6.91,0.2,13,0
50000,8000,10.14,0.16,15,0
50700,8000,10.99,0.16,17,0
60000,3850,13.35,0.06,13,0
51000,8000,13.47,0.16,13,0
60000,15000,6.91,0.25,14,0
54000,5000,13.23,0.09,12,1
60000,15000,7.88,0.25,17,0
60000,10000,7.51,0.17,14,0
49000,8000,15.31,0.16,13,1
60000,13750,7.51,0.23,12,0
57600,8000,6.03,0.14,12,0
60000,12000,12.73,0.2,15,0
54000,7750,16.07,0.14,13,1
60000,8000,10.37,0.13,16,0
60000,4800,14.59,0.08,11,0
60000,8000,9.88,0.13,14,0
61500,8000,11.48,0.13,17,0
60000,6000,14.96,0.1,14,0
60000,10000,9.88,0.17,16,0
68000,5150,7.9,0.08,14,0
20000,5075,11.48,0.25,11,1
22800,5075,10.59,0.22,12,0
54000,6000,11.83,0.11,16,1
60000,8000,13.92,0.13,15,0
15000,5000,10.59,0.33,11,1
60000,12000,8.94,0.2,15,0
60000,5000,9.32,0.08,12,0
60000,7000,7.68,0.12,15,0
60000,6000,9.32,0.1,16,0
60000,12000,9.63,0.2,13,0
21000,5000,15.21,0.24,11,0
54000,10000,14.93,0.19,11,1
24000,5000,14.65,0.21,14,0
60000,11800,8.63,0.2,12,0
60000,5000,11.72,0.08,16,0
24000,5000,10.36,0.21,17,0
60000,4800,9.64,0.08,13,0
24000,5000,11.14,0.21,12,0
24960,5000,6.62,0.2,15,0
60996,15000,9.63,0.25,14,0
54996,6000,9.76,0.11,14,1
26400,5000,10.0,0.19,11,0
61000,14000,16.29,0.23,17,0
27036,5000,11.49,0.18,11,0
27600,5000,14.59,0.18,16,1
61000,14400,7.51,0.24,17,0
62000,8000,8.49,0.13,15,0
62000,8000,9.63,0.13,11,0
61000,10000,10.25,0.16,12,0
62000,8000,11.12,0.13,13,0
61000,11600,13.48,0.19,11,0
61000,10000,13.57,0.16,15,0
61250,5200,8.49,0.08,17,0
61260,6350,7.51,0.1,14,0
65004,8000,11.83,0.12,11,0
61450,12500,7.49,0.2,16,0
68500,8000,7.51,0.12,16,0
68848,8000,9.63,0.12,16,0
61766,5500,7.14,0.09,15,0
61776,12000,12.21,0.19,12,0
56000,7000,16.29,0.13,12,1
72000,8000,7.49,0.11,17,0
62000,6000,12.99,0.1,13,0
62000,7200,7.49,0.12,12,0
75000,8000,6.54,0.11,15,0
62000,2600,7.66,0.04,14,0
74000,8000,16.89,0.11,15,1
62000,5000,7.88,0.08,14,0
62000,15000,7.88,0.24,12,0
62000,20000,10.25,0.32,14,0
87000,8000,14.65,0.09,14,0
62000,7500,8.59,0.12,14,0
87000,8000,13.11,0.09,15,0
88000,8000,10.38,0.09,12,0
62000,4800,8.0,0.08,12,0
86105,8000,6.54,0.08,17,1
108000,8000,10.46,0.07,14,1
126252,8000,7.14,0.06,11,0
116000,8000,15.27,0.07,11,1
62400,2400,7.49,0.04,14,0
62400,12000,16.89,0.19,14,0
62400,14100,12.98,0.23,14,0
62400,10000,14.61,0.16,17,0
62400,7000,19.13,0.11,12,0
40000,8050,12.98,0.2,13,0
62500,5000,8.49,0.08,15,0
56500,15000,11.14,0.27,11,1
62691,6000,13.49,0.1,13,0
63000,12000,9.91,0.19,13,0
33280,8400,13.92,0.25,11,0
36000,8400,13.22,0.23,16,0
42000,8400,13.49,0.2,15,0
57000,1500,9.62,0.03,16,1
36000,8400,16.32,0.23,15,1
42552,8400,13.49,0.2,14,0
48000,8400,12.53,0.17,17,0
44000,8400,13.57,0.19,13,1
63000,4200,7.14,0.07,13,0
63177,6250,7.49,0.1,12,0
70000,8400,7.49,0.12,15,0
63500,2400,11.36,0.04,12,0
63599,5200,7.91,0.08,14,0
73000,8550,14.3,0.12,16,1
63996,12000,10.25,0.19,17,0
65000,8700,7.88,0.13,13,0
64000,2300,6.99,0.04,12,0
54000,8725,7.29,0.16,14,0
64000,6000,7.29,0.09,14,0
45600,8775,12.36,0.19,17,0
64000,15000,7.88,0.23,17,0
58000,16000,15.33,0.28,13,1
24600,9000,10.65,0.37,14,1
27000,9000,11.11,0.33,16,1
30000,9000,12.18,0.3,17,0
64973,9000,10.59,0.14,13,0
36000,9000,12.73,0.25,17,0
36000,9000,11.83,0.25,11,0
65000,22750,8.9,0.35,12,0
65000,11000,9.91,0.17,16,0
65000,23325,15.27,0.36,14,0
65000,10000,13.49,0.15,12,0
65000,15000,7.9,0.23,14,0
65000,15000,11.71,0.23,13,0
65000,7200,16.29,0.11,17,0
44700,9000,8.59,0.2,16,0
65000,6000,7.49,0.09,17,0
44940,9000,8.94,0.2,13,0
59000,15000,17.99,0.25,12,1
45600,9000,16.29,0.2,13,0
45600,9000,10.0,0.2,12,0
48960,9000,10.99,0.18,12,0
59000,12000,15.62,0.2,12,1
45000,9000,11.71,0.2,12,1
65000,6000,15.62,0.09,14,0
65000,6500,5.79,0.1,16,0
40000,9200,7.49,0.23,13,0
44004,9200,12.84,0.21,13,1
65000,10000,10.74,0.15,13,0
65000,15000,10.36,0.23,17,0
65000,3600,8.88,0.06,15,0
65000,7000,14.35,0.11,11,0
31000,9250,16.49,0.3,13,1
58000,9275,14.72,0.16,16,0
65000,4000,10.75,0.06,15,0
65000,7000,11.49,0.11,11,0
65000,8000,10.62,0.12,14,0
65000,24000,10.99,0.37,13,0
65000,4000,13.48,0.06,12,0
65000,12000,10.62,0.18,17,0
33000,9400,8.9,0.28,16,0
65000,11500,13.92,0.18,16,0
38604,9500,10.62,0.25,11,0
34000,9500,14.46,0.28,15,1
50000,9500,9.88,0.19,15,0
65000,20000,12.21,0.31,13,0
58000,9500,9.96,0.16,15,0
60000,9500,7.14,0.16,12,0
65000,6000,9.32,0.09,16,0
55000,9500,15.62,0.17,12,1
58000,9500,16.35,0.16,16,1
65000,9500,11.89,0.15,14,0
70000,9500,14.22,0.14,14,0
28800,9600,13.49,0.33,16,1
32000,9600,9.88,0.3,14,0
65004,17000,11.26,0.26,13,0
40000,9600,11.11,0.24,11,0
65379,10000,10.39,0.15,13,0
65458,8000,7.29,0.12,13,0
42000,9600,13.23,0.23,15,0
59827,6000,15.58,0.1,15,1
65993,9000,14.59,0.14,15,0
66000,10000,6.62,0.15,12,0
54696,9600,9.99,0.18,12,0
66000,6125,14.65,0.09,17,0
66000,12475,6.62,0.19,11,0
55000,9600,11.26,0.17,16,0
62000,9600,9.32,0.15,11,0
78000,9600,12.99,0.12,16,0
66000,5000,13.48,0.08,11,0
60000,13000,14.11,0.22,14,1
85000,9600,7.51,0.11,15,0
66150,17000,12.73,0.26,17,0
66200,13750,9.88,0.21,16,0
66420,5550,5.99,0.08,11,0
60000,9700,13.61,0.16,11,0
66948,24000,10.62,0.36,12,0
67000,15000,10.37,0.22,15,0
61020,9975,13.99,0.16,11,1
67200,8000,7.9,0.12,11,0
26000,10000,8.49,0.38,13,1
52569,10400,19.47,0.17,12,1
30000,10000,13.49,0.33,12,1
68000,16000,13.49,0.24,13,0
68000,10000,11.49,0.15,13,0
30000,10000,9.25,0.33,16,1
68000,5000,6.99,0.07,15,0
68000,7000,7.29,0.1,11,0
30000,10000,7.51,0.33,14,1
68000,7000,12.61,0.1,11,0
68000,5000,7.51,0.07,17,0
30400,10000,15.7,0.33,15,1
30500,10000,14.22,0.33,12,1
68000,9200,8.94,0.14,11,0
31200,10000,6.91,0.32,15,1
68000,7200,9.63,0.11,15,0
32000,10000,11.71,0.31,11,1
32000,10000,10.38,0.31,15,1
32000,10000,13.79,0.31,15,1
32400,10000,10.0,0.31,14,1
33000,10000,5.99,0.3,11,0
68500,14300,15.31,0.21,17,0
35000,10000,8.49,0.29,11,0
69000,20000,6.54,0.29,12,0
69000,12000,9.32,0.17,13,0
36000,10000,6.03,0.28,15,0
36000,10000,11.11,0.28,11,0
69600,6000,7.9,0.09,13,0
36000,10000,8.94,0.28,11,0
69736,2500,17.04,0.04,14,0
69996,10000,7.66,0.14,12,0
69996,6000,12.53,0.09,11,0
69996,8000,9.32,0.11,17,0
38000,10000,8.59,0.26,15,0
39204,10000,5.99,0.26,12,0
64000,4800,8.9,0.07,17,1
70000,21600,7.51,0.31,11,0
70000,12500,7.9,0.18,12,0
39870,10000,10.65,0.25,14,0
70000,18000,7.9,0.26,12,0
70000,17000,6.03,0.24,13,0
70000,19500,7.9,0.28,14,0
40000,10000,16.29,0.25,12,0
70000,5000,12.69,0.07,12,0
64000,6800,18.39,0.11,12,1
70000,10500,6.99,0.15,12,0
70000,6000,5.42,0.09,16,0
41000,10000,13.79,0.24,16,0
70000,9000,14.54,0.13,17,0
70000,8000,7.29,0.11,13,0
70000,12000,5.79,0.17,14,0
43000,10000,7.9,0.23,16,0
70000,10000,6.17,0.14,15,0
70000,11600,6.91,0.17,17,0
70000,16000,6.91,0.23,14,0
70000,15000,15.2,0.21,15,0
44000,10000,6.91,0.23,15,0
45000,10000,15.99,0.22,14,0
70000,9250,7.51,0.13,17,0
70000,10000,9.88,0.14,14,0
70000,8400,7.88,0.12,15,0
45000,10000,14.22,0.22,12,0
70000,11000,7.51,0.16,12,0
36000,4300,10.91,0.12,17,0
60000,4300,7.49,0.07,17,0
70000,10000,8.59,0.14,12,0
45500,10000,16.29,0.22,15,0
70000,20000,14.26,0.29,13,0
70000,14000,16.7,0.2,13,0
70000,6000,13.79,0.09,15,0
40000,10000,16.0,0.25,12,1
46000,10000,12.53,0.22,14,0
70000,20800,12.21,0.3,11,0
30000,4200,7.49,0.14,13,0
70000,25000,9.76,0.36,12,0
70000,2825,9.64,0.04,17,0
70032,14000,9.99,0.2,14,0
42000,4200,13.35,0.1,17,0
43000,4200,13.49,0.1,14,0
48000,4200,10.59,0.09,14,0
70800,12000,6.62,0.17,11,0
50426,4200,7.49,0.08,11,0
55000,4200,12.69,0.08,16,0
71000,11200,12.42,0.16,11,0
71000,7000,15.38,0.1,12,0
65028,10000,15.95,0.15,14,1
12000,4000,10.62,0.33,11,1
47508,10000,10.74,0.21,16,0
72000,10000,13.49,0.14,11,0
72000,8400,6.62,0.12,11,0
72000,15000,13.49,0.21,17,0
72000,14825,6.03,0.21,12,0
48000,10000,11.86,0.21,16,0
48000,10000,13.22,0.21,16,0
72000,3500,6.99,0.05,13,0
72000,5600,5.42,0.08,15,0
72000,5050,6.99,0.07,16,0
48450,10000,13.61,0.21,15,0
42600,10000,15.62,0.23,12,1
66000,2000,18.39,0.03,12,1
43000,10000,16.89,0.23,12,1
49500,10000,7.66,0.2,14,0
56100,6100,14.79,0.09,14,1
72000,6000,5.99,0.08,11,0
72000,8000,6.92,0.11,12,0
72000,15000,11.86,0.21,15,0
66000,25000,11.86,0.38,13,1
72000,8000,11.49,0.11,14,0
72000,2500,7.51,0.03,14,0
50000,10000,9.63,0.2,14,0
72000,10000,7.14,0.14,13,0
72000,6000,11.36,0.08,17,0
56100,8000,16.07,0.12,14,1
72000,14500,7.88,0.2,12,0
51000,10000,12.69,0.2,15,0
72000,7000,14.96,0.1,17,0
72000,1600,13.92,0.02,16,0
72000,8000,12.21,0.11,14,0
52000,10000,11.71,0.19,14,0
72000,5000,12.92,0.07,16,0
72061,4200,14.17,0.06,14,0
54000,10000,13.23,0.19,17,0
72800,20000,12.84,0.27,12,0
54996,10000,13.47,0.18,13,0
73000,5000,5.99,0.07,15,0
55000,10000,10.99,0.18,13,0
73000,10000,7.29,0.14,12,0
73000,10000,7.51,0.14,14,0
55000,10000,13.79,0.18,13,0
56000,10000,13.06,0.18,11,0
56448,10000,9.99,0.18,17,0
73500,20000,12.18,0.27,17,0
74000,11000,9.91,0.15,15,0
74000,12000,7.51,0.16,17,0
54000,10000,11.71,0.19,15,1
74000,20000,12.68,0.27,16,0
60000,10000,13.49,0.17,12,0
74000,1500,10.62,0.02,16,0
60000,10000,7.51,0.17,11,0
74000,16000,12.73,0.22,16,0
74000,5300,8.38,0.07,12,0
74004,7125,6.62,0.1,14,0
74237,18000,14.35,0.24,15,0
60000,10000,15.95,0.17,14,0
68400,9600,13.49,0.14,16,1
74400,7000,7.49,0.09,14,0
68400,7000,13.48,0.1,11,1
74400,7500,7.05,0.1,11,0
74500,10500,12.09,0.14,13,0
60350,10000,8.94,0.17,17,0
61000,10000,15.96,0.16,15,0
75000,24000,7.51,0.32,13,0
75000,10000,14.27,0.13,17,0
39000,4000,14.65,0.1,15,1
75000,10000,6.62,0.13,17,0
75000,6000,8.9,0.08,11,0
75000,9100,6.03,0.12,13,0
62000,10000,8.49,0.16,14,0
62200,10000,10.39,0.16,11,0
75000,6000,6.03,0.08,11,0
63000,10000,10.51,0.16,11,0
59000,10000,15.62,0.17,13,1
75000,10000,6.99,0.13,13,0
65000,10000,5.42,0.15,14,0
75000,5500,12.87,0.07,16,0
75000,9600,11.99,0.13,11,0
66000,10000,6.62,0.15,12,0
60000,10000,15.99,0.17,14,1
60000,10000,13.24,0.17,15,1
66847,10000,16.0,0.15,14,0
67000,10000,13.49,0.15,12,0
61000,10000,14.11,0.16,12,1
67000,10000,11.66,0.15,15,0
62400,10000,16.82,0.16,15,1
69000,10000,13.48,0.14,16,0
69228,10000,7.49,0.14,13,0
64000,10000,15.28,0.16,12,1
75000,7500,12.23,0.1,16,0
54400,10000,15.33,0.16,15,1
70000,10000,7.88,0.14,13,0
70000,10000,8.59,0.14,14,0
70800,10000,11.36,0.14,12,0
71500,10000,7.14,0.14,14,0
66000,10000,15.99,0.15,12,1
72000,10000,11.49,0.14,14,0
75000,16000,7.88,0.21,14,0
72500,10000,7.9,0.14,11,0
75000,14400,10.25,0.19,15,0
75000,20000,11.36,0.27,11,0
75000,10000,11.99,0.13,12,0
58650,12000,11.14,0.17,16,1
75000,15000,12.18,0.2,16,0
62047,10000,9.63,0.14,13,1
75000,12000,12.84,0.16,11,0
80000,10000,11.49,0.13,12,0
75000,17000,11.78,0.23,11,0
80000,10000,13.61,0.13,14,0
69000,13200,13.24,0.19,14,1
75600,14000,7.51,0.19,14,0
75971,18125,14.84,0.24,12,0
75996,3500,7.29,0.05,13,0
75996,3600,12.87,0.05,11,0
76000,5000,6.03,0.07,14,0
76000,9150,16.29,0.12,16,0
76000,3600,14.79,0.05,12,0
85000,10000,14.27,0.12,14,0
76000,4800,5.42,0.06,16,0
76000,9000,5.99,0.12,12,0
85000,10000,11.12,0.12,12,0
85000,10000,9.32,0.12,16,0
85900,10000,12.53,0.12,13,0
90000,10000,8.94,0.11,12,0
76800,13000,15.96,0.17,13,0
76800,6200,5.99,0.08,17,0
70872,15000,14.84,0.21,11,1
92000,10000,11.71,0.11,16,0
77000,12000,5.99,0.16,16,0
77000,4500,6.99,0.06,12,0
77000,6000,6.99,0.08,12,0
95000,10000,16.49,0.11,16,0
50400,10100,11.49,0.2,16,0
77000,10000,16.35,0.13,13,0
77000,15000,12.29,0.19,15,0
42000,10200,13.16,0.24,14,0
55000,10200,13.92,0.19,16,0
78000,10200,13.06,0.13,13,0
83500,10200,5.79,0.12,14,0
77250,3000,8.59,0.04,15,0
77256,10000,11.86,0.13,11,0
132000,10200,7.51,0.08,13,0
77533,25000,10.99,0.32,14,0
77736,8000,6.03,0.1,17,0
36000,11000,11.97,0.31,16,1
60000,11025,10.59,0.18,12,0
35000,11100,6.62,0.32,14,1
78000,20000,10.99,0.26,11,0
78000,3225,5.79,0.04,13,0
40000,3000,9.91,0.07,15,0
78000,6250,6.76,0.08,16,0
78000,15000,7.88,0.19,16,0
62200,11200,10.59,0.18,16,0
78000,4575,7.74,0.06,14,0
66000,11200,5.79,0.17,12,0
78000,12000,13.57,0.15,11,0
78000,12000,9.83,0.15,11,0
78000,8000,10.78,0.1,13,0
132000,11200,12.68,0.08,12,0
150000,11200,11.14,0.07,11,0
40000,11250,14.27,0.28,12,0
33600,11300,12.17,0.34,11,1
78840,15000,11.71,0.19,13,0
60000,11300,13.61,0.19,14,0
79000,4000,8.88,0.05,12,0
79200,10000,6.03,0.13,14,0
79500,16000,7.51,0.2,13,0
33150,11500,12.98,0.35,15,1
62540,7500,19.04,0.1,12,1
39600,11500,13.48,0.29,15,0
41725,11500,14.09,0.28,13,0
55600,11500,13.22,0.21,11,0
80000,10000,6.03,0.13,15,0
73000,11500,12.21,0.16,11,0
40000,13750,8.88,0.34,16,0
74000,10000,16.29,0.14,14,1
80000,10000,6.62,0.13,14,0
80000,13000,6.62,0.16,13,0
80000,12025,10.65,0.15,16,0
55000,11750,10.99,0.21,17,0
80000,10000,11.49,0.13,14,0
80000,9800,5.99,0.12,17,0
80000,20000,10.99,0.25,15,0
80000,10000,6.99,0.13,15,0
80000,5000,11.99,0.06,17,0
30000,12000,11.83,0.4,11,1
74000,12000,17.99,0.16,15,1
80000,5000,7.29,0.06,16,0
80000,20000,14.54,0.25,13,0
80000,10000,7.29,0.13,16,0
80000,5600,13.43,0.07,13,0
80000,10000,9.99,0.13,13,0
33600,12000,11.36,0.36,13,1
40000,15000,11.48,0.38,14,0
80000,10000,6.17,0.13,13,0
80000,10000,6.54,0.13,13,0
80000,4000,12.98,0.05,13,0
74000,25000,17.8,0.34,11,1
80000,19800,13.23,0.25,13,0
80000,5000,11.86,0.06,15,0
36500,12000,7.51,0.33,11,1
80000,5000,13.85,0.06,15,0
80000,15000,13.11,0.19,16,0
38200,12000,8.94,0.31,14,1
38304,12000,7.88,0.31,12,1
80000,20000,11.83,0.25,13,0
74000,10250,11.48,0.14,15,1
80000,7700,9.63,0.1,11,0
74000,10000,11.03,0.14,15,1
80000,15000,10.71,0.19,14,0
39996,12000,10.74,0.3,16,0
80000,5000,11.22,0.06,13,0
40000,12000,9.91,0.3,16,0
62903,9600,10.0,0.13,12,1
40000,12000,10.59,0.3,11,0
80004,9500,7.51,0.12,12,0
80100,8000,10.38,0.1,16,0
80160,5500,13.92,0.07,13,0
42000,12000,10.37,0.29,11,0
81000,10000,14.27,0.12,16,0
81000,6000,12.99,0.07,17,0
81000,11000,10.36,0.14,14,0
81000,7000,9.99,0.09,11,0
81000,20000,6.17,0.25,14,0
81120,8000,11.12,0.1,12,0
45000,12000,6.91,0.27,12,0
39000,12000,11.14,0.31,15,1
82000,12000,7.51,0.15,17,0
46000,12000,9.91,0.26,16,0
82000,10000,16.49,0.12,12,0
82000,10000,11.99,0.12,13,0
59448,12000,6.54,0.2,16,0
82359,6600,7.66,0.08,13,0
82500,11000,10.65,0.13,11,0
54000,12000,14.22,0.22,12,1
83000,3000,9.91,0.04,17,0
83000,3000,11.83,0.04,12,0
83000,13000,11.97,0.16,14,0
24000,3000,19.03,0.13,11,1
24000,3000,14.12,0.13,11,1
83625,13200,7.51,0.16,12,0
84000,6000,12.69,0.07,13,0
27599,3000,10.25,0.11,17,0
84000,8225,12.99,0.1,11,0
84000,15000,9.63,0.18,16,0
29120,3000,12.49,0.1,14,1
84000,12000,5.42,0.14,16,0
84000,9875,7.51,0.12,15,0
84000,1000,7.51,0.01,16,0
84000,17925,14.26,0.21,16,0
84000,4000,9.63,0.05,12,0
84240,14000,11.89,0.17,17,0
84996,3500,12.69,0.04,16,0
65000,12000,16.49,0.18,17,0
65000,12000,13.98,0.18,15,0
68640,12000,9.33,0.17,16,0
85000,5000,14.27,0.06,16,0
85000,15000,6.03,0.18,15,0
85000,5500,12.69,0.06,11,0
85000,10000,9.99,0.12,16,0
85000,8000,11.99,0.09,17,0
85000,6000,10.99,0.07,14,0
72800,12000,7.66,0.16,12,0
85000,5600,5.42,0.07,13,0
85000,8500,15.58,0.1,12,0
37000,6075,11.86,0.16,14,0
85000,5000,11.86,0.06,15,0
85000,10000,7.51,0.12,13,0
42000,3000,7.51,0.07,13,0
85000,5500,6.76,0.06,12,0
37000,10000,13.79,0.27,13,0
85000,10000,12.87,0.12,11,0
85000,8000,14.96,0.09,14,0
75000,12000,7.9,0.16,16,0
36700,2000,7.51,0.05,16,0
85000,12000,9.32,0.14,13,0
85000,1000,7.68,0.01,12,0
85000,10000,8.07,0.12,15,0
85000,5000,7.43,0.06,13,0
85280,7000,10.62,0.08,12,0
86000,8500,6.03,0.1,11,0
62900,6250,13.49,0.08,12,1
75744,12000,14.91,0.16,12,1
82000,12000,13.24,0.15,13,0
83000,12000,10.99,0.14,17,0
86004,10000,9.99,0.12,14,0
36000,4000,16.29,0.11,11,0
86044,6500,7.74,0.08,13,0
84695,12000,7.29,0.14,14,0
86500,6500,7.14,0.08,13,0
86500,10000,10.25,0.12,16,0
85000,12000,6.03,0.14,12,0
86760,5000,15.58,0.06,12,0
86807,10000,8.94,0.12,15,0
85000,12000,10.74,0.14,13,0
75000,15600,17.27,0.21,11,1
75000,4800,15.58,0.06,15,1
88000,12000,6.62,0.14,17,0
87000,9000,16.0,0.1,12,0
87000,20000,12.41,0.23,17,0
90000,12000,7.51,0.13,13,0
87048,17600,7.9,0.2,13,0
87950,14250,11.89,0.16,14,0
93000,12000,13.48,0.13,12,0
88000,4000,7.14,0.05,17,0
88000,12000,7.51,0.14,17,0
95000,12000,10.99,0.13,11,0
88000,1000,13.48,0.01,11,0
73100,12000,16.77,0.14,13,1
88296,15000,10.14,0.17,14,0
88400,20000,13.92,0.23,14,0
100000,12000,10.74,0.12,14,0
88824,3600,6.62,0.04,17,0
89000,6000,5.42,0.07,13,0
77000,16000,14.09,0.21,12,1
89000,5000,6.91,0.06,15,0
36000,2000,13.57,0.06,12,0
120000,12000,9.62,0.1,12,0
90000,15000,13.49,0.17,15,0
125000,12000,13.49,0.1,12,0
125000,12000,7.66,0.1,14,0
90000,3800,6.03,0.04,14,0
90000,12000,6.62,0.13,13,0
113000,12000,16.0,0.11,15,1
90000,2800,10.65,0.03,14,0
90000,13200,6.62,0.15,13,0
90000,4000,6.62,0.04,16,0
78000,15000,15.27,0.19,17,1
48000,12150,5.79,0.25,14,0
90000,7000,6.99,0.08,16,0
90000,2500,11.99,0.03,13,0
90000,18000,10.99,0.2,11,0
90000,21000,10.59,0.23,11,0
90000,10500,7.66,0.12,12,0
78000,5600,10.74,0.07,12,1
90000,4600,11.11,0.05,11,0
36000,12375,14.27,0.34,16,1
41000,12400,10.65,0.3,14,0
44196,12400,11.26,0.28,14,0
35000,13250,11.71,0.38,14,0
90000,22000,8.88,0.24,12,0
90000,15000,14.46,0.17,11,0
78000,7000,5.42,0.09,15,1
90000,8000,7.51,0.09,16,0
78000,9600,13.98,0.12,13,1
90000,3000,7.14,0.03,14,0
47000,2800,9.62,0.06,11,0
48956,2800,10.59,0.06,13,0
90000,24000,11.36,0.27,13,0
90000,14000,12.73,0.16,12,0
35000,6000,11.49,0.17,13,0
35000,6800,8.49,0.19,15,0
90000,9600,13.92,0.11,17,0
90000,2800,11.11,0.03,13,0
78000,20000,16.35,0.26,14,1
90000,20000,14.61,0.22,11,0
25000,2775,15.65,0.11,14,1
35000,1800,16.49,0.05,12,0
90000,9300,11.83,0.1,17,0
24000,2700,14.27,0.11,17,0
29676,2700,12.84,0.09,17,0
90000,22000,12.67,0.24,15,0
91000,2400,10.74,0.03,16,0
91000,7900,8.59,0.09,14,0
91200,9000,12.68,0.1,16,0
91992,3350,5.42,0.04,11,0
82500,2575,6.76,0.03,11,0
92000,20000,14.79,0.22,16,0
92000,4000,7.29,0.04,11,0
92000,12000,7.66,0.13,15,0
92000,8000,9.63,0.09,13,0
92000,12000,11.14,0.13,14,0
92000,12000,14.11,0.13,12,0
92904,5375,10.51,0.06,16,0
93000,7000,7.14,0.08,13,0
93000,18000,12.18,0.19,11,0
81000,7000,9.45,0.09,14,1
182500,12500,5.42,0.07,14,0
94000,4200,5.99,0.04,12,0
82000,8400,12.84,0.1,17,1
94128,4400,7.29,0.05,13,0
94185,10000,9.32,0.11,15,0
56004,12800,11.48,0.23,15,0
94800,7400,7.88,0.08,16,0
95000,13000,10.65,0.14,11,0
95000,5000,10.65,0.05,16,0
95000,5000,6.03,0.05,16,0
95000,8000,12.69,0.08,14,0
95000,7500,6.03,0.08,13,0
95000,21200,9.91,0.22,14,0
50000,13000,13.16,0.26,13,0
46000,13000,15.7,0.28,13,1
52680,13000,6.92,0.25,15,0
83000,24000,14.91,0.29,12,1
95000,3000,5.42,0.03,12,0
33600,4000,6.39,0.12,11,0
95000,3250,13.35,0.03,13,0
65000,13000,12.99,0.2,12,0
95000,20000,14.84,0.21,11,0
70000,13000,11.99,0.19,17,0
95000,21600,13.92,0.23,11,0
83000,2800,12.18,0.03,13,1
83000,12000,16.0,0.14,15,1
95000,4000,9.63,0.04,12,0
95000,10000,10.95,0.11,15,0
110000,13000,9.91,0.12,17,0
95892,15000,12.18,0.16,14,0
130000,13000,9.88,0.1,16,0
96000,6000,6.03,0.06,16,0
96000,10000,12.69,0.1,11,0
43000,13600,15.58,0.32,12,1
96000,5100,5.42,0.05,14,0
45760,13650,10.25,0.3,13,0
66000,13650,12.42,0.21,11,0
33000,13750,13.79,0.42,11,1
67300,13800,13.99,0.21,16,0
32560,6000,8.94,0.18,16,0
96000,1500,14.26,0.02,14,0
45000,14000,11.36,0.31,16,1
97000,14000,11.71,0.14,13,0
48300,14000,13.22,0.29,14,0
32000,3600,13.49,0.11,11,0
52000,14000,11.71,0.27,12,0
32000,12150,6.62,0.38,13,0
52000,14000,13.16,0.27,11,0
98000,8000,13.49,0.08,16,0
98000,5000,10.99,0.05,17,0
98000,5200,9.63,0.05,16,0
98000,12000,10.37,0.12,17,0
98000,18000,11.58,0.18,11,0
55000,14000,11.48,0.25,16,0
32000,1200,7.14,0.04,16,0
98004,6000,5.42,0.06,15,0
98004,12000,13.57,0.12,15,0
99000,10000,12.68,0.1,11,0
99000,8000,9.25,0.08,14,0
99500,4000,7.74,0.04,16,0
99996,14400,12.23,0.14,16,0
62000,14000,12.69,0.23,12,0
62004,14000,8.9,0.23,17,0
99996,25000,14.96,0.25,13,0
62500,14000,10.25,0.22,16,0
100000,9350,7.51,0.09,14,0
100000,16000,6.62,0.16,16,0
59000,14000,13.8,0.24,14,1
31200,6600,5.42,0.21,12,0
70000,14000,11.26,0.2,16,0
100000,18400,5.99,0.18,15,0
100000,6000,8.49,0.06,15,0
75000,14000,6.03,0.19,14,0
88000,6000,11.99,0.07,12,1
82000,14000,10.37,0.17,13,0
73000,14000,16.02,0.19,17,1
100000,5500,10.37,0.06,13,0
100000,2500,9.99,0.03,15,0
100000,14000,13.23,0.14,14,0
88000,7750,13.23,0.09,14,1
105000,14000,6.03,0.13,11,0
100000,8000,6.76,0.08,11,0
100000,6000,7.14,0.06,17,0
125004,14000,12.61,0.11,12,0
126251,14000,7.66,0.11,17,0
130000,14000,10.37,0.11,14,0
100000,15000,9.88,0.15,11,0
100000,3000,7.14,0.03,11,0
150000,14000,6.91,0.09,12,0
180000,14000,6.03,0.08,15,0
100000,9600,13.22,0.1,17,0
100000,5000,14.26,0.05,15,0
100000,6000,14.11,0.06,16,0
100000,4800,13.47,0.05,13,0
119000,14250,7.66,0.12,16,0
100010,8000,9.99,0.08,15,0
100111,20000,13.49,0.2,11,0
100280,17850,11.99,0.18,17,0
74880,14300,7.51,0.19,16,0
101000,2500,13.47,0.02,17,0
101004,12000,5.79,0.12,11,0
101500,15000,11.14,0.15,14,0
48000,14400,8.49,0.3,15,0
102000,7500,11.49,0.07,17,0
102000,7000,6.92,0.07,12,0
60000,14400,10.62,0.24,15,0
102031,12000,14.96,0.12,11,0
102300,8800,11.58,0.09,11,0
75000,14400,12.53,0.19,11,0
103000,12600,9.32,0.12,11,0
85000,14400,11.99,0.17,14,0
103970,15000,14.35,0.14,14,0
30000,8000,9.99,0.27,15,0
96500,14400,15.2,0.15,11,1
104800,14000,6.03,0.13,11,0
105000,12350,6.62,0.12,11,0
105000,2400,13.06,0.02,17,0
42000,14500,15.57,0.35,14,1
105000,21000,10.25,0.2,15,0
80004,14500,11.26,0.18,14,0
105000,11000,9.32,0.1,13,0
105000,9000,9.32,0.09,12,0
46152,14525,11.11,0.31,16,1
93000,7500,12.86,0.08,15,1
80409,14550,8.94,0.18,11,0
105201,15000,6.91,0.14,15,0
105398,20700,17.43,0.2,12,0
105859,12000,11.99,0.11,15,0
106000,4025,7.49,0.04,14,0
106000,5000,12.99,0.05,12,0
106000,10200,9.32,0.1,15,0
107000,4000,13.49,0.04,14,0
107004,15000,10.0,0.14,16,0
107004,13000,11.83,0.12,15,0
30000,7500,10.39,0.25,11,0
108000,14000,8.9,0.13,12,0
108000,10000,11.11,0.09,11,0
35416,2000,6.91,0.06,14,0
108000,4000,7.74,0.04,11,0
108000,7000,7.74,0.06,14,0
108639,18000,10.75,0.17,13,0
109000,16000,7.05,0.15,14,0
109000,12800,13.79,0.12,12,0
39996,2000,11.49,0.05,11,0
110000,10800,14.27,0.1,17,0
110000,16000,6.03,0.15,12,0
42000,2000,10.38,0.05,17,0
110000,3000,8.49,0.03,17,0
42000,2000,13.23,0.05,15,0
42000,2000,11.14,0.05,11,0
110000,5000,11.49,0.05,14,0
110000,12000,12.99,0.11,11,0
110000,16000,11.99,0.15,17,0
110000,20000,11.11,0.18,16,0
110000,3000,7.51,0.03,16,0
110000,24000,11.36,0.22,11,0
50000,2000,11.49,0.04,17,0
110000,12000,7.88,0.11,16,0
110000,6000,8.94,0.05,14,0
44004,2000,13.61,0.05,13,1
110000,15000,9.63,0.14,15,0
110004,25000,12.73,0.23,14,0
28000,1600,9.99,0.06,17,0
28000,2000,7.74,0.07,16,0
100000,10000,16.0,0.1,13,1
114000,19000,9.99,0.17,12,0
114000,19200,11.36,0.17,15,0
114440,3000,8.59,0.03,17,0
114996,12500,6.54,0.11,11,0
44531,15000,12.53,0.34,13,1
115000,10000,5.42,0.09,15,0
45000,15000,13.49,0.33,12,1
39000,15000,10.99,0.38,12,1
115000,8000,8.94,0.07,11,0
115000,20000,14.61,0.17,11,0
39000,15000,10.96,0.38,12,1
116000,10000,6.03,0.09,15,0
47000,15000,16.4,0.32,11,1
116000,5000,10.25,0.04,17,0
117000,10700,14.27,0.09,14,0
117000,20400,13.06,0.17,11,0
117000,8000,13.06,0.07,13,0
117000,10000,8.94,0.09,11,0
117400,16000,10.75,0.14,16,0
39996,1800,9.63,0.05,13,0
26400,4750,12.73,0.18,14,0
118000,11400,10.59,0.1,12,0
118000,25000,12.18,0.21,12,0
47840,15000,12.42,0.31,12,1
48000,15000,13.98,0.31,15,1
119004,5000,11.49,0.04,13,0
43439,15000,12.73,0.35,15,1
50000,15000,8.9,0.3,14,0
108000,12000,6.99,0.11,13,1
120000,14500,5.42,0.12,15,0
50000,15000,13.22,0.3,11,0
120000,9600,10.59,0.08,14,0
120000,15000,10.99,0.13,12,0
25000,5000,9.91,0.2,11,0
108000,20000,14.54,0.19,14,1
120000,5575,15.2,0.05,13,0
25000,8500,7.51,0.34,11,0
120000,12000,5.79,0.1,11,0
91800,20000,14.84,0.19,12,1
91800,8400,14.84,0.08,14,1
120000,9250,11.86,0.08,13,0
120000,6000,10.38,0.05,11,0
120000,20000,10.25,0.17,11,0
120000,12000,10.99,0.1,12,0
120000,25000,10.99,0.21,11,0
120000,23600,14.96,0.2,13,0
25000,8000,7.51,0.32,14,0
120000,17000,10.51,0.14,15,0
108000,14400,13.67,0.13,16,1
120000,10000,13.3,0.08,13,0
53550,1600,12.21,0.03,16,1
120996,4000,7.66,0.03,15,0
11820,1500,11.11,0.13,11,0
122000,12000,11.83,0.1,11,0
122500,9150,6.03,0.07,12,0
17000,1500,15.23,0.09,13,1
17496,1500,11.14,0.09,13,1
123600,12000,6.92,0.1,14,0
123735,6400,6.99,0.05,16,0
124000,2000,12.99,0.02,16,0
124000,19000,13.92,0.15,16,0
24000,4500,12.99,0.19,14,0
125000,12000,6.03,0.1,14,0
22800,1500,7.29,0.07,16,0
125000,4500,6.62,0.04,11,0
125000,14975,6.03,0.12,16,0
25140,1500,14.22,0.06,13,1
125000,10200,7.49,0.08,13,0
54000,15000,14.26,0.28,12,0
125000,8800,7.88,0.07,13,0
125000,20000,13.11,0.16,13,0
56000,15000,13.47,0.27,15,0
125000,8000,9.32,0.06,15,0
57000,15000,13.43,0.26,12,0
126000,6000,10.65,0.05,12,0
58000,15000,13.48,0.26,15,0
126000,14000,9.99,0.11,14,0
24000,3000,7.74,0.13,11,0
115000,10000,11.11,0.09,11,1
60000,15000,12.42,0.25,15,0
98600,7750,15.31,0.07,14,1
60000,15000,13.49,0.25,17,0
60000,15000,16.32,0.25,13,0
60000,15000,13.57,0.25,12,0
118000,9600,13.99,0.08,12,1
130000,11000,10.74,0.08,11,0
65000,15000,10.59,0.23,17,0
132000,8000,13.49,0.06,17,0
132000,7500,7.29,0.06,15,0
65000,15000,13.72,0.23,11,0
123000,2500,14.91,0.02,14,1
135000,20000,9.25,0.15,13,0
68000,15000,13.47,0.22,12,0
62962,15000,11.71,0.24,13,1
136000,4800,14.72,0.04,15,0
136173,8000,6.62,0.06,15,0
137000,23000,7.9,0.17,13,0
138000,4000,15.62,0.03,12,0
138000,9900,6.99,0.07,14,0
138000,10000,13.98,0.07,12,0
71000,15000,8.88,0.21,15,0
139380,9000,7.51,0.06,12,0
140000,7500,6.62,0.05,15,0
140000,10000,15.62,0.07,11,0
140000,18000,9.99,0.13,11,0
140000,8000,6.99,0.06,11,0
72900,15000,12.68,0.21,12,0
140000,7000,7.29,0.05,17,0
140000,25000,13.8,0.18,12,0
74000,15000,11.71,0.2,11,0
140000,25000,9.99,0.18,12,0
140000,10000,14.09,0.07,16,0
140000,14000,7.51,0.1,12,0
74784,15000,14.5,0.2,15,0
75000,15000,7.29,0.2,11,0
128000,20000,13.11,0.16,15,1
140000,20800,11.48,0.15,11,0
140000,21500,11.83,0.15,14,0
140000,8000,10.95,0.06,14,0
140004,10000,6.92,0.07,11,0
140400,14000,10.99,0.1,14,0
141000,6000,10.99,0.04,14,0
141000,15000,12.53,0.11,16,0
141600,6000,11.49,0.04,16,0
142000,15000,10.99,0.11,14,0
75000,15000,13.48,0.2,17,0
142500,20000,11.49,0.14,15,0
69000,15000,14.42,0.22,12,1
144000,7600,15.23,0.05,16,0
144000,10000,14.17,0.07,14,0
144000,25000,10.08,0.17,11,0
145000,21000,11.99,0.14,15,0
145000,5000,9.62,0.03,16,0
145000,15000,7.88,0.1,15,0
146000,10000,13.99,0.07,16,0
19200,4500,13.49,0.23,14,1
148350,5000,6.03,0.03,16,0
81996,15000,14.09,0.18,16,0
150000,16000,8.49,0.11,12,0
150000,20000,12.99,0.13,14,0
150000,7200,6.92,0.05,13,0
150000,7000,7.29,0.05,15,0
150000,12000,10.37,0.08,12,0
150000,7500,10.0,0.05,13,0
88000,15000,14.83,0.17,12,0
18720,2500,11.86,0.13,15,0
150000,10000,13.48,0.07,12,0
150000,12000,11.14,0.08,17,0
150000,24000,11.83,0.16,13,0
138000,20000,11.14,0.14,12,1
92500,15000,7.49,0.16,14,0
150000,7500,8.07,0.05,15,0
150750,8150,6.99,0.05,17,0
49000,15175,19.13,0.31,11,1
155000,25000,10.74,0.16,11,0
156000,18000,11.99,0.12,17,0
156000,4000,8.49,0.03,15,0
156000,15000,11.89,0.1,11,0
145124,11375,10.99,0.08,14,1
160000,12000,14.27,0.07,17,0
66000,15575,14.27,0.24,13,0
160000,14000,6.62,0.09,13,0
69000,15600,10.99,0.23,16,0
160000,10000,7.51,0.06,13,0
160000,10000,12.73,0.06,15,0
45000,15775,10.99,0.35,12,1
56472,15775,10.59,0.28,14,0
165000,9000,7.51,0.05,16,0
75996,16000,8.94,0.21,12,0
168000,8775,8.49,0.05,12,0
170000,20000,11.11,0.12,11,0
82000,16000,10.99,0.2,16,0
88712,16000,10.95,0.18,15,0
175000,7000,12.99,0.04,13,0
138550,23000,14.96,0.14,12,1
175000,10000,11.26,0.06,17,0
178000,9000,10.99,0.05,17,0
180000,18000,9.91,0.1,11,0
180000,14000,5.99,0.08,11,0
185000,6000,10.0,0.03,15,0
185000,4000,10.0,0.02,11,0
187000,14000,8.9,0.07,16,0
108996,16000,13.11,0.15,13,0
98000,16000,16.4,0.16,15,1
195000,10000,12.73,0.05,12,0
200000,20000,7.51,0.1,11,0
120000,16000,13.06,0.13,16,0
204000,10000,13.06,0.05,13,0
205000,18000,10.39,0.09,14,0
171870,9400,15.62,0.05,11,1
74000,19200,12.87,0.26,12,1
45000,19750,13.35,0.44,14,1
8088,1600,14.42,0.2,11,1
7200,1000,11.14,0.14,13,0
6000,1300,6.03,0.22,11,1
28800,6000,15.96,0.21,13,0
79500,16000,7.51,0.2,14,0
46000,5000,10.38,0.11,15,1
70000,12500,7.9,0.18,13,0
25000,7500,10.99,0.3,15,0
94128,4400,7.29,0.05,11,0
85000,5750,12.99,0.07,14,0
37500,1375,6.91,0.04,15,0
74784,15000,14.5,0.2,11,0
35820,3275,8.88,0.09,13,0
47000,6000,7.14,0.13,14,0
43680,15000,13.11,0.34,17,0
32400,8000,15.99,0.25,12,0
88000,8000,10.38,0.09,11,0
38000,7000,15.99,0.18,16,1
160000,14000,6.62,0.09,16,0
55000,11700,7.66,0.21,13,0
20004,4375,10.74,0.22,11,0
52000,14000,13.16,0.27,15,0
15864,2375,11.11,0.15,12,0
84000,9875,7.51,0.12,14,0
81000,11000,10.36,0.14,14,0
74568,6000,14.26,0.08,16,0
33280,8400,13.92,0.25,17,0
65000,3100,13.49,0.05,16,0
35000,1500,13.06,0.04,13,0
60000,3000,12.53,0.05,15,0
110000,12000,12.99,0.11,11,0
58800,22000,17.74,0.37,13,1
18720,2500,11.86,0.13,16,0
90000,20000,6.91,0.22,15,0
48000,7500,16.29,0.16,12,0
60000,10000,15.99,0.17,17,1
12000,2000,10.65,0.17,16,1
41496,5000,15.31,0.12,12,1
68000,10000,11.49,0.15,16,0
140000,15000,17.88,0.11,11,0
45600,10000,13.49,0.22,15,0
50000,7200,13.98,0.14,17,0
52000,7000,13.85,0.13,14,1
41500,5000,7.29,0.12,14,0
33600,12000,11.36,0.36,16,1
108000,20000,16.32,0.19,13,1
62000,8000,11.12,0.13,12,0
17108,4375,7.51,0.26,13,1
26880,4500,7.66,0.17,14,0
140000,21500,11.83,0.15,11,0
69000,4000,16.29,0.06,13,1
45000,9000,11.71,0.2,16,1
100000,6000,11.99,0.06,13,0
40000,9200,7.49,0.23,15,0
37000,7400,8.0,0.2,15,0
31200,6400,11.49,0.21,16,0
200000,20000,11.48,0.1,11,0
63996,12000,10.25,0.19,12,0
48000,1500,13.92,0.03,11,1
40000,6000,14.54,0.15,11,0
39996,2500,5.42,0.06,12,0
25000,3000,8.7,0.12,14,0
65000,11500,13.92,0.18,14,0
95000,21600,13.92,0.23,12,0
50000,6000,14.96,0.12,15,0
104800,14000,6.03,0.13,14,0
120000,14500,5.42,0.12,13,0
55059,24000,12.53,0.44,11,1
21600,3500,13.61,0.16,13,0
72000,1600,13.92,0.02,12,0
45000,14000,6.62,0.31,12,0
74237,18000,14.35,0.24,17,0
182500,12500,5.42,0.07,11,0
65000,7000,14.35,0.11,17,0
22800,7000,6.03,0.31,12,0
214200,9400,15.62,0.04,12,0
27040,4800,8.59,0.18,13,0
50000,4350,10.99,0.09,16,0
74004,7125,6.62,0.1,14,0
38500,7500,8.49,0.19,12,0
62400,2400,7.49,0.04,14,0
18000,2000,7.29,0.11,11,0
80000,2500,10.99,0.03,13,0
114000,19200,11.36,0.17,17,0
81000,10000,14.27,0.12,11,0
37000,3500,12.87,0.09,13,0
60000,6000,14.96,0.1,11,0
18000,3000,5.42,0.17,13,1
36000,9000,5.79,0.25,14,0
55900,17000,8.7,0.3,11,0
74000,9000,12.84,0.12,15,0
60000,3600,6.99,0.06,13,0
201000,13500,11.49,0.07,16,0
74400,7500,7.05,0.1,14,0
37800,7000,11.49,0.19,16,0
69600,6000,7.9,0.09,12,0
80000,6000,8.94,0.07,11,0
71599,6000,9.63,0.08,14,0
30000,2100,12.42,0.07,16,0
65000,6500,5.79,0.1,12,0
118000,11400,10.59,0.1,16,0
40000,13750,8.88,0.34,14,0
78000,15000,14.46,0.19,13,1
29000,1200,12.42,0.04,11,0
145124,11375,10.99,0.08,11,1
32878,13775,12.98,0.42,11,1
70000,18000,7.9,0.26,14,0
233000,15000,11.83,0.06,12,0
76872,15000,14.84,0.2,11,0
125000,10200,7.49,0.08,14,0
42000,5000,7.49,0.12,12,0
51000,4775,11.14,0.09,11,0
52000,12000,7.29,0.23,13,0
55000,10000,6.03,0.18,11,0
78000,20000,10.99,0.26,12,0
100000,5000,14.26,0.05,12,0
73000,11500,12.21,0.16,13,0
63000,14900,9.63,0.24,17,0
54000,5000,13.23,0.09,12,1
66000,5000,12.92,0.08,16,1
55000,11750,10.99,0.21,16,0
48000,3500,14.35,0.07,17,0
95000,17000,10.0,0.18,12,0
62400,10000,16.82,0.16,15,1
45996,20000,14.61,0.43,13,1
61000,1000,9.45,0.02,12,0
52000,6000,10.99,0.12,14,0
100000,12000,10.74,0.12,12,0
119004,5000,11.49,0.04,13,0
46000,13000,15.7,0.28,15,1
38200,8875,19.03,0.23,11,0
31000,7200,11.99,0.23,16,0
60000,2500,7.29,0.04,13,0
103000,20000,14.61,0.19,16,1
136000,21000,9.99,0.15,13,0
42000,2000,15.62,0.05,14,0
68000,7000,7.51,0.1,16,0
18720,6000,15.99,0.32,12,1
29500,1250,11.83,0.04,11,0
12360,4000,9.99,0.32,13,1
50000,5000,11.89,0.1,12,0
30000,8000,14.96,0.27,12,0
95000,5000,10.65,0.05,11,0
48000,3000,5.42,0.06,16,0
24000,3000,14.12,0.13,12,1
186000,3000,6.39,0.02,13,0
45000,7200,9.63,0.16,11,0
35000,8000,13.22,0.23,16,0
65000,9000,6.91,0.14,14,0
40000,12000,9.91,0.3,15,0
42320,7475,13.49,0.18,13,0
25000,2775,15.65,0.11,12,1
130000,13000,9.88,0.1,14,0
90000,12000,7.51,0.13,11,0
34000,5000,10.65,0.15,15,0
51850,10000,14.11,0.16,12,1
58000,18200,10.99,0.31,17,1
52400,21000,10.38,0.4,15,0
24000,5000,14.65,0.21,15,0
83000,12000,16.0,0.14,12,1
36000,2500,9.76,0.07,12,0
102300,8800,11.58,0.09,11,0
21408,1500,11.12,0.07,17,0
78000,6250,6.76,0.08,16,0
50000,8000,7.68,0.16,11,0
80000,25000,15.33,0.31,11,0
84996,3500,12.69,0.04,13,0
24000,4000,16.07,0.17,16,1
31000,8000,14.11,0.26,14,1
50000,15000,13.22,0.3,15,0
30000,10000,11.22,0.33,14,0
32000,10000,11.71,0.31,14,1
15000,5000,13.92,0.33,11,1
145000,5000,9.62,0.03,12,0
72000,8000,6.92,0.11,16,0
16800,1200,13.06,0.07,14,0
69000,15600,10.99,0.23,12,0
53808,15000,11.71,0.28,16,0
32004,5000,10.62,0.16,13,0
56004,12800,11.48,0.23,12,0
73000,9975,16.29,0.14,17,1
26500,2000,13.16,0.08,12,0
60000,5000,11.72,0.08,13,0
61000,11000,16.02,0.18,12,1
42000,8400,13.49,0.2,14,0
72194,17000,8.88,0.24,14,0
24000,1500,9.63,0.06,14,0
75000,14400,12.53,0.19,15,0
52106,5000,12.84,0.1,13,1
18000,3000,13.23,0.17,17,1
120000,12000,10.99,0.1,12,0
24168,9925,13.06,0.41,12,1
55000,18000,7.88,0.33,14,1
148350,5000,6.03,0.03,11,0
97000,3000,9.25,0.03,13,0
59484,5500,7.14,0.09,14,0
48956,2800,10.59,0.06,14,0
58000,5000,6.62,0.09,17,0
140000,18000,9.99,0.13,12,0
30000,10000,9.25,0.33,13,1
98240,20000,16.35,0.2,12,0
64200,3000,7.74,0.05,17,0
24000,4000,14.72,0.17,12,0
65000,7000,7.88,0.11,17,0
15000,2400,9.91,0.16,13,1
64600,10000,16.49,0.13,12,1
31000,2500,8.9,0.08,15,0
60000,8000,13.92,0.13,14,0
45840,4600,10.99,0.1,14,0
55000,14000,11.48,0.25,14,0
20640,3500,12.61,0.17,12,0
64000,4800,12.73,0.07,11,0
73000,10000,7.51,0.14,13,0
17280,1000,16.29,0.06,13,0
180000,20000,11.48,0.11,15,1
59617,21000,15.62,0.35,14,0
100000,2500,9.99,0.03,16,0
150000,12000,10.37,0.08,15,0
54000,12000,10.62,0.22,17,0
24000,2700,14.27,0.11,11,0
45000,8000,9.63,0.18,14,0
113000,12000,16.0,0.11,15,1
66000,6125,14.65,0.09,13,0
91200,9000,12.68,0.1,11,0
60000,12000,12.73,0.2,17,0
100010,8000,9.99,0.08,17,0
48000,17500,12.18,0.36,11,0
132000,11200,12.68,0.08,11,0
86000,20000,14.54,0.23,13,1
24000,8500,7.49,0.35,12,1
54000,9000,15.65,0.17,14,1
120000,20000,14.84,0.17,11,0
138000,9900,6.99,0.07,14,0
75000,17000,7.9,0.23,13,0
80000,13000,6.62,0.16,16,0
92000,12000,7.66,0.13,13,0
136000,4800,14.72,0.04,12,0
70000,10000,7.88,0.14,17,0
48000,5000,13.43,0.1,17,0
95000,10000,10.95,0.11,11,0
65000,5000,9.63,0.08,17,0
37000,6000,12.99,0.16,11,0
65000,12000,13.98,0.18,12,0
43000,15000,8.88,0.35,15,0
46000,10000,7.9,0.22,16,0
45000,12000,14.72,0.27,13,0
65000,7000,11.49,0.11,15,0
138000,10000,13.98,0.07,15,0
86500,10000,10.25,0.12,14,0
47000,7500,6.62,0.16,13,0
38400,6825,8.9,0.18,11,0
43439,15000,12.73,0.35,15,1
68480,3600,15.23,0.05,11,0
93000,12000,13.48,0.13,13,0
52479,6600,14.54,0.13,17,1
36000,6000,13.99,0.17,12,0
73000,5000,11.86,0.07,16,1
61000,10000,10.25,0.16,14,0
35000,5600,11.11,0.16,17,0
59475,18125,14.84,0.26,13,1
21600,3000,12.18,0.14,14,0
40000,1000,10.37,0.03,16,0
80000,5600,13.43,0.07,17,0
46680,8000,15.21,0.17,15,0
180000,18000,9.91,0.1,12,0
51600,1500,11.86,0.03,12,0
32000,10000,13.79,0.31,14,1
90000,3000,7.14,0.03,17,0
43000,2500,12.84,0.06,14,0
50426,4200,7.49,0.08,14,0
30132,3000,13.85,0.1,14,1
66000,6000,11.89,0.09,16,0
60000,15000,16.32,0.25,16,0
53800,18200,18.25,0.34,12,1
24000,4500,12.99,0.19,12,0
64000,6000,7.29,0.09,12,0
48686,12000,13.99,0.25,13,0
44000,8000,17.49,0.18,15,1
99996,25000,14.96,0.25,11,0
90000,4000,6.62,0.04,15,0
200000,3000,7.68,0.01,12,0
110000,16000,11.99,0.15,13,0
92000,4000,7.29,0.04,13,0
30000,5000,12.73,0.17,18,0
75400,6125,7.74,0.08,18,0
45000,8400,13.11,0.19,18,0
83768,12000,11.86,0.14,18,0
125000,8400,9.63,0.07,18,0
129000,9000,11.49,0.07,18,1
30000,5000,12.73,0.17,18,0
